slug,corpus,cycle,k,attestation,trust_chain,least_privilege,declarative_policy,continuous_adaptive,immutability,audit_evidence,cryptographic_identity,segmentation,s2_x,s2_y,s2_z,gap,collision_class_id,collision_class_size
0pointer-mastery,skills,1,9,1,1,1,1,1,1,1,1,1,0.6722376930131564,-0.11210645872304956,0.7317982139940807,0,0,795
api-and-interface-design,skills,1,8,1,1,1,1,0,1,1,1,1,0.6484564351097944,0.3633061646667195,0.6689640367612114,0.48013627704469514,1,107
arm-trusted-firmware-optee,skills,1,8,1,1,1,1,0,1,1,1,1,0.6484564351097944,0.3633061646667195,0.6689640367612114,0.48013627704469514,1,107
ascii-uart-animator,skills,1,1,0,0,0,0,0,0,0,0,1,-0.5799792611303837,-0.13299044262204365,0.8037024317680314,1.2544535294548387,2,10
audit-evidence-packaging,skills,1,9,1,1,1,1,1,1,1,1,1,0.6722376930131564,-0.11210645872304956,0.7317982139940807,0,0,795
bcvk-virtualization,skills,1,8,1,1,1,1,0,1,1,1,1,0.6484564351097944,0.3633061646667195,0.6689640367612114,0.48013627704469514,1,107
bootc-images,skills,1,7,1,0,1,1,0,1,1,1,1,0.7224690877747492,0.5600626287125012,0.4054235675556674,0.7489024535688446,3,4
browser-testing-with-devtools,skills,1,8,1,1,1,0,1,1,1,1,1,0.760081539205725,-0.30745782868403515,0.5724908185635421,0.2669410895654686,4,8
ci-cd-and-automation,skills,1,8,1,1,1,0,1,1,1,1,1,0.760081539205725,-0.30745782868403515,0.5724908185635421,0.2669410895654686,4,8
code-review-and-quality,skills,1,6,1,1,0,0,0,1,1,1,1,0.39960424564710456,0.8949661516850658,0.19837347150975704,1.1717790726717134,5,8
code-simplification,skills,1,8,1,1,1,1,0,1,1,1,1,0.6484564351097944,0.3633061646667195,0.6689640367612114,0.48013627704469514,1,107
composefs-kernel-floors,skills,1,5,1,1,0,0,0,1,0,1,1,-0.2085222948952097,0.8929814207387285,-0.3988767162257997,1.7505329472960658,6,3
context-engineering,skills,1,8,1,1,1,1,0,1,1,1,1,0.6484564351097944,0.3633061646667195,0.6689640367612114,0.48013627704469514,1,107
context-isolation,skills,1,8,1,1,1,1,0,1,1,1,1,0.6484564351097944,0.3633061646667195,0.6689640367612114,0.48013627704469514,1,107
curve-guided-rsi,skills,1,8,1,0,1,1,1,1,1,1,1,0.7947194026353714,-0.25857619911500074,0.5491442618530378,0.2642302410308264,7,4
curve-guided-rsi-self,skills,1,9,1,1,1,1,1,1,1,1,1,0.6722376930131564,-0.11210645872304956,0.7317982139940807,0,0,795
debug-with-cli,skills,1,2,0,0,0,0,0,0,0,1,1,-0.6209092783532462,-0.2758883831174276,0.733728334000877,1.3034789348799105,8,1
debugging-and-error-recovery,skills,1,7,1,1,1,0,0,1,1,1,1,0.7817101147709021,0.5059332901227703,0.3646379058880355,0.7271616286132238,9,28
deprecation-and-migration,skills,1,7,1,1,1,0,0,1,1,1,1,0.7817101147709021,0.5059332901227703,0.3646379058880355,0.7271616286132238,9,28
dm-verity-and-integrity,skills,1,9,1,1,1,1,1,1,1,1,1,0.6722376930131564,-0.11210645872304956,0.7317982139940807,0,0,795
docker-bake-action,skills,1,8,1,1,1,1,0,1,1,1,1,0.6484564351097944,0.3633061646667195,0.6689640367612114,0.48013627704469514,1,107
docker-build-policy,skills,1,8,1,1,1,1,0,1,1,1,1,0.6484564351097944,0.3633061646667195,0.6689640367612114,0.48013627704469514,1,107
docker-build-push-action,skills,1,9,1,1,1,1,1,1,1,1,1,0.6722376930131564,-0.11210645872304956,0.7317982139940807,0,0,795
docker-buildx-rootless,skills,1,8,1,1,1,1,0,1,1,1,1,0.6484564351097944,0.3633061646667195,0.6689640367612114,0.48013627704469514,1,107
docker-login-action,skills,1,9,1,1,1,1,1,1,1,1,1,0.6722376930131564,-0.11210645872304956,0.7317982139940807,0,0,795
docker-metadata-action,skills,1,9,1,1,1,1,1,1,1,1,1,0.6722376930131564,-0.11210645872304956,0.7317982139940807,0,0,795
docker-setup-buildx-action,skills,1,8,1,1,1,1,0,1,1,1,1,0.6484564351097944,0.3633061646667195,0.6689640367612114,0.48013627704469514,1,107
docker-setup-qemu-action,skills,1,8,1,1,1,1,0,1,1,1,1,0.6484564351097944,0.3633061646667195,0.6689640367612114,0.48013627704469514,1,107
documentation-and-adrs,skills,1,7,1,1,1,0,0,1,1,1,1,0.7817101147709021,0.5059332901227703,0.3646379058880355,0.7271616286132238,9,28
doubt-driven-development,skills,1,7,1,1,0,1,0,1,1,1,1,0.5435009284695719,0.6279280210776734,0.5570575743118392,0.7712058590257441,10,12
drm-gpu-quota-secure-time,skills,1,8,1,1,1,1,0,1,1,1,1,0.6484564351097944,0.3633061646667195,0.6689640367612114,0.48013627704469514,1,107
fedora-bootc-base-images,skills,1,8,1,1,1,1,0,1,1,1,1,0.6484564351097944,0.3633061646667195,0.6689640367612114,0.48013627704469514,1,107
frontend-ui-engineering,skills,1,9,1,1,1,1,1,1,1,1,1,0.6722376930131564,-0.11210645872304956,0.7317982139940807,0,0,795
ftpm-optee-tpm,skills,1,9,1,1,1,1,1,1,1,1,1,0.6722376930131564,-0.11210645872304956,0.7317982139940807,0,0,795
git-workflow-and-versioning,skills,1,7,1,1,1,0,0,1,1,1,1,0.7817101147709021,0.5059332901227703,0.3646379058880355,0.7271616286132238,9,28
github-actions,skills,1,9,1,1,1,1,1,1,1,1,1,0.6722376930131564,-0.11210645872304956,0.7317982139940807,0,0,795
github-api,skills,1,8,1,1,1,1,0,1,1,1,1,0.6484564351097944,0.3633061646667195,0.6689640367612114,0.48013627704469514,1,107
github-stacked-pull-requests,skills,1,8,1,0,1,1,1,1,1,1,1,0.7947194026353714,-0.25857619911500074,0.5491442618530378,0.2642302410308264,7,4
human-for-feasibility,skills,1,8,1,1,1,1,0,1,1,1,1,0.6484564351097944,0.3633061646667195,0.6689640367612114,0.48013627704469514,1,107
hyperspherical-harmonic-curve,skills,1,3,1,0,0,0,1,1,0,0,0,-0.8434099576435081,-0.19923506482206293,0.49896395891198814,1.5359007081453724,11,1
idea-kill,skills,1,7,1,1,1,0,0,1,1,1,1,0.7817101147709021,0.5059332901227703,0.3646379058880355,0.7271616286132238,9,28
idea-refine,skills,1,7,1,1,1,0,0,1,1,1,1,0.7817101147709021,0.5059332901227703,0.3646379058880355,0.7271616286132238,9,28
ideate-solo,skills,1,7,1,1,1,0,0,1,1,1,1,0.7817101147709021,0.5059332901227703,0.3646379058880355,0.7271616286132238,9,28
incremental-implementation,skills,1,8,1,1,1,0,1,1,1,1,1,0.760081539205725,-0.30745782868403515,0.5724908185635421,0.2669410895654686,4,8
internal-big-picture,skills,1,9,1,1,1,1,1,1,1,1,1,0.6722376930131564,-0.11210645872304956,0.7317982139940807,0,0,795
internal-nonlex-tokens,skills,1,2,0,0,0,0,0,1,1,0,0,-0.70459894840369,0.15915149121028607,0.6915281084337472,1.4038809400913945,12,6
interview-me,skills,1,7,1,1,1,0,0,1,1,1,1,0.7817101147709021,0.5059332901227703,0.3646379058880355,0.7271616286132238,9,28
learned-latent-curve,skills,1,8,1,0,1,1,1,1,1,1,1,0.7947194026353714,-0.25857619911500074,0.5491442618530378,0.2642302410308264,7,4
linkedin-browser-outreach,skills,1,8,1,1,1,1,0,1,1,1,1,0.6484564351097944,0.3633061646667195,0.6689640367612114,0.48013627704469514,1,107
mkosi-image-builder,skills,1,8,1,1,1,1,0,1,1,1,1,0.6484564351097944,0.3633061646667195,0.6689640367612114,0.48013627704469514,1,107
negative-skill-space,skills,1,4,1,0,0,1,1,0,1,0,0,-0.9974448650064316,-0.05470489404779062,0.04594688062884926,1.8059697770618612,13,3
novelty-indication,skills,1,7,1,1,1,0,0,1,1,1,1,0.7817101147709021,0.5059332901227703,0.3646379058880355,0.7271616286132238,9,28
nspawn-containers,skills,1,8,1,1,1,1,0,1,1,1,1,0.6484564351097944,0.3633061646667195,0.6689640367612114,0.48013627704469514,1,107
observability-and-instrumentation,skills,1,8,1,1,0,1,1,1,1,1,1,0.8534195348345276,-0.04705471713129655,0.5190962831291628,0.28688098627055947,14,1
performance-optimization,skills,1,8,1,1,1,0,1,1,1,1,1,0.760081539205725,-0.30745782868403515,0.5724908185635421,0.2669410895654686,4,8
planning-and-task-breakdown,skills,1,8,1,1,1,0,1,1,1,1,1,0.760081539205725,-0.30745782868403515,0.5724908185635421,0.2669410895654686,4,8
play-audio-on-rock1,skills,1,1,0,0,0,0,0,0,0,0,1,-0.5799792611303837,-0.13299044262204365,0.8037024317680314,1.2544535294548387,2,10
pr-launch,skills,1,9,1,1,1,1,1,1,1,1,1,0.6722376930131564,-0.11210645872304956,0.7317982139940807,0,0,795
prior-art-search,skills,1,7,1,1,1,0,0,1,1,1,1,0.7817101147709021,0.5059332901227703,0.3646379058880355,0.7271616286132238,9,28
radio-queue,skills,1,1,0,0,0,0,0,0,0,0,1,-0.5799792611303837,-0.13299044262204365,0.8037024317680314,1.2544535294548387,2,10
recursive-self-improvement,skills,1,7,1,0,1,1,1,1,1,0,1,0.9719605614517852,-0.18322996273432088,0.14737519376988095,0.6606380380025785,15,2
restful-self,skills,1,1,0,0,0,0,0,1,0,0,0,-0.6110039576293869,0.007889096265978552,0.7915882300295607,1.2902259155583748,16,6
rootless-container-builds,skills,1,9,1,1,1,1,1,1,1,1,1,0.6722376930131564,-0.11210645872304956,0.7317982139940807,0,0,795
security-and-hardening,skills,1,9,1,1,1,1,1,1,1,1,1,0.6722376930131564,-0.11210645872304956,0.7317982139940807,0,0,795
self-archaeology,skills,1,2,0,0,0,0,0,1,1,0,0,-0.70459894840369,0.15915149121028607,0.6915281084337472,1.4038809400913945,12,6
shipping-and-launch,skills,1,7,1,1,0,0,1,1,1,1,1,0.9283988776208287,-0.35414559470211704,0.11250076348838477,0.7125523335502835,17,1
sigstore-rekor-v2,skills,1,8,1,1,1,1,0,1,1,1,1,0.6484564351097944,0.3633061646667195,0.6689640367612114,0.48013627704469514,1,107
single-action-curve-rsi,skills,1,4,0,0,0,0,1,1,1,1,0,-0.5452987972199448,-0.6649116523068028,0.5104328715679655,1.3553565220744468,18,1
slsa-provenance,skills,1,7,1,0,1,1,0,1,1,1,1,0.7224690877747492,0.5600626287125012,0.4054235675556674,0.7489024535688446,3,4
source-driven-development,skills,1,7,1,1,1,0,0,1,1,1,1,0.7817101147709021,0.5059332901227703,0.3646379058880355,0.7271616286132238,9,28
spec-driven-development,skills,1,9,1,1,1,1,1,1,1,1,1,0.6722376930131564,-0.11210645872304956,0.7317982139940807,0,0,795
systemd-hardening,skills,1,9,1,1,1,1,1,1,1,1,1,0.6722376930131564,-0.11210645872304956,0.7317982139940807,0,0,795
systemd-homed,skills,1,9,1,1,1,1,1,1,1,1,1,0.6722376930131564,-0.11210645872304956,0.7317982139940807,0,0,795
test-driven-development,skills,1,7,1,1,1,0,0,1,1,1,1,0.7817101147709021,0.5059332901227703,0.3646379058880355,0.7271616286132238,9,28
the-cult,skills,1,8,1,1,1,0,1,1,1,1,1,0.760081539205725,-0.30745782868403515,0.5724908185635421,0.2669410895654686,4,8
the-follower,skills,1,9,1,1,1,1,1,1,1,1,1,0.6722376930131564,-0.11210645872304956,0.7317982139940807,0,0,795
token-efficiency,skills,1,9,1,1,1,1,1,1,1,1,1,0.6722376930131564,-0.11210645872304956,0.7317982139940807,0,0,795
using-agent-skills,skills,1,9,1,1,1,1,1,1,1,1,1,0.6722376930131564,-0.11210645872304956,0.7317982139940807,0,0,795
yubikey-operations,skills,1,7,1,1,0,1,0,1,1,1,1,0.5435009284695719,0.6279280210776734,0.5570575743118392,0.7712058590257441,10,12
0pointer-mastery,skills,2,9,1,1,1,1,1,1,1,1,1,0.6722376930131564,-0.11210645872304956,0.7317982139940807,0,0,795
api-and-interface-design,skills,2,9,1,1,1,1,1,1,1,1,1,0.6722376930131564,-0.11210645872304956,0.7317982139940807,0,0,795
arm-trusted-firmware-optee,skills,2,9,1,1,1,1,1,1,1,1,1,0.6722376930131564,-0.11210645872304956,0.7317982139940807,0,0,795
ascii-uart-animator,skills,2,5,1,0,0,1,0,1,1,0,1,-0.07650492476374494,0.8889942796715081,0.45148218923699546,1.2811694930122048,19,8
audit-evidence-packaging,skills,2,9,1,1,1,1,1,1,1,1,1,0.6722376930131564,-0.11210645872304956,0.7317982139940807,0,0,795
bcvk-virtualization,skills,2,9,1,1,1,1,1,1,1,1,1,0.6722376930131564,-0.11210645872304956,0.7317982139940807,0,0,795
bootc-images,skills,2,8,1,1,1,1,0,1,1,1,1,0.6484564351097944,0.3633061646667195,0.6689640367612114,0.48013627704469514,1,107
browser-testing-with-devtools,skills,2,9,1,1,1,1,1,1,1,1,1,0.6722376930131564,-0.11210645872304956,0.7317982139940807,0,0,795
ci-cd-and-automation,skills,2,9,1,1,1,1,1,1,1,1,1,0.6722376930131564,-0.11210645872304956,0.7317982139940807,0,0,795
code-review-and-quality,skills,2,7,1,1,1,0,0,1,1,1,1,0.7817101147709021,0.5059332901227703,0.3646379058880355,0.7271616286132238,9,28
code-simplification,skills,2,9,1,1,1,1,1,1,1,1,1,0.6722376930131564,-0.11210645872304956,0.7317982139940807,0,0,795
composefs-kernel-floors,skills,2,6,1,1,1,0,0,1,0,1,1,0.8089183356516421,0.4416840043757272,-0.38802882177126996,1.2567330922364697,20,6
context-engineering,skills,2,9,1,1,1,1,1,1,1,1,1,0.6722376930131564,-0.11210645872304956,0.7317982139940807,0,0,795
context-isolation,skills,2,9,1,1,1,1,1,1,1,1,1,0.6722376930131564,-0.11210645872304956,0.7317982139940807,0,0,795
curve-guided-rsi,skills,2,9,1,1,1,1,1,1,1,1,1,0.6722376930131564,-0.11210645872304956,0.7317982139940807,0,0,795
curve-guided-rsi-self,skills,2,9,1,1,1,1,1,1,1,1,1,0.6722376930131564,-0.11210645872304956,0.7317982139940807,0,0,795
debug-with-cli,skills,2,6,1,0,0,1,0,1,1,1,1,0.34195305400484943,0.893070333576271,0.29239269509125004,1.1456637973612787,21,2
debugging-and-error-recovery,skills,2,8,1,1,1,1,0,1,1,1,1,0.6484564351097944,0.3633061646667195,0.6689640367612114,0.48013627704469514,1,107
deprecation-and-migration,skills,2,8,1,1,1,1,0,1,1,1,1,0.6484564351097944,0.3633061646667195,0.6689640367612114,0.48013627704469514,1,107
dm-verity-and-integrity,skills,2,9,1,1,1,1,1,1,1,1,1,0.6722376930131564,-0.11210645872304956,0.7317982139940807,0,0,795
docker-bake-action,skills,2,9,1,1,1,1,1,1,1,1,1,0.6722376930131564,-0.11210645872304956,0.7317982139940807,0,0,795
docker-build-policy,skills,2,9,1,1,1,1,1,1,1,1,1,0.6722376930131564,-0.11210645872304956,0.7317982139940807,0,0,795
docker-build-push-action,skills,2,9,1,1,1,1,1,1,1,1,1,0.6722376930131564,-0.11210645872304956,0.7317982139940807,0,0,795
docker-buildx-rootless,skills,2,9,1,1,1,1,1,1,1,1,1,0.6722376930131564,-0.11210645872304956,0.7317982139940807,0,0,795
docker-login-action,skills,2,9,1,1,1,1,1,1,1,1,1,0.6722376930131564,-0.11210645872304956,0.7317982139940807,0,0,795
docker-metadata-action,skills,2,9,1,1,1,1,1,1,1,1,1,0.6722376930131564,-0.11210645872304956,0.7317982139940807,0,0,795
docker-setup-buildx-action,skills,2,9,1,1,1,1,1,1,1,1,1,0.6722376930131564,-0.11210645872304956,0.7317982139940807,0,0,795
docker-setup-qemu-action,skills,2,9,1,1,1,1,1,1,1,1,1,0.6722376930131564,-0.11210645872304956,0.7317982139940807,0,0,795
documentation-and-adrs,skills,2,8,1,1,1,1,0,1,1,1,1,0.6484564351097944,0.3633061646667195,0.6689640367612114,0.48013627704469514,1,107
doubt-driven-development,skills,2,8,1,1,1,1,0,1,1,1,1,0.6484564351097944,0.3633061646667195,0.6689640367612114,0.48013627704469514,1,107
drm-gpu-quota-secure-time,skills,2,9,1,1,1,1,1,1,1,1,1,0.6722376930131564,-0.11210645872304956,0.7317982139940807,0,0,795
fedora-bootc-base-images,skills,2,9,1,1,1,1,1,1,1,1,1,0.6722376930131564,-0.11210645872304956,0.7317982139940807,0,0,795
frontend-ui-engineering,skills,2,9,1,1,1,1,1,1,1,1,1,0.6722376930131564,-0.11210645872304956,0.7317982139940807,0,0,795
ftpm-optee-tpm,skills,2,9,1,1,1,1,1,1,1,1,1,0.6722376930131564,-0.11210645872304956,0.7317982139940807,0,0,795
git-workflow-and-versioning,skills,2,8,1,1,1,1,0,1,1,1,1,0.6484564351097944,0.3633061646667195,0.6689640367612114,0.48013627704469514,1,107
github-actions,skills,2,9,1,1,1,1,1,1,1,1,1,0.6722376930131564,-0.11210645872304956,0.7317982139940807,0,0,795
github-api,skills,2,9,1,1,1,1,1,1,1,1,1,0.6722376930131564,-0.11210645872304956,0.7317982139940807,0,0,795
github-stacked-pull-requests,skills,2,9,1,1,1,1,1,1,1,1,1,0.6722376930131564,-0.11210645872304956,0.7317982139940807,0,0,795
human-for-feasibility,skills,2,9,1,1,1,1,1,1,1,1,1,0.6722376930131564,-0.11210645872304956,0.7317982139940807,0,0,795
hyperspherical-harmonic-curve,skills,2,4,1,1,0,0,1,1,0,0,0,-0.9679235318861354,-0.249424850860375,-0.030187417815190402,1.8137274568043844,22,1
idea-kill,skills,2,8,1,1,1,1,0,1,1,1,1,0.6484564351097944,0.3633061646667195,0.6689640367612114,0.48013627704469514,1,107
idea-refine,skills,2,8,1,1,1,1,0,1,1,1,1,0.6484564351097944,0.3633061646667195,0.6689640367612114,0.48013627704469514,1,107
ideate-solo,skills,2,8,1,1,1,1,0,1,1,1,1,0.6484564351097944,0.3633061646667195,0.6689640367612114,0.48013627704469514,1,107
incremental-implementation,skills,2,9,1,1,1,1,1,1,1,1,1,0.6722376930131564,-0.11210645872304956,0.7317982139940807,0,0,795
internal-big-picture,skills,2,9,1,1,1,1,1,1,1,1,1,0.6722376930131564,-0.11210645872304956,0.7317982139940807,0,0,795
internal-nonlex-tokens,skills,2,4,1,0,0,1,0,1,1,0,0,-0.3207796294973044,0.7118927179299712,0.6247472988799957,1.2948042108201008,23,24
interview-me,skills,2,8,1,1,1,1,0,1,1,1,1,0.6484564351097944,0.3633061646667195,0.6689640367612114,0.48013627704469514,1,107
learned-latent-curve,skills,2,9,1,1,1,1,1,1,1,1,1,0.6722376930131564,-0.11210645872304956,0.7317982139940807,0,0,795
linkedin-browser-outreach,skills,2,9,1,1,1,1,1,1,1,1,1,0.6722376930131564,-0.11210645872304956,0.7317982139940807,0,0,795
mkosi-image-builder,skills,2,9,1,1,1,1,1,1,1,1,1,0.6722376930131564,-0.11210645872304956,0.7317982139940807,0,0,795
negative-skill-space,skills,2,5,1,1,0,1,1,0,1,0,0,-0.5482298287766296,0.17841982771809514,-0.8170743050155186,1.993226674264652,24,2
novelty-indication,skills,2,8,1,1,1,1,0,1,1,1,1,0.6484564351097944,0.3633061646667195,0.6689640367612114,0.48013627704469514,1,107
nspawn-containers,skills,2,9,1,1,1,1,1,1,1,1,1,0.6722376930131564,-0.11210645872304956,0.7317982139940807,0,0,795
observability-and-instrumentation,skills,2,9,1,1,1,1,1,1,1,1,1,0.6722376930131564,-0.11210645872304956,0.7317982139940807,0,0,795
performance-optimization,skills,2,9,1,1,1,1,1,1,1,1,1,0.6722376930131564,-0.11210645872304956,0.7317982139940807,0,0,795
planning-and-task-breakdown,skills,2,9,1,1,1,1,1,1,1,1,1,0.6722376930131564,-0.11210645872304956,0.7317982139940807,0,0,795
play-audio-on-rock1,skills,2,5,1,0,0,1,0,1,1,0,1,-0.07650492476374494,0.8889942796715081,0.45148218923699546,1.2811694930122048,19,8
pr-launch,skills,2,9,1,1,1,1,1,1,1,1,1,0.6722376930131564,-0.11210645872304956,0.7317982139940807,0,0,795
prior-art-search,skills,2,8,1,1,1,1,0,1,1,1,1,0.6484564351097944,0.3633061646667195,0.6689640367612114,0.48013627704469514,1,107
radio-queue,skills,2,5,1,0,0,1,0,1,1,0,1,-0.07650492476374494,0.8889942796715081,0.45148218923699546,1.2811694930122048,19,8
recursive-self-improvement,skills,2,8,1,1,1,1,1,1,1,0,1,0.8276549961399876,-0.026085738015399,0.560630664195876,0.24668285835501796,25,42
restful-self,skills,2,4,1,0,0,1,0,1,1,0,0,-0.3207796294973044,0.7118927179299712,0.6247472988799957,1.2948042108201008,23,24
rootless-container-builds,skills,2,9,1,1,1,1,1,1,1,1,1,0.6722376930131564,-0.11210645872304956,0.7317982139940807,0,0,795
security-and-hardening,skills,2,9,1,1,1,1,1,1,1,1,1,0.6722376930131564,-0.11210645872304956,0.7317982139940807,0,0,795
self-archaeology,skills,2,4,1,0,0,1,0,1,1,0,0,-0.3207796294973044,0.7118927179299712,0.6247472988799957,1.2948042108201008,23,24
shipping-and-launch,skills,2,8,1,1,1,0,1,1,1,1,1,0.760081539205725,-0.30745782868403515,0.5724908185635421,0.2669410895654686,4,8
sigstore-rekor-v2,skills,2,9,1,1,1,1,1,1,1,1,1,0.6722376930131564,-0.11210645872304956,0.7317982139940807,0,0,795
single-action-curve-rsi,skills,2,6,1,0,0,1,1,1,1,1,0,0.5735768587219509,0.041824390599723885,-0.8180833132937141,1.560628532106284,26,1
slsa-provenance,skills,2,8,1,1,1,1,0,1,1,1,1,0.6484564351097944,0.3633061646667195,0.6689640367612114,0.48013627704469514,1,107
source-driven-development,skills,2,8,1,1,1,1,0,1,1,1,1,0.6484564351097944,0.3633061646667195,0.6689640367612114,0.48013627704469514,1,107
spec-driven-development,skills,2,9,1,1,1,1,1,1,1,1,1,0.6722376930131564,-0.11210645872304956,0.7317982139940807,0,0,795
systemd-hardening,skills,2,9,1,1,1,1,1,1,1,1,1,0.6722376930131564,-0.11210645872304956,0.7317982139940807,0,0,795
systemd-homed,skills,2,9,1,1,1,1,1,1,1,1,1,0.6722376930131564,-0.11210645872304956,0.7317982139940807,0,0,795
test-driven-development,skills,2,8,1,1,1,1,0,1,1,1,1,0.6484564351097944,0.3633061646667195,0.6689640367612114,0.48013627704469514,1,107
the-cult,skills,2,9,1,1,1,1,1,1,1,1,1,0.6722376930131564,-0.11210645872304956,0.7317982139940807,0,0,795
the-follower,skills,2,9,1,1,1,1,1,1,1,1,1,0.6722376930131564,-0.11210645872304956,0.7317982139940807,0,0,795
token-efficiency,skills,2,9,1,1,1,1,1,1,1,1,1,0.6722376930131564,-0.11210645872304956,0.7317982139940807,0,0,795
using-agent-skills,skills,2,9,1,1,1,1,1,1,1,1,1,0.6722376930131564,-0.11210645872304956,0.7317982139940807,0,0,795
yubikey-operations,skills,2,8,1,1,1,1,0,1,1,1,1,0.6484564351097944,0.3633061646667195,0.6689640367612114,0.48013627704469514,1,107
0pointer-mastery,skills,3,9,1,1,1,1,1,1,1,1,1,0.6722376930131564,-0.11210645872304956,0.7317982139940807,0,0,795
api-and-interface-design,skills,3,9,1,1,1,1,1,1,1,1,1,0.6722376930131564,-0.11210645872304956,0.7317982139940807,0,0,795
arm-trusted-firmware-optee,skills,3,9,1,1,1,1,1,1,1,1,1,0.6722376930131564,-0.11210645872304956,0.7317982139940807,0,0,795
ascii-uart-animator,skills,3,6,1,1,0,1,0,1,1,0,1,0.2673731570652436,0.7859098987381443,0.5575457164631117,1.0003562383630993,27,8
audit-evidence-packaging,skills,3,9,1,1,1,1,1,1,1,1,1,0.6722376930131564,-0.11210645872304956,0.7317982139940807,0,0,795
bcvk-virtualization,skills,3,9,1,1,1,1,1,1,1,1,1,0.6722376930131564,-0.11210645872304956,0.7317982139940807,0,0,795
bootc-images,skills,3,9,1,1,1,1,1,1,1,1,1,0.6722376930131564,-0.11210645872304956,0.7317982139940807,0,0,795
browser-testing-with-devtools,skills,3,9,1,1,1,1,1,1,1,1,1,0.6722376930131564,-0.11210645872304956,0.7317982139940807,0,0,795
ci-cd-and-automation,skills,3,9,1,1,1,1,1,1,1,1,1,0.6722376930131564,-0.11210645872304956,0.7317982139940807,0,0,795
code-review-and-quality,skills,3,8,1,1,1,1,0,1,1,1,1,0.6484564351097944,0.3633061646667195,0.6689640367612114,0.48013627704469514,1,107
code-simplification,skills,3,9,1,1,1,1,1,1,1,1,1,0.6722376930131564,-0.11210645872304956,0.7317982139940807,0,0,795
composefs-kernel-floors,skills,3,7,1,1,1,1,0,1,0,1,1,0.8451361680398758,0.39920102345165664,0.3555044308388078,0.657971302744816,28,6
context-engineering,skills,3,9,1,1,1,1,1,1,1,1,1,0.6722376930131564,-0.11210645872304956,0.7317982139940807,0,0,795
context-isolation,skills,3,9,1,1,1,1,1,1,1,1,1,0.6722376930131564,-0.11210645872304956,0.7317982139940807,0,0,795
curve-guided-rsi,skills,3,9,1,1,1,1,1,1,1,1,1,0.6722376930131564,-0.11210645872304956,0.7317982139940807,0,0,795
curve-guided-rsi-self,skills,3,9,1,1,1,1,1,1,1,1,1,0.6722376930131564,-0.11210645872304956,0.7317982139940807,0,0,795
debug-with-cli,skills,3,7,1,1,0,1,0,1,1,1,1,0.5435009284695719,0.6279280210776734,0.5570575743118392,0.7712058590257441,10,12
debugging-and-error-recovery,skills,3,9,1,1,1,1,1,1,1,1,1,0.6722376930131564,-0.11210645872304956,0.7317982139940807,0,0,795
deprecation-and-migration,skills,3,9,1,1,1,1,1,1,1,1,1,0.6722376930131564,-0.11210645872304956,0.7317982139940807,0,0,795
dm-verity-and-integrity,skills,3,9,1,1,1,1,1,1,1,1,1,0.6722376930131564,-0.11210645872304956,0.7317982139940807,0,0,795
docker-bake-action,skills,3,9,1,1,1,1,1,1,1,1,1,0.6722376930131564,-0.11210645872304956,0.7317982139940807,0,0,795
docker-build-policy,skills,3,9,1,1,1,1,1,1,1,1,1,0.6722376930131564,-0.11210645872304956,0.7317982139940807,0,0,795
docker-build-push-action,skills,3,9,1,1,1,1,1,1,1,1,1,0.6722376930131564,-0.11210645872304956,0.7317982139940807,0,0,795
docker-buildx-rootless,skills,3,9,1,1,1,1,1,1,1,1,1,0.6722376930131564,-0.11210645872304956,0.7317982139940807,0,0,795
docker-login-action,skills,3,9,1,1,1,1,1,1,1,1,1,0.6722376930131564,-0.11210645872304956,0.7317982139940807,0,0,795
docker-metadata-action,skills,3,9,1,1,1,1,1,1,1,1,1,0.6722376930131564,-0.11210645872304956,0.7317982139940807,0,0,795
docker-setup-buildx-action,skills,3,9,1,1,1,1,1,1,1,1,1,0.6722376930131564,-0.11210645872304956,0.7317982139940807,0,0,795
docker-setup-qemu-action,skills,3,9,1,1,1,1,1,1,1,1,1,0.6722376930131564,-0.11210645872304956,0.7317982139940807,0,0,795
documentation-and-adrs,skills,3,9,1,1,1,1,1,1,1,1,1,0.6722376930131564,-0.11210645872304956,0.7317982139940807,0,0,795
doubt-driven-development,skills,3,9,1,1,1,1,1,1,1,1,1,0.6722376930131564,-0.11210645872304956,0.7317982139940807,0,0,795
drm-gpu-quota-secure-time,skills,3,9,1,1,1,1,1,1,1,1,1,0.6722376930131564,-0.11210645872304956,0.7317982139940807,0,0,795
fedora-bootc-base-images,skills,3,9,1,1,1,1,1,1,1,1,1,0.6722376930131564,-0.11210645872304956,0.7317982139940807,0,0,795
frontend-ui-engineering,skills,3,9,1,1,1,1,1,1,1,1,1,0.6722376930131564,-0.11210645872304956,0.7317982139940807,0,0,795
ftpm-optee-tpm,skills,3,9,1,1,1,1,1,1,1,1,1,0.6722376930131564,-0.11210645872304956,0.7317982139940807,0,0,795
git-workflow-and-versioning,skills,3,9,1,1,1,1,1,1,1,1,1,0.6722376930131564,-0.11210645872304956,0.7317982139940807,0,0,795
github-actions,skills,3,9,1,1,1,1,1,1,1,1,1,0.6722376930131564,-0.11210645872304956,0.7317982139940807,0,0,795
github-api,skills,3,9,1,1,1,1,1,1,1,1,1,0.6722376930131564,-0.11210645872304956,0.7317982139940807,0,0,795
github-stacked-pull-requests,skills,3,9,1,1,1,1,1,1,1,1,1,0.6722376930131564,-0.11210645872304956,0.7317982139940807,0,0,795
human-for-feasibility,skills,3,9,1,1,1,1,1,1,1,1,1,0.6722376930131564,-0.11210645872304956,0.7317982139940807,0,0,795
hyperspherical-harmonic-curve,skills,3,6,1,1,1,0,1,1,0,0,1,0.5177347020873266,-0.8553103719119758,-0.01987324720182458,1.0682851755784817,29,1
idea-kill,skills,3,9,1,1,1,1,1,1,1,1,1,0.6722376930131564,-0.11210645872304956,0.7317982139940807,0,0,795
idea-refine,skills,3,9,1,1,1,1,1,1,1,1,1,0.6722376930131564,-0.11210645872304956,0.7317982139940807,0,0,795
ideate-solo,skills,3,9,1,1,1,1,1,1,1,1,1,0.6722376930131564,-0.11210645872304956,0.7317982139940807,0,0,795
incremental-implementation,skills,3,9,1,1,1,1,1,1,1,1,1,0.6722376930131564,-0.11210645872304956,0.7317982139940807,0,0,795
internal-big-picture,skills,3,9,1,1,1,1,1,1,1,1,1,0.6722376930131564,-0.11210645872304956,0.7317982139940807,0,0,795
internal-nonlex-tokens,skills,3,5,1,1,0,1,0,1,1,0,0,-0.04250775481128915,0.7856011156490595,0.6172713972572003,1.1531939715514932,30,25
interview-me,skills,3,9,1,1,1,1,1,1,1,1,1,0.6722376930131564,-0.11210645872304956,0.7317982139940807,0,0,795
learned-latent-curve,skills,3,9,1,1,1,1,1,1,1,1,1,0.6722376930131564,-0.11210645872304956,0.7317982139940807,0,0,795
linkedin-browser-outreach,skills,3,9,1,1,1,1,1,1,1,1,1,0.6722376930131564,-0.11210645872304956,0.7317982139940807,0,0,795
mkosi-image-builder,skills,3,9,1,1,1,1,1,1,1,1,1,0.6722376930131564,-0.11210645872304956,0.7317982139940807,0,0,795
negative-skill-space,skills,3,7,1,1,1,1,1,0,1,0,1,0.8947436569108003,-0.3892494852228046,0.2189032358638623,0.6240019388580943,31,6
novelty-indication,skills,3,9,1,1,1,1,1,1,1,1,1,0.6722376930131564,-0.11210645872304956,0.7317982139940807,0,0,795
nspawn-containers,skills,3,9,1,1,1,1,1,1,1,1,1,0.6722376930131564,-0.11210645872304956,0.7317982139940807,0,0,795
observability-and-instrumentation,skills,3,9,1,1,1,1,1,1,1,1,1,0.6722376930131564,-0.11210645872304956,0.7317982139940807,0,0,795
performance-optimization,skills,3,9,1,1,1,1,1,1,1,1,1,0.6722376930131564,-0.11210645872304956,0.7317982139940807,0,0,795
planning-and-task-breakdown,skills,3,9,1,1,1,1,1,1,1,1,1,0.6722376930131564,-0.11210645872304956,0.7317982139940807,0,0,795
play-audio-on-rock1,skills,3,6,1,1,0,1,0,1,1,0,1,0.2673731570652436,0.7859098987381443,0.5575457164631117,1.0003562383630993,27,8
pr-launch,skills,3,9,1,1,1,1,1,1,1,1,1,0.6722376930131564,-0.11210645872304956,0.7317982139940807,0,0,795
prior-art-search,skills,3,9,1,1,1,1,1,1,1,1,1,0.6722376930131564,-0.11210645872304956,0.7317982139940807,0,0,795
radio-queue,skills,3,6,1,1,0,1,0,1,1,0,1,0.2673731570652436,0.7859098987381443,0.5575457164631117,1.0003562383630993,27,8
recursive-self-improvement,skills,3,9,1,1,1,1,1,1,1,1,1,0.6722376930131564,-0.11210645872304956,0.7317982139940807,0,0,795
restful-self,skills,3,5,1,1,0,1,0,1,1,0,0,-0.04250775481128915,0.7856011156490595,0.6172713972572003,1.1531939715514932,30,25
rootless-container-builds,skills,3,9,1,1,1,1,1,1,1,1,1,0.6722376930131564,-0.11210645872304956,0.7317982139940807,0,0,795
security-and-hardening,skills,3,9,1,1,1,1,1,1,1,1,1,0.6722376930131564,-0.11210645872304956,0.7317982139940807,0,0,795
self-archaeology,skills,3,5,1,1,0,1,0,1,1,0,0,-0.04250775481128915,0.7856011156490595,0.6172713972572003,1.1531939715514932,30,25
shipping-and-launch,skills,3,9,1,1,1,1,1,1,1,1,1,0.6722376930131564,-0.11210645872304956,0.7317982139940807,0,0,795
sigstore-rekor-v2,skills,3,9,1,1,1,1,1,1,1,1,1,0.6722376930131564,-0.11210645872304956,0.7317982139940807,0,0,795
single-action-curve-rsi,skills,3,7,1,1,0,1,1,1,1,1,0,0.9835712114784445,0.16577842101903442,0.07145059184682057,0.7811578254007246,32,1
slsa-provenance,skills,3,9,1,1,1,1,1,1,1,1,1,0.6722376930131564,-0.11210645872304956,0.7317982139940807,0,0,795
source-driven-development,skills,3,9,1,1,1,1,1,1,1,1,1,0.6722376930131564,-0.11210645872304956,0.7317982139940807,0,0,795
spec-driven-development,skills,3,9,1,1,1,1,1,1,1,1,1,0.6722376930131564,-0.11210645872304956,0.7317982139940807,0,0,795
systemd-hardening,skills,3,9,1,1,1,1,1,1,1,1,1,0.6722376930131564,-0.11210645872304956,0.7317982139940807,0,0,795
systemd-homed,skills,3,9,1,1,1,1,1,1,1,1,1,0.6722376930131564,-0.11210645872304956,0.7317982139940807,0,0,795
test-driven-development,skills,3,9,1,1,1,1,1,1,1,1,1,0.6722376930131564,-0.11210645872304956,0.7317982139940807,0,0,795
the-cult,skills,3,9,1,1,1,1,1,1,1,1,1,0.6722376930131564,-0.11210645872304956,0.7317982139940807,0,0,795
the-follower,skills,3,9,1,1,1,1,1,1,1,1,1,0.6722376930131564,-0.11210645872304956,0.7317982139940807,0,0,795
token-efficiency,skills,3,9,1,1,1,1,1,1,1,1,1,0.6722376930131564,-0.11210645872304956,0.7317982139940807,0,0,795
using-agent-skills,skills,3,9,1,1,1,1,1,1,1,1,1,0.6722376930131564,-0.11210645872304956,0.7317982139940807,0,0,795
yubikey-operations,skills,3,9,1,1,1,1,1,1,1,1,1,0.6722376930131564,-0.11210645872304956,0.7317982139940807,0,0,795
0pointer-mastery,skills,4,9,1,1,1,1,1,1,1,1,1,0.6722376930131564,-0.11210645872304956,0.7317982139940807,0,0,795
api-and-interface-design,skills,4,9,1,1,1,1,1,1,1,1,1,0.6722376930131564,-0.11210645872304956,0.7317982139940807,0,0,795
arm-trusted-firmware-optee,skills,4,9,1,1,1,1,1,1,1,1,1,0.6722376930131564,-0.11210645872304956,0.7317982139940807,0,0,795
ascii-uart-animator,skills,4,7,1,1,1,1,0,1,1,0,1,0.5447508267195296,0.593660191811017,0.5922956301099103,0.7306301643059945,33,35
audit-evidence-packaging,skills,4,9,1,1,1,1,1,1,1,1,1,0.6722376930131564,-0.11210645872304956,0.7317982139940807,0,0,795
bcvk-virtualization,skills,4,9,1,1,1,1,1,1,1,1,1,0.6722376930131564,-0.11210645872304956,0.7317982139940807,0,0,795
bootc-images,skills,4,9,1,1,1,1,1,1,1,1,1,0.6722376930131564,-0.11210645872304956,0.7317982139940807,0,0,795
browser-testing-with-devtools,skills,4,9,1,1,1,1,1,1,1,1,1,0.6722376930131564,-0.11210645872304956,0.7317982139940807,0,0,795
ci-cd-and-automation,skills,4,9,1,1,1,1,1,1,1,1,1,0.6722376930131564,-0.11210645872304956,0.7317982139940807,0,0,795
code-review-and-quality,skills,4,9,1,1,1,1,1,1,1,1,1,0.6722376930131564,-0.11210645872304956,0.7317982139940807,0,0,795
code-simplification,skills,4,9,1,1,1,1,1,1,1,1,1,0.6722376930131564,-0.11210645872304956,0.7317982139940807,0,0,795
composefs-kernel-floors,skills,4,9,1,1,1,1,1,1,1,1,1,0.6722376930131564,-0.11210645872304956,0.7317982139940807,0,0,795
context-engineering,skills,4,9,1,1,1,1,1,1,1,1,1,0.6722376930131564,-0.11210645872304956,0.7317982139940807,0,0,795
context-isolation,skills,4,9,1,1,1,1,1,1,1,1,1,0.6722376930131564,-0.11210645872304956,0.7317982139940807,0,0,795
curve-guided-rsi,skills,4,9,1,1,1,1,1,1,1,1,1,0.6722376930131564,-0.11210645872304956,0.7317982139940807,0,0,795
curve-guided-rsi-self,skills,4,9,1,1,1,1,1,1,1,1,1,0.6722376930131564,-0.11210645872304956,0.7317982139940807,0,0,795
debug-with-cli,skills,4,8,1,1,1,1,0,1,1,1,1,0.6484564351097944,0.3633061646667195,0.6689640367612114,0.48013627704469514,1,107
debugging-and-error-recovery,skills,4,9,1,1,1,1,1,1,1,1,1,0.6722376930131564,-0.11210645872304956,0.7317982139940807,0,0,795
deprecation-and-migration,skills,4,9,1,1,1,1,1,1,1,1,1,0.6722376930131564,-0.11210645872304956,0.7317982139940807,0,0,795
dm-verity-and-integrity,skills,4,9,1,1,1,1,1,1,1,1,1,0.6722376930131564,-0.11210645872304956,0.7317982139940807,0,0,795
docker-bake-action,skills,4,9,1,1,1,1,1,1,1,1,1,0.6722376930131564,-0.11210645872304956,0.7317982139940807,0,0,795
docker-build-policy,skills,4,9,1,1,1,1,1,1,1,1,1,0.6722376930131564,-0.11210645872304956,0.7317982139940807,0,0,795
docker-build-push-action,skills,4,9,1,1,1,1,1,1,1,1,1,0.6722376930131564,-0.11210645872304956,0.7317982139940807,0,0,795
docker-buildx-rootless,skills,4,9,1,1,1,1,1,1,1,1,1,0.6722376930131564,-0.11210645872304956,0.7317982139940807,0,0,795
docker-login-action,skills,4,9,1,1,1,1,1,1,1,1,1,0.6722376930131564,-0.11210645872304956,0.7317982139940807,0,0,795
docker-metadata-action,skills,4,9,1,1,1,1,1,1,1,1,1,0.6722376930131564,-0.11210645872304956,0.7317982139940807,0,0,795
docker-setup-buildx-action,skills,4,9,1,1,1,1,1,1,1,1,1,0.6722376930131564,-0.11210645872304956,0.7317982139940807,0,0,795
docker-setup-qemu-action,skills,4,9,1,1,1,1,1,1,1,1,1,0.6722376930131564,-0.11210645872304956,0.7317982139940807,0,0,795
documentation-and-adrs,skills,4,9,1,1,1,1,1,1,1,1,1,0.6722376930131564,-0.11210645872304956,0.7317982139940807,0,0,795
doubt-driven-development,skills,4,9,1,1,1,1,1,1,1,1,1,0.6722376930131564,-0.11210645872304956,0.7317982139940807,0,0,795
drm-gpu-quota-secure-time,skills,4,9,1,1,1,1,1,1,1,1,1,0.6722376930131564,-0.11210645872304956,0.7317982139940807,0,0,795
fedora-bootc-base-images,skills,4,9,1,1,1,1,1,1,1,1,1,0.6722376930131564,-0.11210645872304956,0.7317982139940807,0,0,795
frontend-ui-engineering,skills,4,9,1,1,1,1,1,1,1,1,1,0.6722376930131564,-0.11210645872304956,0.7317982139940807,0,0,795
ftpm-optee-tpm,skills,4,9,1,1,1,1,1,1,1,1,1,0.6722376930131564,-0.11210645872304956,0.7317982139940807,0,0,795
git-workflow-and-versioning,skills,4,9,1,1,1,1,1,1,1,1,1,0.6722376930131564,-0.11210645872304956,0.7317982139940807,0,0,795
github-actions,skills,4,9,1,1,1,1,1,1,1,1,1,0.6722376930131564,-0.11210645872304956,0.7317982139940807,0,0,795
github-api,skills,4,9,1,1,1,1,1,1,1,1,1,0.6722376930131564,-0.11210645872304956,0.7317982139940807,0,0,795
github-stacked-pull-requests,skills,4,9,1,1,1,1,1,1,1,1,1,0.6722376930131564,-0.11210645872304956,0.7317982139940807,0,0,795
human-for-feasibility,skills,4,9,1,1,1,1,1,1,1,1,1,0.6722376930131564,-0.11210645872304956,0.7317982139940807,0,0,795
hyperspherical-harmonic-curve,skills,4,7,1,1,1,1,1,1,0,0,1,0.8776583451105382,-0.3815790986000241,0.29002279353427485,0.5567572811134287,34,1
idea-kill,skills,4,9,1,1,1,1,1,1,1,1,1,0.6722376930131564,-0.11210645872304956,0.7317982139940807,0,0,795
idea-refine,skills,4,9,1,1,1,1,1,1,1,1,1,0.6722376930131564,-0.11210645872304956,0.7317982139940807,0,0,795
ideate-solo,skills,4,9,1,1,1,1,1,1,1,1,1,0.6722376930131564,-0.11210645872304956,0.7317982139940807,0,0,795
incremental-implementation,skills,4,9,1,1,1,1,1,1,1,1,1,0.6722376930131564,-0.11210645872304956,0.7317982139940807,0,0,795
internal-big-picture,skills,4,9,1,1,1,1,1,1,1,1,1,0.6722376930131564,-0.11210645872304956,0.7317982139940807,0,0,795
internal-nonlex-tokens,skills,4,7,1,1,1,1,0,1,1,0,1,0.5447508267195296,0.593660191811017,0.5922956301099103,0.7306301643059945,33,35
interview-me,skills,4,9,1,1,1,1,1,1,1,1,1,0.6722376930131564,-0.11210645872304956,0.7317982139940807,0,0,795
learned-latent-curve,skills,4,9,1,1,1,1,1,1,1,1,1,0.6722376930131564,-0.11210645872304956,0.7317982139940807,0,0,795
linkedin-browser-outreach,skills,4,9,1,1,1,1,1,1,1,1,1,0.6722376930131564,-0.11210645872304956,0.7317982139940807,0,0,795
mkosi-image-builder,skills,4,9,1,1,1,1,1,1,1,1,1,0.6722376930131564,-0.11210645872304956,0.7317982139940807,0,0,795
negative-skill-space,skills,4,8,1,1,1,1,1,1,1,0,1,0.8276549961399876,-0.026085738015399,0.560630664195876,0.24668285835501796,25,42
novelty-indication,skills,4,9,1,1,1,1,1,1,1,1,1,0.6722376930131564,-0.11210645872304956,0.7317982139940807,0,0,795
nspawn-containers,skills,4,9,1,1,1,1,1,1,1,1,1,0.6722376930131564,-0.11210645872304956,0.7317982139940807,0,0,795
observability-and-instrumentation,skills,4,9,1,1,1,1,1,1,1,1,1,0.6722376930131564,-0.11210645872304956,0.7317982139940807,0,0,795
performance-optimization,skills,4,9,1,1,1,1,1,1,1,1,1,0.6722376930131564,-0.11210645872304956,0.7317982139940807,0,0,795
planning-and-task-breakdown,skills,4,9,1,1,1,1,1,1,1,1,1,0.6722376930131564,-0.11210645872304956,0.7317982139940807,0,0,795
play-audio-on-rock1,skills,4,7,1,1,1,1,0,1,1,0,1,0.5447508267195296,0.593660191811017,0.5922956301099103,0.7306301643059945,33,35
pr-launch,skills,4,9,1,1,1,1,1,1,1,1,1,0.6722376930131564,-0.11210645872304956,0.7317982139940807,0,0,795
prior-art-search,skills,4,9,1,1,1,1,1,1,1,1,1,0.6722376930131564,-0.11210645872304956,0.7317982139940807,0,0,795
radio-queue,skills,4,7,1,1,1,1,0,1,1,0,1,0.5447508267195296,0.593660191811017,0.5922956301099103,0.7306301643059945,33,35
recursive-self-improvement,skills,4,9,1,1,1,1,1,1,1,1,1,0.6722376930131564,-0.11210645872304956,0.7317982139940807,0,0,795
restful-self,skills,4,7,1,1,1,1,0,1,1,0,1,0.5447508267195296,0.593660191811017,0.5922956301099103,0.7306301643059945,33,35
rootless-container-builds,skills,4,9,1,1,1,1,1,1,1,1,1,0.6722376930131564,-0.11210645872304956,0.7317982139940807,0,0,795
security-and-hardening,skills,4,9,1,1,1,1,1,1,1,1,1,0.6722376930131564,-0.11210645872304956,0.7317982139940807,0,0,795
self-archaeology,skills,4,7,1,1,1,1,0,1,1,0,1,0.5447508267195296,0.593660191811017,0.5922956301099103,0.7306301643059945,33,35
shipping-and-launch,skills,4,9,1,1,1,1,1,1,1,1,1,0.6722376930131564,-0.11210645872304956,0.7317982139940807,0,0,795
sigstore-rekor-v2,skills,4,9,1,1,1,1,1,1,1,1,1,0.6722376930131564,-0.11210645872304956,0.7317982139940807,0,0,795
single-action-curve-rsi,skills,4,9,1,1,1,1,1,1,1,1,1,0.6722376930131564,-0.11210645872304956,0.7317982139940807,0,0,795
slsa-provenance,skills,4,9,1,1,1,1,1,1,1,1,1,0.6722376930131564,-0.11210645872304956,0.7317982139940807,0,0,795
source-driven-development,skills,4,9,1,1,1,1,1,1,1,1,1,0.6722376930131564,-0.11210645872304956,0.7317982139940807,0,0,795
spec-driven-development,skills,4,9,1,1,1,1,1,1,1,1,1,0.6722376930131564,-0.11210645872304956,0.7317982139940807,0,0,795
systemd-hardening,skills,4,9,1,1,1,1,1,1,1,1,1,0.6722376930131564,-0.11210645872304956,0.7317982139940807,0,0,795
systemd-homed,skills,4,9,1,1,1,1,1,1,1,1,1,0.6722376930131564,-0.11210645872304956,0.7317982139940807,0,0,795
test-driven-development,skills,4,9,1,1,1,1,1,1,1,1,1,0.6722376930131564,-0.11210645872304956,0.7317982139940807,0,0,795
the-cult,skills,4,9,1,1,1,1,1,1,1,1,1,0.6722376930131564,-0.11210645872304956,0.7317982139940807,0,0,795
the-follower,skills,4,9,1,1,1,1,1,1,1,1,1,0.6722376930131564,-0.11210645872304956,0.7317982139940807,0,0,795
token-efficiency,skills,4,9,1,1,1,1,1,1,1,1,1,0.6722376930131564,-0.11210645872304956,0.7317982139940807,0,0,795
using-agent-skills,skills,4,9,1,1,1,1,1,1,1,1,1,0.6722376930131564,-0.11210645872304956,0.7317982139940807,0,0,795
yubikey-operations,skills,4,9,1,1,1,1,1,1,1,1,1,0.6722376930131564,-0.11210645872304956,0.7317982139940807,0,0,795
0pointer-mastery,skills,5,9,1,1,1,1,1,1,1,1,1,0.6722376930131564,-0.11210645872304956,0.7317982139940807,0,0,795
api-and-interface-design,skills,5,9,1,1,1,1,1,1,1,1,1,0.6722376930131564,-0.11210645872304956,0.7317982139940807,0,0,795
arm-trusted-firmware-optee,skills,5,9,1,1,1,1,1,1,1,1,1,0.6722376930131564,-0.11210645872304956,0.7317982139940807,0,0,795
ascii-uart-animator,skills,5,8,1,1,1,1,1,1,1,0,1,0.8276549961399876,-0.026085738015399,0.560630664195876,0.24668285835501796,25,42
audit-evidence-packaging,skills,5,9,1,1,1,1,1,1,1,1,1,0.6722376930131564,-0.11210645872304956,0.7317982139940807,0,0,795
bcvk-virtualization,skills,5,9,1,1,1,1,1,1,1,1,1,0.6722376930131564,-0.11210645872304956,0.7317982139940807,0,0,795
bootc-images,skills,5,9,1,1,1,1,1,1,1,1,1,0.6722376930131564,-0.11210645872304956,0.7317982139940807,0,0,795
browser-testing-with-devtools,skills,5,9,1,1,1,1,1,1,1,1,1,0.6722376930131564,-0.11210645872304956,0.7317982139940807,0,0,795
ci-cd-and-automation,skills,5,9,1,1,1,1,1,1,1,1,1,0.6722376930131564,-0.11210645872304956,0.7317982139940807,0,0,795
code-review-and-quality,skills,5,9,1,1,1,1,1,1,1,1,1,0.6722376930131564,-0.11210645872304956,0.7317982139940807,0,0,795
code-simplification,skills,5,9,1,1,1,1,1,1,1,1,1,0.6722376930131564,-0.11210645872304956,0.7317982139940807,0,0,795
composefs-kernel-floors,skills,5,9,1,1,1,1,1,1,1,1,1,0.6722376930131564,-0.11210645872304956,0.7317982139940807,0,0,795
context-engineering,skills,5,9,1,1,1,1,1,1,1,1,1,0.6722376930131564,-0.11210645872304956,0.7317982139940807,0,0,795
context-isolation,skills,5,9,1,1,1,1,1,1,1,1,1,0.6722376930131564,-0.11210645872304956,0.7317982139940807,0,0,795
curve-guided-rsi,skills,5,9,1,1,1,1,1,1,1,1,1,0.6722376930131564,-0.11210645872304956,0.7317982139940807,0,0,795
curve-guided-rsi-self,skills,5,9,1,1,1,1,1,1,1,1,1,0.6722376930131564,-0.11210645872304956,0.7317982139940807,0,0,795
debug-with-cli,skills,5,9,1,1,1,1,1,1,1,1,1,0.6722376930131564,-0.11210645872304956,0.7317982139940807,0,0,795
debugging-and-error-recovery,skills,5,9,1,1,1,1,1,1,1,1,1,0.6722376930131564,-0.11210645872304956,0.7317982139940807,0,0,795
deprecation-and-migration,skills,5,9,1,1,1,1,1,1,1,1,1,0.6722376930131564,-0.11210645872304956,0.7317982139940807,0,0,795
dm-verity-and-integrity,skills,5,9,1,1,1,1,1,1,1,1,1,0.6722376930131564,-0.11210645872304956,0.7317982139940807,0,0,795
docker-bake-action,skills,5,9,1,1,1,1,1,1,1,1,1,0.6722376930131564,-0.11210645872304956,0.7317982139940807,0,0,795
docker-build-policy,skills,5,9,1,1,1,1,1,1,1,1,1,0.6722376930131564,-0.11210645872304956,0.7317982139940807,0,0,795
docker-build-push-action,skills,5,9,1,1,1,1,1,1,1,1,1,0.6722376930131564,-0.11210645872304956,0.7317982139940807,0,0,795
docker-buildx-rootless,skills,5,9,1,1,1,1,1,1,1,1,1,0.6722376930131564,-0.11210645872304956,0.7317982139940807,0,0,795
docker-login-action,skills,5,9,1,1,1,1,1,1,1,1,1,0.6722376930131564,-0.11210645872304956,0.7317982139940807,0,0,795
docker-metadata-action,skills,5,9,1,1,1,1,1,1,1,1,1,0.6722376930131564,-0.11210645872304956,0.7317982139940807,0,0,795
docker-setup-buildx-action,skills,5,9,1,1,1,1,1,1,1,1,1,0.6722376930131564,-0.11210645872304956,0.7317982139940807,0,0,795
docker-setup-qemu-action,skills,5,9,1,1,1,1,1,1,1,1,1,0.6722376930131564,-0.11210645872304956,0.7317982139940807,0,0,795
documentation-and-adrs,skills,5,9,1,1,1,1,1,1,1,1,1,0.6722376930131564,-0.11210645872304956,0.7317982139940807,0,0,795
doubt-driven-development,skills,5,9,1,1,1,1,1,1,1,1,1,0.6722376930131564,-0.11210645872304956,0.7317982139940807,0,0,795
drm-gpu-quota-secure-time,skills,5,9,1,1,1,1,1,1,1,1,1,0.6722376930131564,-0.11210645872304956,0.7317982139940807,0,0,795
fedora-bootc-base-images,skills,5,9,1,1,1,1,1,1,1,1,1,0.6722376930131564,-0.11210645872304956,0.7317982139940807,0,0,795
frontend-ui-engineering,skills,5,9,1,1,1,1,1,1,1,1,1,0.6722376930131564,-0.11210645872304956,0.7317982139940807,0,0,795
ftpm-optee-tpm,skills,5,9,1,1,1,1,1,1,1,1,1,0.6722376930131564,-0.11210645872304956,0.7317982139940807,0,0,795
git-workflow-and-versioning,skills,5,9,1,1,1,1,1,1,1,1,1,0.6722376930131564,-0.11210645872304956,0.7317982139940807,0,0,795
github-actions,skills,5,9,1,1,1,1,1,1,1,1,1,0.6722376930131564,-0.11210645872304956,0.7317982139940807,0,0,795
github-api,skills,5,9,1,1,1,1,1,1,1,1,1,0.6722376930131564,-0.11210645872304956,0.7317982139940807,0,0,795
github-stacked-pull-requests,skills,5,9,1,1,1,1,1,1,1,1,1,0.6722376930131564,-0.11210645872304956,0.7317982139940807,0,0,795
human-for-feasibility,skills,5,9,1,1,1,1,1,1,1,1,1,0.6722376930131564,-0.11210645872304956,0.7317982139940807,0,0,795
hyperspherical-harmonic-curve,skills,5,9,1,1,1,1,1,1,1,1,1,0.6722376930131564,-0.11210645872304956,0.7317982139940807,0,0,795
idea-kill,skills,5,9,1,1,1,1,1,1,1,1,1,0.6722376930131564,-0.11210645872304956,0.7317982139940807,0,0,795
idea-refine,skills,5,9,1,1,1,1,1,1,1,1,1,0.6722376930131564,-0.11210645872304956,0.7317982139940807,0,0,795
ideate-solo,skills,5,9,1,1,1,1,1,1,1,1,1,0.6722376930131564,-0.11210645872304956,0.7317982139940807,0,0,795
incremental-implementation,skills,5,9,1,1,1,1,1,1,1,1,1,0.6722376930131564,-0.11210645872304956,0.7317982139940807,0,0,795
internal-big-picture,skills,5,9,1,1,1,1,1,1,1,1,1,0.6722376930131564,-0.11210645872304956,0.7317982139940807,0,0,795
internal-nonlex-tokens,skills,5,8,1,1,1,1,1,1,1,0,1,0.8276549961399876,-0.026085738015399,0.560630664195876,0.24668285835501796,25,42
interview-me,skills,5,9,1,1,1,1,1,1,1,1,1,0.6722376930131564,-0.11210645872304956,0.7317982139940807,0,0,795
learned-latent-curve,skills,5,9,1,1,1,1,1,1,1,1,1,0.6722376930131564,-0.11210645872304956,0.7317982139940807,0,0,795
linkedin-browser-outreach,skills,5,9,1,1,1,1,1,1,1,1,1,0.6722376930131564,-0.11210645872304956,0.7317982139940807,0,0,795
mkosi-image-builder,skills,5,9,1,1,1,1,1,1,1,1,1,0.6722376930131564,-0.11210645872304956,0.7317982139940807,0,0,795
negative-skill-space,skills,5,9,1,1,1,1,1,1,1,1,1,0.6722376930131564,-0.11210645872304956,0.7317982139940807,0,0,795
novelty-indication,skills,5,9,1,1,1,1,1,1,1,1,1,0.6722376930131564,-0.11210645872304956,0.7317982139940807,0,0,795
nspawn-containers,skills,5,9,1,1,1,1,1,1,1,1,1,0.6722376930131564,-0.11210645872304956,0.7317982139940807,0,0,795
observability-and-instrumentation,skills,5,9,1,1,1,1,1,1,1,1,1,0.6722376930131564,-0.11210645872304956,0.7317982139940807,0,0,795
performance-optimization,skills,5,9,1,1,1,1,1,1,1,1,1,0.6722376930131564,-0.11210645872304956,0.7317982139940807,0,0,795
planning-and-task-breakdown,skills,5,9,1,1,1,1,1,1,1,1,1,0.6722376930131564,-0.11210645872304956,0.7317982139940807,0,0,795
play-audio-on-rock1,skills,5,8,1,1,1,1,1,1,1,0,1,0.8276549961399876,-0.026085738015399,0.560630664195876,0.24668285835501796,25,42
pr-launch,skills,5,9,1,1,1,1,1,1,1,1,1,0.6722376930131564,-0.11210645872304956,0.7317982139940807,0,0,795
prior-art-search,skills,5,9,1,1,1,1,1,1,1,1,1,0.6722376930131564,-0.11210645872304956,0.7317982139940807,0,0,795
radio-queue,skills,5,8,1,1,1,1,1,1,1,0,1,0.8276549961399876,-0.026085738015399,0.560630664195876,0.24668285835501796,25,42
recursive-self-improvement,skills,5,9,1,1,1,1,1,1,1,1,1,0.6722376930131564,-0.11210645872304956,0.7317982139940807,0,0,795
restful-self,skills,5,8,1,1,1,1,1,1,1,0,1,0.8276549961399876,-0.026085738015399,0.560630664195876,0.24668285835501796,25,42
rootless-container-builds,skills,5,9,1,1,1,1,1,1,1,1,1,0.6722376930131564,-0.11210645872304956,0.7317982139940807,0,0,795
security-and-hardening,skills,5,9,1,1,1,1,1,1,1,1,1,0.6722376930131564,-0.11210645872304956,0.7317982139940807,0,0,795
self-archaeology,skills,5,8,1,1,1,1,1,1,1,0,1,0.8276549961399876,-0.026085738015399,0.560630664195876,0.24668285835501796,25,42
shipping-and-launch,skills,5,9,1,1,1,1,1,1,1,1,1,0.6722376930131564,-0.11210645872304956,0.7317982139940807,0,0,795
sigstore-rekor-v2,skills,5,9,1,1,1,1,1,1,1,1,1,0.6722376930131564,-0.11210645872304956,0.7317982139940807,0,0,795
single-action-curve-rsi,skills,5,9,1,1,1,1,1,1,1,1,1,0.6722376930131564,-0.11210645872304956,0.7317982139940807,0,0,795
slsa-provenance,skills,5,9,1,1,1,1,1,1,1,1,1,0.6722376930131564,-0.11210645872304956,0.7317982139940807,0,0,795
source-driven-development,skills,5,9,1,1,1,1,1,1,1,1,1,0.6722376930131564,-0.11210645872304956,0.7317982139940807,0,0,795
spec-driven-development,skills,5,9,1,1,1,1,1,1,1,1,1,0.6722376930131564,-0.11210645872304956,0.7317982139940807,0,0,795
systemd-hardening,skills,5,9,1,1,1,1,1,1,1,1,1,0.6722376930131564,-0.11210645872304956,0.7317982139940807,0,0,795
systemd-homed,skills,5,9,1,1,1,1,1,1,1,1,1,0.6722376930131564,-0.11210645872304956,0.7317982139940807,0,0,795
test-driven-development,skills,5,9,1,1,1,1,1,1,1,1,1,0.6722376930131564,-0.11210645872304956,0.7317982139940807,0,0,795
the-cult,skills,5,9,1,1,1,1,1,1,1,1,1,0.6722376930131564,-0.11210645872304956,0.7317982139940807,0,0,795
the-follower,skills,5,9,1,1,1,1,1,1,1,1,1,0.6722376930131564,-0.11210645872304956,0.7317982139940807,0,0,795
token-efficiency,skills,5,9,1,1,1,1,1,1,1,1,1,0.6722376930131564,-0.11210645872304956,0.7317982139940807,0,0,795
using-agent-skills,skills,5,9,1,1,1,1,1,1,1,1,1,0.6722376930131564,-0.11210645872304956,0.7317982139940807,0,0,795
yubikey-operations,skills,5,9,1,1,1,1,1,1,1,1,1,0.6722376930131564,-0.11210645872304956,0.7317982139940807,0,0,795
0pointer-mastery,skills,6,9,1,1,1,1,1,1,1,1,1,0.6722376930131564,-0.11210645872304956,0.7317982139940807,0,0,795
api-and-interface-design,skills,6,9,1,1,1,1,1,1,1,1,1,0.6722376930131564,-0.11210645872304956,0.7317982139940807,0,0,795
arm-trusted-firmware-optee,skills,6,9,1,1,1,1,1,1,1,1,1,0.6722376930131564,-0.11210645872304956,0.7317982139940807,0,0,795
ascii-uart-animator,skills,6,9,1,1,1,1,1,1,1,1,1,0.6722376930131564,-0.11210645872304956,0.7317982139940807,0,0,795
audit-evidence-packaging,skills,6,9,1,1,1,1,1,1,1,1,1,0.6722376930131564,-0.11210645872304956,0.7317982139940807,0,0,795
bcvk-virtualization,skills,6,9,1,1,1,1,1,1,1,1,1,0.6722376930131564,-0.11210645872304956,0.7317982139940807,0,0,795
bootc-images,skills,6,9,1,1,1,1,1,1,1,1,1,0.6722376930131564,-0.11210645872304956,0.7317982139940807,0,0,795
browser-testing-with-devtools,skills,6,9,1,1,1,1,1,1,1,1,1,0.6722376930131564,-0.11210645872304956,0.7317982139940807,0,0,795
ci-cd-and-automation,skills,6,9,1,1,1,1,1,1,1,1,1,0.6722376930131564,-0.11210645872304956,0.7317982139940807,0,0,795
code-review-and-quality,skills,6,9,1,1,1,1,1,1,1,1,1,0.6722376930131564,-0.11210645872304956,0.7317982139940807,0,0,795
code-simplification,skills,6,9,1,1,1,1,1,1,1,1,1,0.6722376930131564,-0.11210645872304956,0.7317982139940807,0,0,795
composefs-kernel-floors,skills,6,9,1,1,1,1,1,1,1,1,1,0.6722376930131564,-0.11210645872304956,0.7317982139940807,0,0,795
context-engineering,skills,6,9,1,1,1,1,1,1,1,1,1,0.6722376930131564,-0.11210645872304956,0.7317982139940807,0,0,795
context-isolation,skills,6,9,1,1,1,1,1,1,1,1,1,0.6722376930131564,-0.11210645872304956,0.7317982139940807,0,0,795
curve-guided-rsi,skills,6,9,1,1,1,1,1,1,1,1,1,0.6722376930131564,-0.11210645872304956,0.7317982139940807,0,0,795
curve-guided-rsi-self,skills,6,9,1,1,1,1,1,1,1,1,1,0.6722376930131564,-0.11210645872304956,0.7317982139940807,0,0,795
debug-with-cli,skills,6,9,1,1,1,1,1,1,1,1,1,0.6722376930131564,-0.11210645872304956,0.7317982139940807,0,0,795
debugging-and-error-recovery,skills,6,9,1,1,1,1,1,1,1,1,1,0.6722376930131564,-0.11210645872304956,0.7317982139940807,0,0,795
deprecation-and-migration,skills,6,9,1,1,1,1,1,1,1,1,1,0.6722376930131564,-0.11210645872304956,0.7317982139940807,0,0,795
dm-verity-and-integrity,skills,6,9,1,1,1,1,1,1,1,1,1,0.6722376930131564,-0.11210645872304956,0.7317982139940807,0,0,795
docker-bake-action,skills,6,9,1,1,1,1,1,1,1,1,1,0.6722376930131564,-0.11210645872304956,0.7317982139940807,0,0,795
docker-build-policy,skills,6,9,1,1,1,1,1,1,1,1,1,0.6722376930131564,-0.11210645872304956,0.7317982139940807,0,0,795
docker-build-push-action,skills,6,9,1,1,1,1,1,1,1,1,1,0.6722376930131564,-0.11210645872304956,0.7317982139940807,0,0,795
docker-buildx-rootless,skills,6,9,1,1,1,1,1,1,1,1,1,0.6722376930131564,-0.11210645872304956,0.7317982139940807,0,0,795
docker-login-action,skills,6,9,1,1,1,1,1,1,1,1,1,0.6722376930131564,-0.11210645872304956,0.7317982139940807,0,0,795
docker-metadata-action,skills,6,9,1,1,1,1,1,1,1,1,1,0.6722376930131564,-0.11210645872304956,0.7317982139940807,0,0,795
docker-setup-buildx-action,skills,6,9,1,1,1,1,1,1,1,1,1,0.6722376930131564,-0.11210645872304956,0.7317982139940807,0,0,795
docker-setup-qemu-action,skills,6,9,1,1,1,1,1,1,1,1,1,0.6722376930131564,-0.11210645872304956,0.7317982139940807,0,0,795
documentation-and-adrs,skills,6,9,1,1,1,1,1,1,1,1,1,0.6722376930131564,-0.11210645872304956,0.7317982139940807,0,0,795
doubt-driven-development,skills,6,9,1,1,1,1,1,1,1,1,1,0.6722376930131564,-0.11210645872304956,0.7317982139940807,0,0,795
drm-gpu-quota-secure-time,skills,6,9,1,1,1,1,1,1,1,1,1,0.6722376930131564,-0.11210645872304956,0.7317982139940807,0,0,795
fedora-bootc-base-images,skills,6,9,1,1,1,1,1,1,1,1,1,0.6722376930131564,-0.11210645872304956,0.7317982139940807,0,0,795
frontend-ui-engineering,skills,6,9,1,1,1,1,1,1,1,1,1,0.6722376930131564,-0.11210645872304956,0.7317982139940807,0,0,795
ftpm-optee-tpm,skills,6,9,1,1,1,1,1,1,1,1,1,0.6722376930131564,-0.11210645872304956,0.7317982139940807,0,0,795
git-workflow-and-versioning,skills,6,9,1,1,1,1,1,1,1,1,1,0.6722376930131564,-0.11210645872304956,0.7317982139940807,0,0,795
github-actions,skills,6,9,1,1,1,1,1,1,1,1,1,0.6722376930131564,-0.11210645872304956,0.7317982139940807,0,0,795
github-api,skills,6,9,1,1,1,1,1,1,1,1,1,0.6722376930131564,-0.11210645872304956,0.7317982139940807,0,0,795
github-stacked-pull-requests,skills,6,9,1,1,1,1,1,1,1,1,1,0.6722376930131564,-0.11210645872304956,0.7317982139940807,0,0,795
human-for-feasibility,skills,6,9,1,1,1,1,1,1,1,1,1,0.6722376930131564,-0.11210645872304956,0.7317982139940807,0,0,795
hyperspherical-harmonic-curve,skills,6,9,1,1,1,1,1,1,1,1,1,0.6722376930131564,-0.11210645872304956,0.7317982139940807,0,0,795
idea-kill,skills,6,9,1,1,1,1,1,1,1,1,1,0.6722376930131564,-0.11210645872304956,0.7317982139940807,0,0,795
idea-refine,skills,6,9,1,1,1,1,1,1,1,1,1,0.6722376930131564,-0.11210645872304956,0.7317982139940807,0,0,795
ideate-solo,skills,6,9,1,1,1,1,1,1,1,1,1,0.6722376930131564,-0.11210645872304956,0.7317982139940807,0,0,795
incremental-implementation,skills,6,9,1,1,1,1,1,1,1,1,1,0.6722376930131564,-0.11210645872304956,0.7317982139940807,0,0,795
internal-big-picture,skills,6,9,1,1,1,1,1,1,1,1,1,0.6722376930131564,-0.11210645872304956,0.7317982139940807,0,0,795
internal-nonlex-tokens,skills,6,9,1,1,1,1,1,1,1,1,1,0.6722376930131564,-0.11210645872304956,0.7317982139940807,0,0,795
interview-me,skills,6,9,1,1,1,1,1,1,1,1,1,0.6722376930131564,-0.11210645872304956,0.7317982139940807,0,0,795
learned-latent-curve,skills,6,9,1,1,1,1,1,1,1,1,1,0.6722376930131564,-0.11210645872304956,0.7317982139940807,0,0,795
linkedin-browser-outreach,skills,6,9,1,1,1,1,1,1,1,1,1,0.6722376930131564,-0.11210645872304956,0.7317982139940807,0,0,795
mkosi-image-builder,skills,6,9,1,1,1,1,1,1,1,1,1,0.6722376930131564,-0.11210645872304956,0.7317982139940807,0,0,795
negative-skill-space,skills,6,9,1,1,1,1,1,1,1,1,1,0.6722376930131564,-0.11210645872304956,0.7317982139940807,0,0,795
novelty-indication,skills,6,9,1,1,1,1,1,1,1,1,1,0.6722376930131564,-0.11210645872304956,0.7317982139940807,0,0,795
nspawn-containers,skills,6,9,1,1,1,1,1,1,1,1,1,0.6722376930131564,-0.11210645872304956,0.7317982139940807,0,0,795
observability-and-instrumentation,skills,6,9,1,1,1,1,1,1,1,1,1,0.6722376930131564,-0.11210645872304956,0.7317982139940807,0,0,795
performance-optimization,skills,6,9,1,1,1,1,1,1,1,1,1,0.6722376930131564,-0.11210645872304956,0.7317982139940807,0,0,795
planning-and-task-breakdown,skills,6,9,1,1,1,1,1,1,1,1,1,0.6722376930131564,-0.11210645872304956,0.7317982139940807,0,0,795
play-audio-on-rock1,skills,6,9,1,1,1,1,1,1,1,1,1,0.6722376930131564,-0.11210645872304956,0.7317982139940807,0,0,795
pr-launch,skills,6,9,1,1,1,1,1,1,1,1,1,0.6722376930131564,-0.11210645872304956,0.7317982139940807,0,0,795
prior-art-search,skills,6,9,1,1,1,1,1,1,1,1,1,0.6722376930131564,-0.11210645872304956,0.7317982139940807,0,0,795
radio-queue,skills,6,9,1,1,1,1,1,1,1,1,1,0.6722376930131564,-0.11210645872304956,0.7317982139940807,0,0,795
recursive-self-improvement,skills,6,9,1,1,1,1,1,1,1,1,1,0.6722376930131564,-0.11210645872304956,0.7317982139940807,0,0,795
restful-self,skills,6,9,1,1,1,1,1,1,1,1,1,0.6722376930131564,-0.11210645872304956,0.7317982139940807,0,0,795
rootless-container-builds,skills,6,9,1,1,1,1,1,1,1,1,1,0.6722376930131564,-0.11210645872304956,0.7317982139940807,0,0,795
security-and-hardening,skills,6,9,1,1,1,1,1,1,1,1,1,0.6722376930131564,-0.11210645872304956,0.7317982139940807,0,0,795
self-archaeology,skills,6,9,1,1,1,1,1,1,1,1,1,0.6722376930131564,-0.11210645872304956,0.7317982139940807,0,0,795
shipping-and-launch,skills,6,9,1,1,1,1,1,1,1,1,1,0.6722376930131564,-0.11210645872304956,0.7317982139940807,0,0,795
sigstore-rekor-v2,skills,6,9,1,1,1,1,1,1,1,1,1,0.6722376930131564,-0.11210645872304956,0.7317982139940807,0,0,795
single-action-curve-rsi,skills,6,9,1,1,1,1,1,1,1,1,1,0.6722376930131564,-0.11210645872304956,0.7317982139940807,0,0,795
slsa-provenance,skills,6,9,1,1,1,1,1,1,1,1,1,0.6722376930131564,-0.11210645872304956,0.7317982139940807,0,0,795
source-driven-development,skills,6,9,1,1,1,1,1,1,1,1,1,0.6722376930131564,-0.11210645872304956,0.7317982139940807,0,0,795
spec-driven-development,skills,6,9,1,1,1,1,1,1,1,1,1,0.6722376930131564,-0.11210645872304956,0.7317982139940807,0,0,795
systemd-hardening,skills,6,9,1,1,1,1,1,1,1,1,1,0.6722376930131564,-0.11210645872304956,0.7317982139940807,0,0,795
systemd-homed,skills,6,9,1,1,1,1,1,1,1,1,1,0.6722376930131564,-0.11210645872304956,0.7317982139940807,0,0,795
test-driven-development,skills,6,9,1,1,1,1,1,1,1,1,1,0.6722376930131564,-0.11210645872304956,0.7317982139940807,0,0,795
the-cult,skills,6,9,1,1,1,1,1,1,1,1,1,0.6722376930131564,-0.11210645872304956,0.7317982139940807,0,0,795
the-follower,skills,6,9,1,1,1,1,1,1,1,1,1,0.6722376930131564,-0.11210645872304956,0.7317982139940807,0,0,795
token-efficiency,skills,6,9,1,1,1,1,1,1,1,1,1,0.6722376930131564,-0.11210645872304956,0.7317982139940807,0,0,795
using-agent-skills,skills,6,9,1,1,1,1,1,1,1,1,1,0.6722376930131564,-0.11210645872304956,0.7317982139940807,0,0,795
yubikey-operations,skills,6,9,1,1,1,1,1,1,1,1,1,0.6722376930131564,-0.11210645872304956,0.7317982139940807,0,0,795
ADR,docs,1,9,1,1,1,1,1,1,1,1,1,0.6722376930131564,-0.11210645872304956,0.7317982139940807,0,0,795
ARCHITECTURE,docs,1,8,1,1,1,1,0,1,1,1,1,0.6484564351097944,0.3633061646667195,0.6689640367612114,0.48013627704469514,1,107
BLOCKERS,docs,1,3,0,1,0,0,0,1,0,1,0,-0.9002726080006143,-0.09504102702681709,0.4248251810632936,1.6022834701450692,35,2
CITATION,docs,1,6,1,1,0,0,0,1,1,1,1,0.39960424564710456,0.8949661516850658,0.19837347150975704,1.1717790726717134,5,8
CI_MAP,docs,1,7,1,1,1,1,0,1,1,1,0,0.5609204735877651,0.6197204833384787,0.5489214377675549,0.7624999093447389,36,11
FUTURE,docs,1,6,1,1,0,0,0,1,1,1,1,0.39960424564710456,0.8949661516850658,0.19837347150975704,1.1717790726717134,5,8
LEARN,docs,1,0,0,0,0,0,0,0,0,0,0,-0.5017214028247111,-0.054836368536607234,0.863289410703804,1.1826875144105402,37,204
MAINTAINER,docs,1,0,0,0,0,0,0,0,0,0,0,-0.5017214028247111,-0.054836368536607234,0.863289410703804,1.1826875144105402,37,204
MILESTONE,docs,1,5,0,1,0,0,0,1,1,1,1,-0.38819535343744727,0.06996746774779924,-0.9189172547223913,1.9704138446947794,38,2
MISSION,docs,1,7,1,1,0,1,0,1,1,1,1,0.5435009284695719,0.6279280210776734,0.5570575743118392,0.7712058590257441,10,12
MITIGATE,docs,1,6,1,1,1,0,0,1,1,1,0,0.42633613420879296,0.8880371353750643,0.17212654316737971,1.1721719859149764,39,1
ONBOARDING,docs,1,2,0,0,0,0,0,1,0,1,0,-0.7177104617740893,-0.09970565021854838,0.6891665084538859,1.3906570804354683,40,8
OPTS,docs,1,6,1,1,0,0,0,1,1,1,1,0.39960424564710456,0.8949661516850658,0.19837347150975704,1.1717790726717134,5,8
PLAN,docs,1,4,1,0,0,0,0,1,1,1,0,-0.5562940653958789,0.7164977791201026,0.42091310899197026,1.5141085868930937,41,5
PR,docs,1,7,1,1,0,1,0,1,1,1,1,0.5435009284695719,0.6279280210776734,0.5570575743118392,0.7712058590257441,10,12
SELF,docs,1,6,1,0,1,0,0,1,1,1,1,0.5907366164959379,0.7779427742897161,-0.21409177906064225,1.3013600353557588,42,2
SER,docs,1,4,0,0,0,0,0,1,1,1,1,-0.9910510153279971,-0.12472928243928906,-0.04754462240386612,1.8368625206091365,43,1
SOUL,docs,1,5,0,1,0,0,0,1,1,1,1,-0.38819535343744727,0.06996746774779924,-0.9189172547223913,1.9704138446947794,38,2
SPEC,docs,1,8,1,1,1,1,0,1,1,1,1,0.6484564351097944,0.3633061646667195,0.6689640367612114,0.48013627704469514,1,107
THREAT_MODEL,docs,1,8,1,1,1,1,0,1,1,1,1,0.6484564351097944,0.3633061646667195,0.6689640367612114,0.48013627704469514,1,107
TODO,docs,1,8,1,1,1,1,0,1,1,1,1,0.6484564351097944,0.3633061646667195,0.6689640367612114,0.48013627704469514,1,107
ADR,docs,2,9,1,1,1,1,1,1,1,1,1,0.6722376930131564,-0.11210645872304956,0.7317982139940807,0,0,795
ARCHITECTURE,docs,2,9,1,1,1,1,1,1,1,1,1,0.6722376930131564,-0.11210645872304956,0.7317982139940807,0,0,795
BLOCKERS,docs,2,6,1,1,0,1,0,1,1,1,0,0.24769067222963437,0.8200520476731016,0.5159108159339024,1.0467889102125898,44,37
CITATION,docs,2,7,1,1,1,0,0,1,1,1,1,0.7817101147709021,0.5059332901227703,0.3646379058880355,0.7271616286132238,9,28
CI_MAP,docs,2,8,1,1,1,1,1,1,1,1,0,0.8472372838308261,-0.066985970128512,0.5269742542979745,0.2731548457248265,45,17
FUTURE,docs,2,7,1,1,1,0,0,1,1,1,1,0.7817101147709021,0.5059332901227703,0.3646379058880355,0.7271616286132238,9,28
LEARN,docs,2,4,1,0,0,1,0,1,1,0,0,-0.3207796294973044,0.7118927179299712,0.6247472988799957,1.2948042108201008,23,24
MAINTAINER,docs,2,4,1,0,0,1,0,1,1,0,0,-0.3207796294973044,0.7118927179299712,0.6247472988799957,1.2948042108201008,23,24
MILESTONE,docs,2,7,1,1,0,1,0,1,1,1,1,0.5435009284695719,0.6279280210776734,0.5570575743118392,0.7712058590257441,10,12
MISSION,docs,2,8,1,1,1,1,0,1,1,1,1,0.6484564351097944,0.3633061646667195,0.6689640367612114,0.48013627704469514,1,107
MITIGATE,docs,2,7,1,1,1,1,0,1,1,1,0,0.5609204735877651,0.6197204833384787,0.5489214377675549,0.7624999093447389,36,11
ONBOARDING,docs,2,5,1,0,0,1,0,1,1,1,0,-0.13570411456668954,0.8994868412945792,0.41534060194925704,1.332755187308253,46,27
OPTS,docs,2,7,1,1,1,0,0,1,1,1,1,0.7817101147709021,0.5059332901227703,0.3646379058880355,0.7271616286132238,9,28
PLAN,docs,2,5,1,1,0,0,0,1,1,1,0,-0.14520953214127372,0.9325944305502836,0.3304267239221197,1.385900063858775,47,7
PR,docs,2,8,1,1,1,1,0,1,1,1,1,0.6484564351097944,0.3633061646667195,0.6689640367612114,0.48013627704469514,1,107
SELF,docs,2,7,1,1,1,0,0,1,1,1,1,0.7817101147709021,0.5059332901227703,0.3646379058880355,0.7271616286132238,9,28
SER,docs,2,6,1,0,0,1,0,1,1,1,1,0.34195305400484943,0.893070333576271,0.29239269509125004,1.1456637973612787,21,2
SOUL,docs,2,7,1,1,0,1,0,1,1,1,1,0.5435009284695719,0.6279280210776734,0.5570575743118392,0.7712058590257441,10,12
SPEC,docs,2,9,1,1,1,1,1,1,1,1,1,0.6722376930131564,-0.11210645872304956,0.7317982139940807,0,0,795
THREAT_MODEL,docs,2,9,1,1,1,1,1,1,1,1,1,0.6722376930131564,-0.11210645872304956,0.7317982139940807,0,0,795
TODO,docs,2,9,1,1,1,1,1,1,1,1,1,0.6722376930131564,-0.11210645872304956,0.7317982139940807,0,0,795
ADR,docs,3,9,1,1,1,1,1,1,1,1,1,0.6722376930131564,-0.11210645872304956,0.7317982139940807,0,0,795
ARCHITECTURE,docs,3,9,1,1,1,1,1,1,1,1,1,0.6722376930131564,-0.11210645872304956,0.7317982139940807,0,0,795
BLOCKERS,docs,3,8,1,1,1,1,0,1,1,1,1,0.6484564351097944,0.3633061646667195,0.6689640367612114,0.48013627704469514,1,107
CITATION,docs,3,8,1,1,1,1,0,1,1,1,1,0.6484564351097944,0.3633061646667195,0.6689640367612114,0.48013627704469514,1,107
CI_MAP,docs,3,9,1,1,1,1,1,1,1,1,1,0.6722376930131564,-0.11210645872304956,0.7317982139940807,0,0,795
FUTURE,docs,3,8,1,1,1,1,0,1,1,1,1,0.6484564351097944,0.3633061646667195,0.6689640367612114,0.48013627704469514,1,107
LEARN,docs,3,5,1,1,0,1,0,1,1,0,0,-0.04250775481128915,0.7856011156490595,0.6172713972572003,1.1531939715514932,30,25
MAINTAINER,docs,3,5,1,1,0,1,0,1,1,0,0,-0.04250775481128915,0.7856011156490595,0.6172713972572003,1.1531939715514932,30,25
MILESTONE,docs,3,8,1,1,1,1,0,1,1,1,1,0.6484564351097944,0.3633061646667195,0.6689640367612114,0.48013627704469514,1,107
MISSION,docs,3,9,1,1,1,1,1,1,1,1,1,0.6722376930131564,-0.11210645872304956,0.7317982139940807,0,0,795
MITIGATE,docs,3,8,1,1,1,1,1,1,1,1,0,0.8472372838308261,-0.066985970128512,0.5269742542979745,0.2731548457248265,45,17
ONBOARDING,docs,3,6,1,1,0,1,0,1,1,1,0,0.24769067222963437,0.8200520476731016,0.5159108159339024,1.0467889102125898,44,37
OPTS,docs,3,8,1,1,1,1,0,1,1,1,1,0.6484564351097944,0.3633061646667195,0.6689640367612114,0.48013627704469514,1,107
PLAN,docs,3,7,1,1,1,0,0,1,1,1,1,0.7817101147709021,0.5059332901227703,0.3646379058880355,0.7271616286132238,9,28
PR,docs,3,9,1,1,1,1,1,1,1,1,1,0.6722376930131564,-0.11210645872304956,0.7317982139940807,0,0,795
SELF,docs,3,8,1,1,1,1,0,1,1,1,1,0.6484564351097944,0.3633061646667195,0.6689640367612114,0.48013627704469514,1,107
SER,docs,3,7,1,1,0,1,0,1,1,1,1,0.5435009284695719,0.6279280210776734,0.5570575743118392,0.7712058590257441,10,12
SOUL,docs,3,8,1,1,1,1,0,1,1,1,1,0.6484564351097944,0.3633061646667195,0.6689640367612114,0.48013627704469514,1,107
SPEC,docs,3,9,1,1,1,1,1,1,1,1,1,0.6722376930131564,-0.11210645872304956,0.7317982139940807,0,0,795
THREAT_MODEL,docs,3,9,1,1,1,1,1,1,1,1,1,0.6722376930131564,-0.11210645872304956,0.7317982139940807,0,0,795
TODO,docs,3,9,1,1,1,1,1,1,1,1,1,0.6722376930131564,-0.11210645872304956,0.7317982139940807,0,0,795
ADR,docs,4,9,1,1,1,1,1,1,1,1,1,0.6722376930131564,-0.11210645872304956,0.7317982139940807,0,0,795
ARCHITECTURE,docs,4,9,1,1,1,1,1,1,1,1,1,0.6722376930131564,-0.11210645872304956,0.7317982139940807,0,0,795
BLOCKERS,docs,4,9,1,1,1,1,1,1,1,1,1,0.6722376930131564,-0.11210645872304956,0.7317982139940807,0,0,795
CITATION,docs,4,9,1,1,1,1,1,1,1,1,1,0.6722376930131564,-0.11210645872304956,0.7317982139940807,0,0,795
CI_MAP,docs,4,9,1,1,1,1,1,1,1,1,1,0.6722376930131564,-0.11210645872304956,0.7317982139940807,0,0,795
FUTURE,docs,4,9,1,1,1,1,1,1,1,1,1,0.6722376930131564,-0.11210645872304956,0.7317982139940807,0,0,795
LEARN,docs,4,7,1,1,1,1,0,1,1,0,1,0.5447508267195296,0.593660191811017,0.5922956301099103,0.7306301643059945,33,35
MAINTAINER,docs,4,7,1,1,1,1,0,1,1,0,1,0.5447508267195296,0.593660191811017,0.5922956301099103,0.7306301643059945,33,35
MILESTONE,docs,4,9,1,1,1,1,1,1,1,1,1,0.6722376930131564,-0.11210645872304956,0.7317982139940807,0,0,795
MISSION,docs,4,9,1,1,1,1,1,1,1,1,1,0.6722376930131564,-0.11210645872304956,0.7317982139940807,0,0,795
MITIGATE,docs,4,9,1,1,1,1,1,1,1,1,1,0.6722376930131564,-0.11210645872304956,0.7317982139940807,0,0,795
ONBOARDING,docs,4,8,1,1,1,1,0,1,1,1,1,0.6484564351097944,0.3633061646667195,0.6689640367612114,0.48013627704469514,1,107
OPTS,docs,4,9,1,1,1,1,1,1,1,1,1,0.6722376930131564,-0.11210645872304956,0.7317982139940807,0,0,795
PLAN,docs,4,8,1,1,1,1,0,1,1,1,1,0.6484564351097944,0.3633061646667195,0.6689640367612114,0.48013627704469514,1,107
PR,docs,4,9,1,1,1,1,1,1,1,1,1,0.6722376930131564,-0.11210645872304956,0.7317982139940807,0,0,795
SELF,docs,4,9,1,1,1,1,1,1,1,1,1,0.6722376930131564,-0.11210645872304956,0.7317982139940807,0,0,795
SER,docs,4,8,1,1,1,1,0,1,1,1,1,0.6484564351097944,0.3633061646667195,0.6689640367612114,0.48013627704469514,1,107
SOUL,docs,4,9,1,1,1,1,1,1,1,1,1,0.6722376930131564,-0.11210645872304956,0.7317982139940807,0,0,795
SPEC,docs,4,9,1,1,1,1,1,1,1,1,1,0.6722376930131564,-0.11210645872304956,0.7317982139940807,0,0,795
THREAT_MODEL,docs,4,9,1,1,1,1,1,1,1,1,1,0.6722376930131564,-0.11210645872304956,0.7317982139940807,0,0,795
TODO,docs,4,9,1,1,1,1,1,1,1,1,1,0.6722376930131564,-0.11210645872304956,0.7317982139940807,0,0,795
ADR,docs,5,9,1,1,1,1,1,1,1,1,1,0.6722376930131564,-0.11210645872304956,0.7317982139940807,0,0,795
ARCHITECTURE,docs,5,9,1,1,1,1,1,1,1,1,1,0.6722376930131564,-0.11210645872304956,0.7317982139940807,0,0,795
BLOCKERS,docs,5,9,1,1,1,1,1,1,1,1,1,0.6722376930131564,-0.11210645872304956,0.7317982139940807,0,0,795
CITATION,docs,5,9,1,1,1,1,1,1,1,1,1,0.6722376930131564,-0.11210645872304956,0.7317982139940807,0,0,795
CI_MAP,docs,5,9,1,1,1,1,1,1,1,1,1,0.6722376930131564,-0.11210645872304956,0.7317982139940807,0,0,795
FUTURE,docs,5,9,1,1,1,1,1,1,1,1,1,0.6722376930131564,-0.11210645872304956,0.7317982139940807,0,0,795
LEARN,docs,5,8,1,1,1,1,1,1,1,0,1,0.8276549961399876,-0.026085738015399,0.560630664195876,0.24668285835501796,25,42
MAINTAINER,docs,5,8,1,1,1,1,1,1,1,0,1,0.8276549961399876,-0.026085738015399,0.560630664195876,0.24668285835501796,25,42
MILESTONE,docs,5,9,1,1,1,1,1,1,1,1,1,0.6722376930131564,-0.11210645872304956,0.7317982139940807,0,0,795
MISSION,docs,5,9,1,1,1,1,1,1,1,1,1,0.6722376930131564,-0.11210645872304956,0.7317982139940807,0,0,795
MITIGATE,docs,5,9,1,1,1,1,1,1,1,1,1,0.6722376930131564,-0.11210645872304956,0.7317982139940807,0,0,795
ONBOARDING,docs,5,9,1,1,1,1,1,1,1,1,1,0.6722376930131564,-0.11210645872304956,0.7317982139940807,0,0,795
OPTS,docs,5,9,1,1,1,1,1,1,1,1,1,0.6722376930131564,-0.11210645872304956,0.7317982139940807,0,0,795
PLAN,docs,5,9,1,1,1,1,1,1,1,1,1,0.6722376930131564,-0.11210645872304956,0.7317982139940807,0,0,795
PR,docs,5,9,1,1,1,1,1,1,1,1,1,0.6722376930131564,-0.11210645872304956,0.7317982139940807,0,0,795
SELF,docs,5,9,1,1,1,1,1,1,1,1,1,0.6722376930131564,-0.11210645872304956,0.7317982139940807,0,0,795
SER,docs,5,9,1,1,1,1,1,1,1,1,1,0.6722376930131564,-0.11210645872304956,0.7317982139940807,0,0,795
SOUL,docs,5,9,1,1,1,1,1,1,1,1,1,0.6722376930131564,-0.11210645872304956,0.7317982139940807,0,0,795
SPEC,docs,5,9,1,1,1,1,1,1,1,1,1,0.6722376930131564,-0.11210645872304956,0.7317982139940807,0,0,795
THREAT_MODEL,docs,5,9,1,1,1,1,1,1,1,1,1,0.6722376930131564,-0.11210645872304956,0.7317982139940807,0,0,795
TODO,docs,5,9,1,1,1,1,1,1,1,1,1,0.6722376930131564,-0.11210645872304956,0.7317982139940807,0,0,795
ADR,docs,6,9,1,1,1,1,1,1,1,1,1,0.6722376930131564,-0.11210645872304956,0.7317982139940807,0,0,795
ARCHITECTURE,docs,6,9,1,1,1,1,1,1,1,1,1,0.6722376930131564,-0.11210645872304956,0.7317982139940807,0,0,795
BLOCKERS,docs,6,9,1,1,1,1,1,1,1,1,1,0.6722376930131564,-0.11210645872304956,0.7317982139940807,0,0,795
CITATION,docs,6,9,1,1,1,1,1,1,1,1,1,0.6722376930131564,-0.11210645872304956,0.7317982139940807,0,0,795
CI_MAP,docs,6,9,1,1,1,1,1,1,1,1,1,0.6722376930131564,-0.11210645872304956,0.7317982139940807,0,0,795
FUTURE,docs,6,9,1,1,1,1,1,1,1,1,1,0.6722376930131564,-0.11210645872304956,0.7317982139940807,0,0,795
LEARN,docs,6,9,1,1,1,1,1,1,1,1,1,0.6722376930131564,-0.11210645872304956,0.7317982139940807,0,0,795
MAINTAINER,docs,6,9,1,1,1,1,1,1,1,1,1,0.6722376930131564,-0.11210645872304956,0.7317982139940807,0,0,795
MILESTONE,docs,6,9,1,1,1,1,1,1,1,1,1,0.6722376930131564,-0.11210645872304956,0.7317982139940807,0,0,795
MISSION,docs,6,9,1,1,1,1,1,1,1,1,1,0.6722376930131564,-0.11210645872304956,0.7317982139940807,0,0,795
MITIGATE,docs,6,9,1,1,1,1,1,1,1,1,1,0.6722376930131564,-0.11210645872304956,0.7317982139940807,0,0,795
ONBOARDING,docs,6,9,1,1,1,1,1,1,1,1,1,0.6722376930131564,-0.11210645872304956,0.7317982139940807,0,0,795
OPTS,docs,6,9,1,1,1,1,1,1,1,1,1,0.6722376930131564,-0.11210645872304956,0.7317982139940807,0,0,795
PLAN,docs,6,9,1,1,1,1,1,1,1,1,1,0.6722376930131564,-0.11210645872304956,0.7317982139940807,0,0,795
PR,docs,6,9,1,1,1,1,1,1,1,1,1,0.6722376930131564,-0.11210645872304956,0.7317982139940807,0,0,795
SELF,docs,6,9,1,1,1,1,1,1,1,1,1,0.6722376930131564,-0.11210645872304956,0.7317982139940807,0,0,795
SER,docs,6,9,1,1,1,1,1,1,1,1,1,0.6722376930131564,-0.11210645872304956,0.7317982139940807,0,0,795
SOUL,docs,6,9,1,1,1,1,1,1,1,1,1,0.6722376930131564,-0.11210645872304956,0.7317982139940807,0,0,795
SPEC,docs,6,9,1,1,1,1,1,1,1,1,1,0.6722376930131564,-0.11210645872304956,0.7317982139940807,0,0,795
THREAT_MODEL,docs,6,9,1,1,1,1,1,1,1,1,1,0.6722376930131564,-0.11210645872304956,0.7317982139940807,0,0,795
TODO,docs,6,9,1,1,1,1,1,1,1,1,1,0.6722376930131564,-0.11210645872304956,0.7317982139940807,0,0,795
0pointer-poettering-systemd-vision-2026-07-23,refs,1,8,1,1,1,0,1,1,1,1,1,0.760081539205725,-0.30745782868403515,0.5724908185635421,0.2669410895654686,4,8
actions-checkout-v6-includeif-investigation-2026-07-29,refs,1,2,0,0,1,0,0,0,0,1,0,-0.6152095750277478,-0.28693082543389786,0.7342941373931838,1.2992652757675975,48,5
adr-033-misbehavior-cutoff-policy-2026-07-28,refs,1,2,1,0,0,0,0,0,1,0,0,-0.6008005183007077,0.29940181353817663,0.741213391176692,1.3379289933199003,49,54
adr-033-prior-art-search-2026-07-28,refs,1,2,0,0,0,1,0,0,0,0,1,-0.7302211852576949,-0.12343977044967974,0.6719669959694282,1.4037802975700082,50,1
arm64-ftpm-phase-f0-2026-07-23,refs,1,3,1,0,0,0,0,0,1,1,0,-0.7511334269475812,0.35296648224518606,0.557864891648006,1.507491620600749,51,21
arm64-path-a-b-board-status-2026-07-23,refs,1,5,1,1,0,0,0,1,1,1,0,-0.14520953214127372,0.9325944305502836,0.3304267239221197,1.385900063858775,47,7
arm64-rk-board-status-2026-07-17,refs,1,1,0,1,0,0,0,0,0,0,0,-0.6081736362463723,-0.051041564889270606,0.7921613388878048,1.2832871074712857,52,8
arm64-zstd-efi-zboot-bcvk-2026-07-23,refs,1,1,0,0,0,0,0,0,0,1,0,-0.5610398352955238,-0.13987861894517217,0.8158849644242518,1.2364527230397757,53,33
arxiv-2607.09967-vs-learned-latent-curve-2026-08-04,refs,1,0,0,0,0,0,0,0,0,0,0,-0.5017214028247111,-0.054836368536607234,0.863289410703804,1.1826875144105402,37,204
assets-repo-repoint-verification-2026-07-28,refs,1,1,0,0,0,1,0,0,0,0,0,-0.6088675156318976,-0.020683551785226854,0.7930022314557436,1.2858206077380687,54,6
attested-bootc-gpu-cutover-2026-07-30,refs,1,8,1,1,1,1,0,1,1,1,1,0.6484564351097944,0.3633061646667195,0.6689640367612114,0.48013627704469514,1,107
bcvk-swtpm-ci-2026-07-23,refs,1,2,0,0,0,0,0,1,0,1,0,-0.7177104617740893,-0.09970565021854838,0.6891665084538859,1.3906570804354683,40,8
bootc-composefs-sealed-flow-2026-07-22,refs,1,4,1,0,1,0,0,1,0,1,0,-0.8938864070431446,0.4478466822767038,-0.020011008901266166,1.825242264611236,55,1
bootc-dev-org-releases-2026-07-23,refs,1,2,0,0,1,0,0,0,0,1,0,-0.6152095750277478,-0.28693082543389786,0.7342941373931838,1.2992652757675975,48,5
bootc-upgrade-rollback-sysext-portable-test-spec-2026-08-04,refs,1,9,1,1,1,1,1,1,1,1,1,0.6722376930131564,-0.11210645872304956,0.7317982139940807,0,0,795
ci-evidence-2026-07-21,refs,1,4,0,0,1,1,0,0,1,1,0,-0.952321998979806,-0.30477913698520126,-0.013874001501454129,1.7978720774179122,56,1
covenant-conflict-policy-2026-07-25,refs,1,6,1,1,0,1,0,1,1,1,0,0.24769067222963437,0.8200520476731016,0.5159108159339024,1.0467889102125898,44,37
current-position-evidence-2026-07-25,refs,1,4,1,0,0,0,0,1,1,1,0,-0.5562940653958789,0.7164977791201026,0.42091310899197026,1.5141085868930937,41,5
curve-guided-rsi-and-self-differential-2026-08-04,refs,1,5,1,0,1,0,0,1,1,0,1,-0.1349934752878689,0.9908093459937285,0.00857913289229603,1.5463153852433875,57,1
curve-guided-rsi-v1-cycle4-all-skills-2026-08-04,refs,1,9,1,1,1,1,1,1,1,1,1,0.6722376930131564,-0.11210645872304956,0.7317982139940807,0,0,795
curve-guided-rsi-v1-cycles-2-3-run-2026-08-04,refs,1,5,0,0,1,0,1,1,0,1,1,-0.0895492767322314,-0.6933845278074718,0.7149816946145849,0.9583769489070654,58,1
curve-guided-rsi-v1-fitness-test-run-2026-08-04,refs,1,7,1,0,1,1,1,1,1,0,1,0.9719605614517852,-0.18322996273432088,0.14737519376988095,0.6606380380025785,15,2
curve-guided-rsi-v2-cycle5-deep-research-2026-08-04,refs,1,5,1,0,0,0,0,1,1,1,1,-0.2473192041132304,0.9688983733907929,-0.008315847369561825,1.6006014987917419,59,1
customer-roi-model-2026-07-25,refs,1,1,0,0,0,0,0,0,0,1,0,-0.5610398352955238,-0.13987861894517217,0.8158849644242518,1.2364527230397757,53,33
customer-roi-model-2026-07-26,refs,1,1,0,0,0,0,0,0,0,1,0,-0.5610398352955238,-0.13987861894517217,0.8158849644242518,1.2364527230397757,53,33
cycle4-results-2026-08-06,refs,1,0,0,0,0,0,0,0,0,0,0,-0.5017214028247111,-0.054836368536607234,0.863289410703804,1.1826875144105402,37,204
cycle5-results-2026-08-06,refs,1,9,1,1,1,1,1,1,1,1,1,0.6722376930131564,-0.11210645872304956,0.7317982139940807,0,0,795
days-0-30-safe-offer-2026-07-25,refs,1,3,0,1,0,0,0,0,1,1,0,-0.8812879819930367,-0.06712413574021718,0.46778824610690023,1.5764411487360288,60,6
days-31-60-narrow-product-2026-07-25,refs,1,3,0,1,0,0,0,1,0,1,0,-0.9002726080006143,-0.09504102702681709,0.4248251810632936,1.6022834701450692,35,2
days-61-90-willingness-to-pay-2026-07-25,refs,1,3,1,0,0,0,0,1,0,1,0,-0.7726715457282436,0.36476759374864204,0.5195414179569829,1.5363022220855374,61,1
debug-with-cli-2026-08-01,refs,1,4,1,0,0,0,0,1,0,1,1,-0.8795212589488886,0.47562588419838797,0.014912187547898184,1.8075703933247145,62,2
decisions-deferrals-rejected-models-2026-07-25,refs,1,3,0,1,0,0,0,0,1,1,0,-0.8812879819930367,-0.06712413574021718,0.46778824610690023,1.5764411487360288,60,6
differential-curve-use-case-skill-land-grab-detection-2026-08-04,refs,1,4,1,0,1,0,0,1,1,0,0,-0.5079673528368457,0.7610449977768751,0.40345963839115756,1.5043548904652457,63,1
digest-bump-checklist-2026-07-25,refs,1,5,1,0,0,1,0,1,1,1,0,-0.13570411456668954,0.8994868412945792,0.41534060194925704,1.332755187308253,46,27
docker-bake-consolidation-2026-07-17,refs,1,2,0,0,0,1,0,0,0,1,0,-0.7040638745188903,-0.13923540189213834,0.6963530451268113,1.3770251792703974,64,3
docker-build-policies-reference-2026-07-23,refs,1,3,1,0,0,1,0,0,1,0,0,-0.5625216293169523,0.5148744541610261,0.6468954420947691,1.387423558210774,65,10
edgeless-reproducible-mkosi-research-2026-07-30,refs,1,4,1,0,0,0,0,1,1,1,0,-0.5562940653958789,0.7164977791201026,0.42091310899197026,1.5141085868930937,41,5
endlessh-openwrt-fit-2026-07-17,refs,1,0,0,0,0,0,0,0,0,0,0,-0.5017214028247111,-0.054836368536607234,0.863289410703804,1.1826875144105402,37,204
entity-governance-legal-2026-07-25,refs,1,1,0,0,0,0,0,0,1,0,0,-0.5960860636841963,0.015180040208573144,0.8027770369540639,1.2766694943962358,66,142
external-benchmarks-sources-2026-07-25,refs,1,2,0,1,0,0,0,0,0,1,0,-0.6905912296933844,-0.18114476719154948,0.7001930639400097,1.364942433259221,67,5
external-benchmarks-sources-2026-07-26,refs,1,2,0,1,0,0,0,0,0,1,0,-0.6905912296933844,-0.18114476719154948,0.7001930639400097,1.364942433259221,67,5
fedora-bootc-base-images-status-2026-07-23,refs,1,2,0,0,0,0,0,1,0,1,0,-0.7177104617740893,-0.09970565021854838,0.6891665084538859,1.3906570804354683,40,8
fido2-ci-emulator-status-2026-07-23,refs,1,1,0,0,0,0,0,0,0,1,0,-0.5610398352955238,-0.13987861894517217,0.8158849644242518,1.2364527230397757,53,33
firmware-rk-workflow-2026-07-17,refs,1,2,0,1,0,0,0,0,0,0,1,-0.7177785591143473,-0.1694639783319374,0.6753339174983322,1.3923445274116013,68,1
first-90-days-2026-07-25,refs,1,1,0,0,0,0,0,0,0,1,0,-0.5610398352955238,-0.13987861894517217,0.8158849644242518,1.2364527230397757,53,33
first-90-days-2026-07-28,refs,1,2,0,0,0,0,0,1,0,1,0,-0.7177104617740893,-0.09970565021854838,0.6891665084538859,1.3906570804354683,40,8
fork-upstream-drift-detection-schedule-2026-08-04,refs,1,1,0,0,0,0,0,0,0,1,0,-0.5610398352955238,-0.13987861894517217,0.8158849644242518,1.2364527230397757,53,33
frost-panfrost-lockout-2026-07-17,refs,1,2,0,0,0,0,0,1,0,0,1,-0.742606398959762,-0.07992056835945462,0.6649424328294266,1.4167884216086413,69,2
gap-map-hyperspherical-harmonic-curve-2026-08-05,refs,1,0,0,0,0,0,0,0,0,0,0,-0.5017214028247111,-0.054836368536607234,0.863289410703804,1.1826875144105402,37,204
hyperspherical-harmonic-curve-2026-08-05,refs,1,1,0,0,0,0,0,0,1,0,0,-0.5960860636841963,0.015180040208573144,0.8027770369540639,1.2766694943962358,66,142
hyperspherical-harmonic-curve-v1-fit-2026-08-05,refs,1,7,1,1,0,1,0,1,1,1,1,0.5435009284695719,0.6279280210776734,0.5570575743118392,0.7712058590257441,10,12
image-builder-cli-fork-status-2026-07-23,refs,1,1,0,0,0,0,0,0,0,1,0,-0.5610398352955238,-0.13987861894517217,0.8158849644242518,1.2364527230397757,53,33
kernel-rootfs-split-2026-07-29,refs,1,2,0,0,0,0,0,1,0,1,0,-0.7177104617740893,-0.09970565021854838,0.6891665084538859,1.3906570804354683,40,8
learned-latent-curve-rsi-v10-2026-08-03,refs,1,1,0,0,0,0,0,0,1,0,0,-0.5960860636841963,0.015180040208573144,0.8027770369540639,1.2766694943962358,66,142
learned-latent-curve-rsi-v11-v12-2026-08-03,refs,1,1,0,0,0,0,0,0,1,0,0,-0.5960860636841963,0.015180040208573144,0.8027770369540639,1.2766694943962358,66,142
learned-latent-curve-skill-quality-map-2026-08-03,refs,1,2,0,0,1,0,0,0,0,1,0,-0.6152095750277478,-0.28693082543389786,0.7342941373931838,1.2992652757675975,48,5
learned-latent-curve-yubios-artifact-primitives-coverage-flow-2026-08-04,refs,1,9,1,1,1,1,1,1,1,1,1,0.6722376930131564,-0.11210645872304956,0.7317982139940807,0,0,795
libvfio-user-bundle-decision-2026-07-30,refs,1,0,0,0,0,0,0,0,0,0,0,-0.5017214028247111,-0.054836368536607234,0.863289410703804,1.1826875144105402,37,204
luks-fido2-e2e-test-2026-07-23,refs,1,2,0,0,0,0,0,1,0,1,0,-0.7177104617740893,-0.09970565021854838,0.6891665084538859,1.3906570804354683,40,8
metrics-and-reporting-2026-07-25,refs,1,1,0,0,0,0,0,0,0,1,0,-0.5610398352955238,-0.13987861894517217,0.8158849644242518,1.2364527230397757,53,33
mkosi-bcvk-fork-status-2026-07-23,refs,1,4,0,1,0,0,0,1,0,1,1,-0.8865208241493052,-0.46067283586438645,-0.04314355857252551,1.775320079582447,70,1
naming-licensing-provenance-2026-07-25,refs,1,4,0,1,0,1,0,0,1,1,0,-0.9809988110766195,0.18519317480702982,-0.0578344246202217,1.8560974420857028,71,2
negative-skill-space-2026-07-28,refs,1,0,0,0,0,0,0,0,0,0,0,-0.5017214028247111,-0.054836368536607234,0.863289410703804,1.1826875144105402,37,204
offer-pricing-architecture-2026-07-25,refs,1,2,0,1,0,0,0,0,0,1,0,-0.6905912296933844,-0.18114476719154948,0.7001930639400097,1.364942433259221,67,5
openwrt-deception-proof-plan-2026-07-17,refs,1,1,0,0,0,0,0,0,0,0,1,-0.5799792611303837,-0.13299044262204365,0.8037024317680314,1.2544535294548387,2,10
openwrt-wireguard-deception-lan-prototype-2026-07-25,refs,1,1,0,0,0,0,0,0,0,0,1,-0.5799792611303837,-0.13299044262204365,0.8037024317680314,1.2544535294548387,2,10
operating-covenant-2026-07-25,refs,1,7,1,1,0,1,0,1,1,1,1,0.5435009284695719,0.6279280210776734,0.5570575743118392,0.7712058590257441,10,12
org-state-audit-2026-07-23,refs,1,2,0,0,0,0,0,1,0,1,0,-0.7177104617740893,-0.09970565021854838,0.6891665084538859,1.3906570804354683,40,8
osbuild-image-builder-2026-07-23,refs,1,3,0,0,1,0,0,1,0,1,0,-0.8091749584421677,-0.3288308568498789,0.4869354723302571,1.5170730604985558,72,1
package-floor-verification-checklist-2026-08-04,refs,1,4,0,0,1,1,0,1,0,1,0,-0.924637400359213,-0.37016065040646035,-0.08959224714015561,1.8141897142583256,73,1
pilot-collateral-roi-baseline-2026-07-25,refs,1,4,1,1,0,0,0,0,1,1,0,-0.6768850970441908,0.6759967795058832,0.29129867747236826,1.6233541999313932,74,7
planning-cycle-2026-07-11,refs,1,2,0,0,0,0,0,1,0,1,0,-0.7177104617740893,-0.09970565021854838,0.6891665084538859,1.3906570804354683,40,8
post-quantum-tls-adoption-2026-07-23,refs,1,3,1,0,0,0,0,0,1,1,0,-0.7511334269475812,0.35296648224518606,0.557864891648006,1.507491620600749,51,21
pr-campaign-research-2026-07-16,refs,1,5,1,1,0,0,0,1,1,1,0,-0.14520953214127372,0.9325944305502836,0.3304267239221197,1.385900063858775,47,7
pr-friend-map-2026-07-17,refs,1,6,1,1,0,0,0,1,1,1,1,0.39960424564710456,0.8949661516850658,0.19837347150975704,1.1717790726717134,5,8
prior-art-autonomous-ideation-skill-2026-07-28,refs,1,0,0,0,0,0,0,0,0,0,0,-0.5017214028247111,-0.054836368536607234,0.863289410703804,1.1826875144105402,37,204
prior-art-search-rsi-audit-2026-07-30,refs,1,0,0,0,0,0,0,0,0,0,0,-0.5017214028247111,-0.054836368536607234,0.863289410703804,1.1826875144105402,37,204
prior-art-state-of-art-2026-07-30,refs,1,6,1,1,0,0,0,1,1,1,1,0.39960424564710456,0.8949661516850658,0.19837347150975704,1.1717790726717134,5,8
public-security-funding-targets-2026-07-25,refs,1,5,1,0,0,1,0,1,1,1,0,-0.13570411456668954,0.8994868412945792,0.41534060194925704,1.332755187308253,46,27
readiness-gates-gtm-2026-07-25,refs,1,3,0,0,0,0,0,1,1,1,0,-0.8778794922545552,0.08312226166411386,0.4716124327185692,1.5838794720887854,75,2
readiness-gates-gtm-2026-07-28,refs,1,4,1,0,0,0,0,1,1,1,0,-0.5562940653958789,0.7164977791201026,0.42091310899197026,1.5141085868930937,41,5
recursive-self-improvement-audit-2026-07-28,refs,1,0,0,0,0,0,0,0,0,0,0,-0.5017214028247111,-0.054836368536607234,0.863289410703804,1.1826875144105402,37,204
release-gate-checklist-v2-2026-08-04,refs,1,5,1,0,0,1,0,1,1,1,0,-0.13570411456668954,0.8994868412945792,0.41534060194925704,1.332755187308253,46,27
reproducible-builds-2026-07-22,refs,1,4,0,0,1,0,0,1,1,1,0,-0.9833532616931954,-0.17225197263174882,-0.0578413402492142,1.8352464460595967,76,1
research-refresh-2026-07-11,refs,1,2,0,0,0,1,0,0,0,1,0,-0.7040638745188903,-0.13923540189213834,0.6963530451268113,1.3770251792703974,64,3
rk3588-ddr-tpl-source-2026-07-29,refs,1,0,0,0,0,0,0,0,0,0,0,-0.5017214028247111,-0.054836368536607234,0.863289410703804,1.1826875144105402,37,204
roadmap-promotion-gates-2026-07-17,refs,1,3,1,0,0,0,0,0,1,0,1,-0.7375852435255504,0.4043533192192485,0.5408016288526977,1.513542569655211,77,4
rsi-five-skill-pass-2026-07-29,refs,1,1,0,0,0,0,0,0,1,0,0,-0.5960860636841963,0.015180040208573144,0.8027770369540639,1.2766694943962358,66,142
sbsign-pkcs11-validate-2026-07-23,refs,1,1,0,0,0,0,0,0,0,1,0,-0.5610398352955238,-0.13987861894517217,0.8158849644242518,1.2364527230397757,53,33
sealed-uki-vm-test-2026-07-30,refs,1,4,1,1,0,0,0,1,0,1,0,-0.6690659660947518,0.7080080523157287,0.22599851961856904,1.6515194967008409,78,2
sectime-rk-secure-time-2026-07-17,refs,1,3,1,0,0,0,0,1,1,0,0,-0.5230828202207264,0.527226409200991,0.6696392137793011,1.356982456287992,79,3
slsa-l3-sbom-cosign-integration-spec-2026-08-04,refs,1,7,1,0,1,1,0,1,1,1,1,0.7224690877747492,0.5600626287125012,0.4054235675556674,0.7489024535688446,3,4
systemd-hardening-audit-2026-07-17,refs,1,2,0,0,1,0,0,1,0,0,0,-0.7433103484319739,-0.09538358271969802,0.6621115450296062,1.4173609787391255,80,1
systemd-homed-reference-2026-07-23,refs,1,1,0,0,0,0,0,0,0,1,0,-0.5610398352955238,-0.13987861894517217,0.8158849644242518,1.2364527230397757,53,33
systemd-unit-directive-reference-2026-07-23,refs,1,4,0,0,1,0,0,1,0,1,1,-0.6669872396354877,-0.7099549071034528,0.2260355105799977,1.5513678157108142,81,1
systemd-upstream-progress-2026-07-21,refs,1,5,0,1,1,0,0,1,0,1,1,-0.14804645698797606,-0.9556638034412686,-0.2545367190907348,1.5353539268828407,82,1
systemd-v262-audit-2026-07-14,refs,1,0,0,0,0,0,0,0,0,0,0,-0.5017214028247111,-0.054836368536607234,0.863289410703804,1.1826875144105402,37,204
team-budget-use-of-funds-2026-07-25,refs,1,3,0,1,0,0,0,0,1,1,0,-0.8812879819930367,-0.06712413574021718,0.46778824610690023,1.5764411487360288,60,6
testing-production-gaps-2026-08-01,refs,1,8,1,1,1,1,0,1,1,1,1,0.6484564351097944,0.3633061646667195,0.6689640367612114,0.48013627704469514,1,107
three-year-revenue-cost-model-2026-07-25,refs,1,1,0,0,0,0,0,0,0,1,0,-0.5610398352955238,-0.13987861894517217,0.8158849644242518,1.2364527230397757,53,33
v261-base-image-bump-2026-07-23,refs,1,1,0,0,0,0,0,1,0,0,0,-0.6110039576293869,0.007889096265978552,0.7915882300295607,1.2902259155583748,16,6
validate-input-shape-doctrine-2026-08-04,refs,1,6,1,0,1,0,0,1,1,1,1,0.5907366164959379,0.7779427742897161,-0.21409177906064225,1.3013600353557588,42,2
vgpu-vfio-user-trust-boundary-2026-07-25,refs,1,4,1,0,0,0,0,1,0,1,1,-0.8795212589488886,0.47562588419838797,0.014912187547898184,1.8075703933247145,62,2
vm-e2e-run-29525332901,refs,1,1,0,0,0,0,0,0,0,1,0,-0.5610398352955238,-0.13987861894517217,0.8158849644242518,1.2364527230397757,53,33
who-pays-and-why-2026-07-25,refs,1,3,0,1,0,0,0,0,0,1,1,-0.739082608689059,-0.40981603338118194,0.5346098730074943,1.4557950496759495,83,2
workflow-dispatch-reachability-spec-2026-08-04,refs,1,2,0,0,1,0,0,0,0,1,0,-0.6152095750277478,-0.28693082543389786,0.7342941373931838,1.2992652757675975,48,5
workflow-patterns-deep-dive-2026-07-30,refs,1,6,1,1,1,0,0,1,0,1,1,0.8089183356516421,0.4416840043757272,-0.38802882177126996,1.2567330922364697,20,6
workflow-token-scope-audit-script-2026-08-04,refs,1,2,0,0,1,0,0,0,0,1,0,-0.6152095750277478,-0.28693082543389786,0.7342941373931838,1.2992652757675975,48,5
yubikey-hw-validation-scenarios-2026-07-25,refs,1,1,0,0,0,0,0,0,0,1,0,-0.5610398352955238,-0.13987861894517217,0.8158849644242518,1.2364527230397757,53,33
yubios-ci-strategy-history-2026-07-23,refs,1,5,1,0,1,1,0,1,1,0,0,-0.07024161685473865,0.9006245638320937,0.42888402894475225,1.2917649372589388,84,2
yubios-reproducibility-equivalents-2026-07-30,refs,1,2,1,0,0,0,0,0,1,0,0,-0.6008005183007077,0.29940181353817663,0.741213391176692,1.3379289933199003,49,54
yubios-versioning-scheme-2026-08-04,refs,1,4,1,0,0,0,0,1,1,1,0,-0.5562940653958789,0.7164977791201026,0.42091310899197026,1.5141085868930937,41,5
zboot-workaround-runner-qemu-audit-2026-07-25,refs,1,0,0,0,0,0,0,0,0,0,0,-0.5017214028247111,-0.054836368536607234,0.863289410703804,1.1826875144105402,37,204
0pointer-poettering-systemd-vision-2026-07-23,refs,2,9,1,1,1,1,1,1,1,1,1,0.6722376930131564,-0.11210645872304956,0.7317982139940807,0,0,795
actions-checkout-v6-includeif-investigation-2026-07-29,refs,2,6,1,0,1,1,0,1,1,1,0,0.3655629129276994,0.8912217764792113,0.26849115780795135,1.1468959833421704,85,9
adr-033-misbehavior-cutoff-policy-2026-07-28,refs,2,3,1,1,0,0,0,0,1,0,0,-0.6054445241124331,0.5036210801997973,0.6162813771327661,1.423002596535014,86,6
adr-033-prior-art-search-2026-07-28,refs,2,5,1,0,0,1,0,1,1,0,1,-0.07650492476374494,0.8889942796715081,0.45148218923699546,1.2811694930122048,19,8
arm64-ftpm-phase-f0-2026-07-23,refs,2,4,1,1,0,0,0,0,1,1,0,-0.6768850970441908,0.6759967795058832,0.29129867747236826,1.6233541999313932,74,7
arm64-path-a-b-board-status-2026-07-23,refs,2,7,1,1,1,0,0,1,1,1,1,0.7817101147709021,0.5059332901227703,0.3646379058880355,0.7271616286132238,9,28
arm64-rk-board-status-2026-07-17,refs,2,5,1,1,0,1,0,1,1,0,0,-0.04250775481128915,0.7856011156490595,0.6172713972572003,1.1531939715514932,30,25
arm64-zstd-efi-zboot-bcvk-2026-07-23,refs,2,5,1,0,0,1,0,1,1,1,0,-0.13570411456668954,0.8994868412945792,0.41534060194925704,1.332755187308253,46,27
arxiv-2607.09967-vs-learned-latent-curve-2026-08-04,refs,2,4,1,0,0,1,0,1,1,0,0,-0.3207796294973044,0.7118927179299712,0.6247472988799957,1.2948042108201008,23,24
assets-repo-repoint-verification-2026-07-28,refs,2,4,1,0,0,1,0,1,1,0,0,-0.3207796294973044,0.7118927179299712,0.6247472988799957,1.2948042108201008,23,24
attested-bootc-gpu-cutover-2026-07-30,refs,2,9,1,1,1,1,1,1,1,1,1,0.6722376930131564,-0.11210645872304956,0.7317982139940807,0,0,795
bcvk-swtpm-ci-2026-07-23,refs,2,5,1,0,0,1,0,1,1,1,0,-0.13570411456668954,0.8994868412945792,0.41534060194925704,1.332755187308253,46,27
bootc-composefs-sealed-flow-2026-07-22,refs,2,5,1,1,1,0,0,1,0,1,0,-0.19338778386730632,0.8673097298481753,-0.4586665428844543,1.767984692815462,87,1
bootc-dev-org-releases-2026-07-23,refs,2,6,1,0,1,1,0,1,1,1,0,0.3655629129276994,0.8912217764792113,0.26849115780795135,1.1468959833421704,85,9
bootc-upgrade-rollback-sysext-portable-test-spec-2026-08-04,refs,2,9,1,1,1,1,1,1,1,1,1,0.6722376930131564,-0.11210645872304956,0.7317982139940807,0,0,795
ci-evidence-2026-07-21,refs,2,6,1,0,1,1,0,1,1,1,0,0.3655629129276994,0.8912217764792113,0.26849115780795135,1.1468959833421704,85,9
covenant-conflict-policy-2026-07-25,refs,2,8,1,1,1,1,0,1,1,1,1,0.6484564351097944,0.3633061646667195,0.6689640367612114,0.48013627704469514,1,107
current-position-evidence-2026-07-25,refs,2,5,1,1,0,0,0,1,1,1,0,-0.14520953214127372,0.9325944305502836,0.3304267239221197,1.385900063858775,47,7
curve-guided-rsi-and-self-differential-2026-08-04,refs,2,6,1,1,1,0,0,1,1,0,1,0.4495793053994634,0.8545373420054364,0.2600853307566958,1.0984034046167506,88,2
curve-guided-rsi-v1-cycle4-all-skills-2026-08-04,refs,2,9,1,1,1,1,1,1,1,1,1,0.6722376930131564,-0.11210645872304956,0.7317982139940807,0,0,795
curve-guided-rsi-v1-cycles-2-3-run-2026-08-04,refs,2,8,1,0,1,1,1,1,1,1,1,0.7947194026353714,-0.25857619911500074,0.5491442618530378,0.2642302410308264,7,4
curve-guided-rsi-v1-fitness-test-run-2026-08-04,refs,2,8,1,1,1,1,1,1,1,0,1,0.8276549961399876,-0.026085738015399,0.560630664195876,0.24668285835501796,25,42
curve-guided-rsi-v2-cycle5-deep-research-2026-08-04,refs,2,6,1,1,0,0,0,1,1,1,1,0.39960424564710456,0.8949661516850658,0.19837347150975704,1.1717790726717134,5,8
customer-roi-model-2026-07-25,refs,2,5,1,0,0,1,0,1,1,1,0,-0.13570411456668954,0.8994868412945792,0.41534060194925704,1.332755187308253,46,27
customer-roi-model-2026-07-26,refs,2,5,1,0,0,1,0,1,1,1,0,-0.13570411456668954,0.8994868412945792,0.41534060194925704,1.332755187308253,46,27
cycle4-results-2026-08-06,refs,2,4,1,0,0,1,0,1,1,0,0,-0.3207796294973044,0.7118927179299712,0.6247472988799957,1.2948042108201008,23,24
cycle5-results-2026-08-06,refs,2,9,1,1,1,1,1,1,1,1,1,0.6722376930131564,-0.11210645872304956,0.7317982139940807,0,0,795
days-0-30-safe-offer-2026-07-25,refs,2,6,1,1,0,1,0,1,1,1,0,0.24769067222963437,0.8200520476731016,0.5159108159339024,1.0467889102125898,44,37
days-31-60-narrow-product-2026-07-25,refs,2,6,1,1,0,1,0,1,1,1,0,0.24769067222963437,0.8200520476731016,0.5159108159339024,1.0467889102125898,44,37
days-61-90-willingness-to-pay-2026-07-25,refs,2,4,1,1,0,0,0,1,0,1,0,-0.6690659660947518,0.7080080523157287,0.22599851961856904,1.6515194967008409,78,2
debug-with-cli-2026-08-01,refs,2,5,1,1,0,0,0,1,0,1,1,-0.2085222948952097,0.8929814207387285,-0.3988767162257997,1.7505329472960658,6,3
decisions-deferrals-rejected-models-2026-07-25,refs,2,6,1,1,0,1,0,1,1,1,0,0.24769067222963437,0.8200520476731016,0.5159108159339024,1.0467889102125898,44,37
differential-curve-use-case-skill-land-grab-detection-2026-08-04,refs,2,5,1,1,1,0,0,1,1,0,0,-0.07042048274638357,0.9354210884249629,0.3464510686079988,1.340651912508844,89,1
digest-bump-checklist-2026-07-25,refs,2,6,1,1,0,1,0,1,1,1,0,0.24769067222963437,0.8200520476731016,0.5159108159339024,1.0467889102125898,44,37
docker-bake-consolidation-2026-07-17,refs,2,5,1,0,0,1,0,1,1,1,0,-0.13570411456668954,0.8994868412945792,0.41534060194925704,1.332755187308253,46,27
docker-build-policies-reference-2026-07-23,refs,2,4,1,1,0,1,0,0,1,0,0,-0.3927198808008858,0.7461637610904115,0.5375971882917072,1.3814761824318187,90,2
edgeless-reproducible-mkosi-research-2026-07-30,refs,2,5,1,1,0,0,0,1,1,1,0,-0.14520953214127372,0.9325944305502836,0.3304267239221197,1.385900063858775,47,7
endlessh-openwrt-fit-2026-07-17,refs,2,4,1,0,0,1,0,1,1,0,0,-0.3207796294973044,0.7118927179299712,0.6247472988799957,1.2948042108201008,23,24
entity-governance-legal-2026-07-25,refs,2,4,1,0,0,1,0,1,1,0,0,-0.3207796294973044,0.7118927179299712,0.6247472988799957,1.2948042108201008,23,24
external-benchmarks-sources-2026-07-25,refs,2,6,1,1,0,1,0,1,1,1,0,0.24769067222963437,0.8200520476731016,0.5159108159339024,1.0467889102125898,44,37
external-benchmarks-sources-2026-07-26,refs,2,6,1,1,0,1,0,1,1,1,0,0.24769067222963437,0.8200520476731016,0.5159108159339024,1.0467889102125898,44,37
fedora-bootc-base-images-status-2026-07-23,refs,2,5,1,0,0,1,0,1,1,1,0,-0.13570411456668954,0.8994868412945792,0.41534060194925704,1.332755187308253,46,27
fido2-ci-emulator-status-2026-07-23,refs,2,5,1,0,0,1,0,1,1,1,0,-0.13570411456668954,0.8994868412945792,0.41534060194925704,1.332755187308253,46,27
firmware-rk-workflow-2026-07-17,refs,2,6,1,1,0,1,0,1,1,0,1,0.2673731570652436,0.7859098987381443,0.5575457164631117,1.0003562383630993,27,8
first-90-days-2026-07-25,refs,2,5,1,0,0,1,0,1,1,1,0,-0.13570411456668954,0.8994868412945792,0.41534060194925704,1.332755187308253,46,27
first-90-days-2026-07-28,refs,2,5,1,0,0,1,0,1,1,1,0,-0.13570411456668954,0.8994868412945792,0.41534060194925704,1.332755187308253,46,27
fork-upstream-drift-detection-schedule-2026-08-04,refs,2,5,1,0,0,1,0,1,1,1,0,-0.13570411456668954,0.8994868412945792,0.41534060194925704,1.332755187308253,46,27
frost-panfrost-lockout-2026-07-17,refs,2,5,1,0,0,1,0,1,1,0,1,-0.07650492476374494,0.8889942796715081,0.45148218923699546,1.2811694930122048,19,8
gap-map-hyperspherical-harmonic-curve-2026-08-05,refs,2,4,1,0,0,1,0,1,1,0,0,-0.3207796294973044,0.7118927179299712,0.6247472988799957,1.2948042108201008,23,24
hyperspherical-harmonic-curve-2026-08-05,refs,2,4,1,0,0,1,0,1,1,0,0,-0.3207796294973044,0.7118927179299712,0.6247472988799957,1.2948042108201008,23,24
hyperspherical-harmonic-curve-v1-fit-2026-08-05,refs,2,8,1,1,1,1,0,1,1,1,1,0.6484564351097944,0.3633061646667195,0.6689640367612114,0.48013627704469514,1,107
image-builder-cli-fork-status-2026-07-23,refs,2,5,1,0,0,1,0,1,1,1,0,-0.13570411456668954,0.8994868412945792,0.41534060194925704,1.332755187308253,46,27
kernel-rootfs-split-2026-07-29,refs,2,5,1,0,0,1,0,1,1,1,0,-0.13570411456668954,0.8994868412945792,0.41534060194925704,1.332755187308253,46,27
learned-latent-curve-rsi-v10-2026-08-03,refs,2,4,1,0,0,1,0,1,1,0,0,-0.3207796294973044,0.7118927179299712,0.6247472988799957,1.2948042108201008,23,24
learned-latent-curve-rsi-v11-v12-2026-08-03,refs,2,4,1,0,0,1,0,1,1,0,0,-0.3207796294973044,0.7118927179299712,0.6247472988799957,1.2948042108201008,23,24
learned-latent-curve-skill-quality-map-2026-08-03,refs,2,6,1,0,1,1,0,1,1,1,0,0.3655629129276994,0.8912217764792113,0.26849115780795135,1.1468959833421704,85,9
learned-latent-curve-yubios-artifact-primitives-coverage-flow-2026-08-04,refs,2,9,1,1,1,1,1,1,1,1,1,0.6722376930131564,-0.11210645872304956,0.7317982139940807,0,0,795
libvfio-user-bundle-decision-2026-07-30,refs,2,4,1,0,0,1,0,1,1,0,0,-0.3207796294973044,0.7118927179299712,0.6247472988799957,1.2948042108201008,23,24
luks-fido2-e2e-test-2026-07-23,refs,2,5,1,0,0,1,0,1,1,1,0,-0.13570411456668954,0.8994868412945792,0.41534060194925704,1.332755187308253,46,27
metrics-and-reporting-2026-07-25,refs,2,5,1,0,0,1,0,1,1,1,0,-0.13570411456668954,0.8994868412945792,0.41534060194925704,1.332755187308253,46,27
mkosi-bcvk-fork-status-2026-07-23,refs,2,7,1,1,0,1,0,1,1,1,1,0.5435009284695719,0.6279280210776734,0.5570575743118392,0.7712058590257441,10,12
naming-licensing-provenance-2026-07-25,refs,2,6,1,1,0,1,0,1,1,1,0,0.24769067222963437,0.8200520476731016,0.5159108159339024,1.0467889102125898,44,37
negative-skill-space-2026-07-28,refs,2,4,1,0,0,1,0,1,1,0,0,-0.3207796294973044,0.7118927179299712,0.6247472988799957,1.2948042108201008,23,24
offer-pricing-architecture-2026-07-25,refs,2,6,1,1,0,1,0,1,1,1,0,0.24769067222963437,0.8200520476731016,0.5159108159339024,1.0467889102125898,44,37
openwrt-deception-proof-plan-2026-07-17,refs,2,5,1,0,0,1,0,1,1,0,1,-0.07650492476374494,0.8889942796715081,0.45148218923699546,1.2811694930122048,19,8
openwrt-wireguard-deception-lan-prototype-2026-07-25,refs,2,5,1,0,0,1,0,1,1,0,1,-0.07650492476374494,0.8889942796715081,0.45148218923699546,1.2811694930122048,19,8
operating-covenant-2026-07-25,refs,2,8,1,1,1,1,0,1,1,1,1,0.6484564351097944,0.3633061646667195,0.6689640367612114,0.48013627704469514,1,107
org-state-audit-2026-07-23,refs,2,5,1,0,0,1,0,1,1,1,0,-0.13570411456668954,0.8994868412945792,0.41534060194925704,1.332755187308253,46,27
osbuild-image-builder-2026-07-23,refs,2,6,1,0,1,1,0,1,1,1,0,0.3655629129276994,0.8912217764792113,0.26849115780795135,1.1468959833421704,85,9
package-floor-verification-checklist-2026-08-04,refs,2,6,1,0,1,1,0,1,1,1,0,0.3655629129276994,0.8912217764792113,0.26849115780795135,1.1468959833421704,85,9
pilot-collateral-roi-baseline-2026-07-25,refs,2,6,1,1,1,0,0,0,1,1,1,0.7184766046847918,0.5217018003677579,-0.46002021696187806,1.3506598826538905,91,4
planning-cycle-2026-07-11,refs,2,5,1,0,0,1,0,1,1,1,0,-0.13570411456668954,0.8994868412945792,0.41534060194925704,1.332755187308253,46,27
post-quantum-tls-adoption-2026-07-23,refs,2,4,1,1,0,0,0,0,1,1,0,-0.6768850970441908,0.6759967795058832,0.29129867747236826,1.6233541999313932,74,7
pr-campaign-research-2026-07-16,refs,2,7,1,1,1,0,0,1,1,1,1,0.7817101147709021,0.5059332901227703,0.3646379058880355,0.7271616286132238,9,28
pr-friend-map-2026-07-17,refs,2,7,1,1,1,0,0,1,1,1,1,0.7817101147709021,0.5059332901227703,0.3646379058880355,0.7271616286132238,9,28
prior-art-autonomous-ideation-skill-2026-07-28,refs,2,4,1,0,0,1,0,1,1,0,0,-0.3207796294973044,0.7118927179299712,0.6247472988799957,1.2948042108201008,23,24
prior-art-search-rsi-audit-2026-07-30,refs,2,4,1,0,0,1,0,1,1,0,0,-0.3207796294973044,0.7118927179299712,0.6247472988799957,1.2948042108201008,23,24
prior-art-state-of-art-2026-07-30,refs,2,7,1,1,1,0,0,1,1,1,1,0.7817101147709021,0.5059332901227703,0.3646379058880355,0.7271616286132238,9,28
public-security-funding-targets-2026-07-25,refs,2,6,1,1,0,1,0,1,1,1,0,0.24769067222963437,0.8200520476731016,0.5159108159339024,1.0467889102125898,44,37
readiness-gates-gtm-2026-07-25,refs,2,5,1,0,0,1,0,1,1,1,0,-0.13570411456668954,0.8994868412945792,0.41534060194925704,1.332755187308253,46,27
readiness-gates-gtm-2026-07-28,refs,2,5,1,1,0,0,0,1,1,1,0,-0.14520953214127372,0.9325944305502836,0.3304267239221197,1.385900063858775,47,7
recursive-self-improvement-audit-2026-07-28,refs,2,4,1,0,0,1,0,1,1,0,0,-0.3207796294973044,0.7118927179299712,0.6247472988799957,1.2948042108201008,23,24
release-gate-checklist-v2-2026-08-04,refs,2,6,1,1,0,1,0,1,1,1,0,0.24769067222963437,0.8200520476731016,0.5159108159339024,1.0467889102125898,44,37
reproducible-builds-2026-07-22,refs,2,6,1,0,1,1,0,1,1,1,0,0.3655629129276994,0.8912217764792113,0.26849115780795135,1.1468959833421704,85,9
research-refresh-2026-07-11,refs,2,5,1,0,0,1,0,1,1,1,0,-0.13570411456668954,0.8994868412945792,0.41534060194925704,1.332755187308253,46,27
rk3588-ddr-tpl-source-2026-07-29,refs,2,4,1,0,0,1,0,1,1,0,0,-0.3207796294973044,0.7118927179299712,0.6247472988799957,1.2948042108201008,23,24
roadmap-promotion-gates-2026-07-17,refs,2,4,1,1,0,0,0,0,1,0,1,-0.612258730657189,0.7355089634083785,0.29011344587933235,1.6010835083285084,92,2
rsi-five-skill-pass-2026-07-29,refs,2,4,1,0,0,1,0,1,1,0,0,-0.3207796294973044,0.7118927179299712,0.6247472988799957,1.2948042108201008,23,24
sbsign-pkcs11-validate-2026-07-23,refs,2,5,1,0,0,1,0,1,1,1,0,-0.13570411456668954,0.8994868412945792,0.41534060194925704,1.332755187308253,46,27
sealed-uki-vm-test-2026-07-30,refs,2,6,1,1,1,0,0,1,0,1,1,0.8089183356516421,0.4416840043757272,-0.38802882177126996,1.2567330922364697,20,6
sectime-rk-secure-time-2026-07-17,refs,2,4,1,1,0,0,0,1,1,0,0,-0.35185016645946776,0.7339769045952553,0.5809297409181357,1.3369271849175268,93,1
slsa-l3-sbom-cosign-integration-spec-2026-08-04,refs,2,8,1,1,1,1,0,1,1,1,1,0.6484564351097944,0.3633061646667195,0.6689640367612114,0.48013627704469514,1,107
systemd-hardening-audit-2026-07-17,refs,2,5,1,0,1,1,0,1,1,0,0,-0.07024161685473865,0.9006245638320937,0.42888402894475225,1.2917649372589388,84,2
systemd-homed-reference-2026-07-23,refs,2,5,1,0,0,1,0,1,1,1,0,-0.13570411456668954,0.8994868412945792,0.41534060194925704,1.332755187308253,46,27
systemd-unit-directive-reference-2026-07-23,refs,2,7,1,0,1,1,0,1,1,1,1,0.7224690877747492,0.5600626287125012,0.4054235675556674,0.7489024535688446,3,4
systemd-upstream-progress-2026-07-21,refs,2,8,1,1,1,1,0,1,1,1,1,0.6484564351097944,0.3633061646667195,0.6689640367612114,0.48013627704469514,1,107
systemd-v262-audit-2026-07-14,refs,2,4,1,0,0,1,0,1,1,0,0,-0.3207796294973044,0.7118927179299712,0.6247472988799957,1.2948042108201008,23,24
team-budget-use-of-funds-2026-07-25,refs,2,6,1,1,0,1,0,1,1,1,0,0.24769067222963437,0.8200520476731016,0.5159108159339024,1.0467889102125898,44,37
testing-production-gaps-2026-08-01,refs,2,9,1,1,1,1,1,1,1,1,1,0.6722376930131564,-0.11210645872304956,0.7317982139940807,0,0,795
three-year-revenue-cost-model-2026-07-25,refs,2,5,1,0,0,1,0,1,1,1,0,-0.13570411456668954,0.8994868412945792,0.41534060194925704,1.332755187308253,46,27
v261-base-image-bump-2026-07-23,refs,2,4,1,0,0,1,0,1,1,0,0,-0.3207796294973044,0.7118927179299712,0.6247472988799957,1.2948042108201008,23,24
validate-input-shape-doctrine-2026-08-04,refs,2,7,1,1,1,0,0,1,1,1,1,0.7817101147709021,0.5059332901227703,0.3646379058880355,0.7271616286132238,9,28
vgpu-vfio-user-trust-boundary-2026-07-25,refs,2,5,1,1,0,0,0,1,0,1,1,-0.2085222948952097,0.8929814207387285,-0.3988767162257997,1.7505329472960658,6,3
vm-e2e-run-29525332901,refs,2,5,1,0,0,1,0,1,1,1,0,-0.13570411456668954,0.8994868412945792,0.41534060194925704,1.332755187308253,46,27
who-pays-and-why-2026-07-25,refs,2,7,1,1,0,1,0,1,1,1,1,0.5435009284695719,0.6279280210776734,0.5570575743118392,0.7712058590257441,10,12
workflow-dispatch-reachability-spec-2026-08-04,refs,2,6,1,0,1,1,0,1,1,1,0,0.3655629129276994,0.8912217764792113,0.26849115780795135,1.1468959833421704,85,9
workflow-patterns-deep-dive-2026-07-30,refs,2,7,1,1,1,1,0,1,0,1,1,0.8451361680398758,0.39920102345165664,0.3555044308388078,0.657971302744816,28,6
workflow-token-scope-audit-script-2026-08-04,refs,2,6,1,0,1,1,0,1,1,1,0,0.3655629129276994,0.8912217764792113,0.26849115780795135,1.1468959833421704,85,9
yubikey-hw-validation-scenarios-2026-07-25,refs,2,5,1,0,0,1,0,1,1,1,0,-0.13570411456668954,0.8994868412945792,0.41534060194925704,1.332755187308253,46,27
yubios-ci-strategy-history-2026-07-23,refs,2,6,1,1,1,1,0,1,1,0,0,0.2830173971975171,0.789849386493244,0.5440947523545775,1.000124679680541,94,3
yubios-reproducibility-equivalents-2026-07-30,refs,2,3,1,1,0,0,0,0,1,0,0,-0.6054445241124331,0.5036210801997973,0.6162813771327661,1.423002596535014,86,6
yubios-versioning-scheme-2026-08-04,refs,2,5,1,1,0,0,0,1,1,1,0,-0.14520953214127372,0.9325944305502836,0.3304267239221197,1.385900063858775,47,7
zboot-workaround-runner-qemu-audit-2026-07-25,refs,2,4,1,0,0,1,0,1,1,0,0,-0.3207796294973044,0.7118927179299712,0.6247472988799957,1.2948042108201008,23,24
0pointer-poettering-systemd-vision-2026-07-23,refs,3,9,1,1,1,1,1,1,1,1,1,0.6722376930131564,-0.11210645872304956,0.7317982139940807,0,0,795
actions-checkout-v6-includeif-investigation-2026-07-29,refs,3,7,1,1,1,1,0,1,1,1,0,0.5609204735877651,0.6197204833384787,0.5489214377675549,0.7624999093447389,36,11
adr-033-misbehavior-cutoff-policy-2026-07-28,refs,3,5,1,1,1,0,0,0,1,0,1,-0.17079512218892068,0.9360964613047029,-0.3074938070421651,1.699871052183621,95,3
adr-033-prior-art-search-2026-07-28,refs,3,6,1,1,0,1,0,1,1,0,1,0.2673731570652436,0.7859098987381443,0.5575457164631117,1.0003562383630993,27,8
arm64-ftpm-phase-f0-2026-07-23,refs,3,6,1,1,1,0,0,0,1,1,1,0.7184766046847918,0.5217018003677579,-0.46002021696187806,1.3506598826538905,91,4
arm64-path-a-b-board-status-2026-07-23,refs,3,8,1,1,1,1,0,1,1,1,1,0.6484564351097944,0.3633061646667195,0.6689640367612114,0.48013627704469514,1,107
arm64-rk-board-status-2026-07-17,refs,3,7,1,1,1,1,0,1,1,0,1,0.5447508267195296,0.593660191811017,0.5922956301099103,0.7306301643059945,33,35
arm64-zstd-efi-zboot-bcvk-2026-07-23,refs,3,6,1,1,0,1,0,1,1,1,0,0.24769067222963437,0.8200520476731016,0.5159108159339024,1.0467889102125898,44,37
arxiv-2607.09967-vs-learned-latent-curve-2026-08-04,refs,3,5,1,1,0,1,0,1,1,0,0,-0.04250775481128915,0.7856011156490595,0.6172713972572003,1.1531939715514932,30,25
assets-repo-repoint-verification-2026-07-28,refs,3,5,1,1,0,1,0,1,1,0,0,-0.04250775481128915,0.7856011156490595,0.6172713972572003,1.1531939715514932,30,25
attested-bootc-gpu-cutover-2026-07-30,refs,3,9,1,1,1,1,1,1,1,1,1,0.6722376930131564,-0.11210645872304956,0.7317982139940807,0,0,795
bcvk-swtpm-ci-2026-07-23,refs,3,6,1,1,0,1,0,1,1,1,0,0.24769067222963437,0.8200520476731016,0.5159108159339024,1.0467889102125898,44,37
bootc-composefs-sealed-flow-2026-07-22,refs,3,6,1,1,1,1,0,1,0,1,0,0.5524262516939329,0.8303557459640215,0.0730381515642682,1.156094550020514,96,1
bootc-dev-org-releases-2026-07-23,refs,3,7,1,1,1,1,0,1,1,1,0,0.5609204735877651,0.6197204833384787,0.5489214377675549,0.7624999093447389,36,11
bootc-upgrade-rollback-sysext-portable-test-spec-2026-08-04,refs,3,9,1,1,1,1,1,1,1,1,1,0.6722376930131564,-0.11210645872304956,0.7317982139940807,0,0,795
ci-evidence-2026-07-21,refs,3,7,1,1,1,1,0,1,1,1,0,0.5609204735877651,0.6197204833384787,0.5489214377675549,0.7624999093447389,36,11
covenant-conflict-policy-2026-07-25,refs,3,9,1,1,1,1,1,1,1,1,1,0.6722376930131564,-0.11210645872304956,0.7317982139940807,0,0,795
current-position-evidence-2026-07-25,refs,3,7,1,1,1,0,0,1,1,1,1,0.7817101147709021,0.5059332901227703,0.3646379058880355,0.7271616286132238,9,28
curve-guided-rsi-and-self-differential-2026-08-04,refs,3,7,1,1,1,1,0,1,1,0,1,0.5447508267195296,0.593660191811017,0.5922956301099103,0.7306301643059945,33,35
curve-guided-rsi-v1-cycle4-all-skills-2026-08-04,refs,3,9,1,1,1,1,1,1,1,1,1,0.6722376930131564,-0.11210645872304956,0.7317982139940807,0,0,795
curve-guided-rsi-v1-cycles-2-3-run-2026-08-04,refs,3,9,1,1,1,1,1,1,1,1,1,0.6722376930131564,-0.11210645872304956,0.7317982139940807,0,0,795
curve-guided-rsi-v1-fitness-test-run-2026-08-04,refs,3,9,1,1,1,1,1,1,1,1,1,0.6722376930131564,-0.11210645872304956,0.7317982139940807,0,0,795
curve-guided-rsi-v2-cycle5-deep-research-2026-08-04,refs,3,7,1,1,1,0,0,1,1,1,1,0.7817101147709021,0.5059332901227703,0.3646379058880355,0.7271616286132238,9,28
customer-roi-model-2026-07-25,refs,3,6,1,1,0,1,0,1,1,1,0,0.24769067222963437,0.8200520476731016,0.5159108159339024,1.0467889102125898,44,37
customer-roi-model-2026-07-26,refs,3,6,1,1,0,1,0,1,1,1,0,0.24769067222963437,0.8200520476731016,0.5159108159339024,1.0467889102125898,44,37
cycle4-results-2026-08-06,refs,3,5,1,1,0,1,0,1,1,0,0,-0.04250775481128915,0.7856011156490595,0.6172713972572003,1.1531939715514932,30,25
cycle5-results-2026-08-06,refs,3,9,1,1,1,1,1,1,1,1,1,0.6722376930131564,-0.11210645872304956,0.7317982139940807,0,0,795
days-0-30-safe-offer-2026-07-25,refs,3,8,1,1,1,1,0,1,1,1,1,0.6484564351097944,0.3633061646667195,0.6689640367612114,0.48013627704469514,1,107
days-31-60-narrow-product-2026-07-25,refs,3,8,1,1,1,1,0,1,1,1,1,0.6484564351097944,0.3633061646667195,0.6689640367612114,0.48013627704469514,1,107
days-61-90-willingness-to-pay-2026-07-25,refs,3,6,1,1,1,0,0,1,0,1,1,0.8089183356516421,0.4416840043757272,-0.38802882177126996,1.2567330922364697,20,6
debug-with-cli-2026-08-01,refs,3,6,1,1,1,0,0,1,0,1,1,0.8089183356516421,0.4416840043757272,-0.38802882177126996,1.2567330922364697,20,6
decisions-deferrals-rejected-models-2026-07-25,refs,3,8,1,1,1,1,0,1,1,1,1,0.6484564351097944,0.3633061646667195,0.6689640367612114,0.48013627704469514,1,107
differential-curve-use-case-skill-land-grab-detection-2026-08-04,refs,3,6,1,1,1,1,0,1,1,0,0,0.2830173971975171,0.789849386493244,0.5440947523545775,1.000124679680541,94,3
digest-bump-checklist-2026-07-25,refs,3,8,1,1,1,1,0,1,1,1,1,0.6484564351097944,0.3633061646667195,0.6689640367612114,0.48013627704469514,1,107
docker-bake-consolidation-2026-07-17,refs,3,6,1,1,0,1,0,1,1,1,0,0.24769067222963437,0.8200520476731016,0.5159108159339024,1.0467889102125898,44,37
docker-build-policies-reference-2026-07-23,refs,3,6,1,1,1,1,0,0,1,0,1,0.4999074016737704,0.8504288388742195,0.16390051788455848,1.130787213263523,97,4
edgeless-reproducible-mkosi-research-2026-07-30,refs,3,7,1,1,1,0,0,1,1,1,1,0.7817101147709021,0.5059332901227703,0.3646379058880355,0.7271616286132238,9,28
endlessh-openwrt-fit-2026-07-17,refs,3,5,1,1,0,1,0,1,1,0,0,-0.04250775481128915,0.7856011156490595,0.6172713972572003,1.1531939715514932,30,25
entity-governance-legal-2026-07-25,refs,3,5,1,1,0,1,0,1,1,0,0,-0.04250775481128915,0.7856011156490595,0.6172713972572003,1.1531939715514932,30,25
external-benchmarks-sources-2026-07-25,refs,3,8,1,1,1,1,0,1,1,1,1,0.6484564351097944,0.3633061646667195,0.6689640367612114,0.48013627704469514,1,107
external-benchmarks-sources-2026-07-26,refs,3,8,1,1,1,1,0,1,1,1,1,0.6484564351097944,0.3633061646667195,0.6689640367612114,0.48013627704469514,1,107
fedora-bootc-base-images-status-2026-07-23,refs,3,6,1,1,0,1,0,1,1,1,0,0.24769067222963437,0.8200520476731016,0.5159108159339024,1.0467889102125898,44,37
fido2-ci-emulator-status-2026-07-23,refs,3,6,1,1,0,1,0,1,1,1,0,0.24769067222963437,0.8200520476731016,0.5159108159339024,1.0467889102125898,44,37
firmware-rk-workflow-2026-07-17,refs,3,7,1,1,1,1,0,1,1,0,1,0.5447508267195296,0.593660191811017,0.5922956301099103,0.7306301643059945,33,35
first-90-days-2026-07-25,refs,3,6,1,1,0,1,0,1,1,1,0,0.24769067222963437,0.8200520476731016,0.5159108159339024,1.0467889102125898,44,37
first-90-days-2026-07-28,refs,3,6,1,1,0,1,0,1,1,1,0,0.24769067222963437,0.8200520476731016,0.5159108159339024,1.0467889102125898,44,37
fork-upstream-drift-detection-schedule-2026-08-04,refs,3,6,1,1,0,1,0,1,1,1,0,0.24769067222963437,0.8200520476731016,0.5159108159339024,1.0467889102125898,44,37
frost-panfrost-lockout-2026-07-17,refs,3,6,1,1,0,1,0,1,1,0,1,0.2673731570652436,0.7859098987381443,0.5575457164631117,1.0003562383630993,27,8
gap-map-hyperspherical-harmonic-curve-2026-08-05,refs,3,5,1,1,0,1,0,1,1,0,0,-0.04250775481128915,0.7856011156490595,0.6172713972572003,1.1531939715514932,30,25
hyperspherical-harmonic-curve-2026-08-05,refs,3,5,1,1,0,1,0,1,1,0,0,-0.04250775481128915,0.7856011156490595,0.6172713972572003,1.1531939715514932,30,25
hyperspherical-harmonic-curve-v1-fit-2026-08-05,refs,3,9,1,1,1,1,1,1,1,1,1,0.6722376930131564,-0.11210645872304956,0.7317982139940807,0,0,795
image-builder-cli-fork-status-2026-07-23,refs,3,6,1,1,0,1,0,1,1,1,0,0.24769067222963437,0.8200520476731016,0.5159108159339024,1.0467889102125898,44,37
kernel-rootfs-split-2026-07-29,refs,3,6,1,1,0,1,0,1,1,1,0,0.24769067222963437,0.8200520476731016,0.5159108159339024,1.0467889102125898,44,37
learned-latent-curve-rsi-v10-2026-08-03,refs,3,5,1,1,0,1,0,1,1,0,0,-0.04250775481128915,0.7856011156490595,0.6172713972572003,1.1531939715514932,30,25
learned-latent-curve-rsi-v11-v12-2026-08-03,refs,3,5,1,1,0,1,0,1,1,0,0,-0.04250775481128915,0.7856011156490595,0.6172713972572003,1.1531939715514932,30,25
learned-latent-curve-skill-quality-map-2026-08-03,refs,3,7,1,1,1,1,0,1,1,1,0,0.5609204735877651,0.6197204833384787,0.5489214377675549,0.7624999093447389,36,11
learned-latent-curve-yubios-artifact-primitives-coverage-flow-2026-08-04,refs,3,9,1,1,1,1,1,1,1,1,1,0.6722376930131564,-0.11210645872304956,0.7317982139940807,0,0,795
libvfio-user-bundle-decision-2026-07-30,refs,3,5,1,1,0,1,0,1,1,0,0,-0.04250775481128915,0.7856011156490595,0.6172713972572003,1.1531939715514932,30,25
luks-fido2-e2e-test-2026-07-23,refs,3,6,1,1,0,1,0,1,1,1,0,0.24769067222963437,0.8200520476731016,0.5159108159339024,1.0467889102125898,44,37
metrics-and-reporting-2026-07-25,refs,3,6,1,1,0,1,0,1,1,1,0,0.24769067222963437,0.8200520476731016,0.5159108159339024,1.0467889102125898,44,37
mkosi-bcvk-fork-status-2026-07-23,refs,3,8,1,1,1,1,0,1,1,1,1,0.6484564351097944,0.3633061646667195,0.6689640367612114,0.48013627704469514,1,107
naming-licensing-provenance-2026-07-25,refs,3,8,1,1,1,1,0,1,1,1,1,0.6484564351097944,0.3633061646667195,0.6689640367612114,0.48013627704469514,1,107
negative-skill-space-2026-07-28,refs,3,5,1,1,0,1,0,1,1,0,0,-0.04250775481128915,0.7856011156490595,0.6172713972572003,1.1531939715514932,30,25
offer-pricing-architecture-2026-07-25,refs,3,8,1,1,1,1,0,1,1,1,1,0.6484564351097944,0.3633061646667195,0.6689640367612114,0.48013627704469514,1,107
openwrt-deception-proof-plan-2026-07-17,refs,3,6,1,1,0,1,0,1,1,0,1,0.2673731570652436,0.7859098987381443,0.5575457164631117,1.0003562383630993,27,8
openwrt-wireguard-deception-lan-prototype-2026-07-25,refs,3,6,1,1,0,1,0,1,1,0,1,0.2673731570652436,0.7859098987381443,0.5575457164631117,1.0003562383630993,27,8
operating-covenant-2026-07-25,refs,3,9,1,1,1,1,1,1,1,1,1,0.6722376930131564,-0.11210645872304956,0.7317982139940807,0,0,795
org-state-audit-2026-07-23,refs,3,6,1,1,0,1,0,1,1,1,0,0.24769067222963437,0.8200520476731016,0.5159108159339024,1.0467889102125898,44,37
osbuild-image-builder-2026-07-23,refs,3,7,1,1,1,1,0,1,1,1,0,0.5609204735877651,0.6197204833384787,0.5489214377675549,0.7624999093447389,36,11
package-floor-verification-checklist-2026-08-04,refs,3,7,1,1,1,1,0,1,1,1,0,0.5609204735877651,0.6197204833384787,0.5489214377675549,0.7624999093447389,36,11
pilot-collateral-roi-baseline-2026-07-25,refs,3,7,1,1,1,1,0,0,1,1,1,0.8350237949570541,0.45048507443561275,0.31590894189031754,0.7183122126338248,98,8
planning-cycle-2026-07-11,refs,3,6,1,1,0,1,0,1,1,1,0,0.24769067222963437,0.8200520476731016,0.5159108159339024,1.0467889102125898,44,37
post-quantum-tls-adoption-2026-07-23,refs,3,6,1,1,1,0,0,0,1,1,1,0.7184766046847918,0.5217018003677579,-0.46002021696187806,1.3506598826538905,91,4
pr-campaign-research-2026-07-16,refs,3,8,1,1,1,1,0,1,1,1,1,0.6484564351097944,0.3633061646667195,0.6689640367612114,0.48013627704469514,1,107
pr-friend-map-2026-07-17,refs,3,8,1,1,1,1,0,1,1,1,1,0.6484564351097944,0.3633061646667195,0.6689640367612114,0.48013627704469514,1,107
prior-art-autonomous-ideation-skill-2026-07-28,refs,3,5,1,1,0,1,0,1,1,0,0,-0.04250775481128915,0.7856011156490595,0.6172713972572003,1.1531939715514932,30,25
prior-art-search-rsi-audit-2026-07-30,refs,3,5,1,1,0,1,0,1,1,0,0,-0.04250775481128915,0.7856011156490595,0.6172713972572003,1.1531939715514932,30,25
prior-art-state-of-art-2026-07-30,refs,3,8,1,1,1,1,0,1,1,1,1,0.6484564351097944,0.3633061646667195,0.6689640367612114,0.48013627704469514,1,107
public-security-funding-targets-2026-07-25,refs,3,8,1,1,1,1,0,1,1,1,1,0.6484564351097944,0.3633061646667195,0.6689640367612114,0.48013627704469514,1,107
readiness-gates-gtm-2026-07-25,refs,3,6,1,1,0,1,0,1,1,1,0,0.24769067222963437,0.8200520476731016,0.5159108159339024,1.0467889102125898,44,37
readiness-gates-gtm-2026-07-28,refs,3,7,1,1,1,0,0,1,1,1,1,0.7817101147709021,0.5059332901227703,0.3646379058880355,0.7271616286132238,9,28
recursive-self-improvement-audit-2026-07-28,refs,3,5,1,1,0,1,0,1,1,0,0,-0.04250775481128915,0.7856011156490595,0.6172713972572003,1.1531939715514932,30,25
release-gate-checklist-v2-2026-08-04,refs,3,8,1,1,1,1,0,1,1,1,1,0.6484564351097944,0.3633061646667195,0.6689640367612114,0.48013627704469514,1,107
reproducible-builds-2026-07-22,refs,3,7,1,1,1,1,0,1,1,1,0,0.5609204735877651,0.6197204833384787,0.5489214377675549,0.7624999093447389,36,11
research-refresh-2026-07-11,refs,3,6,1,1,0,1,0,1,1,1,0,0.24769067222963437,0.8200520476731016,0.5159108159339024,1.0467889102125898,44,37
rk3588-ddr-tpl-source-2026-07-29,refs,3,5,1,1,0,1,0,1,1,0,0,-0.04250775481128915,0.7856011156490595,0.6172713972572003,1.1531939715514932,30,25
roadmap-promotion-gates-2026-07-17,refs,3,5,1,1,1,0,0,0,1,0,1,-0.17079512218892068,0.9360964613047029,-0.3074938070421651,1.699871052183621,95,3
rsi-five-skill-pass-2026-07-29,refs,3,5,1,1,0,1,0,1,1,0,0,-0.04250775481128915,0.7856011156490595,0.6172713972572003,1.1531939715514932,30,25
sbsign-pkcs11-validate-2026-07-23,refs,3,6,1,1,0,1,0,1,1,1,0,0.24769067222963437,0.8200520476731016,0.5159108159339024,1.0467889102125898,44,37
sealed-uki-vm-test-2026-07-30,refs,3,7,1,1,1,1,0,1,0,1,1,0.8451361680398758,0.39920102345165664,0.3555044308388078,0.657971302744816,28,6
sectime-rk-secure-time-2026-07-17,refs,3,6,1,1,1,0,0,1,1,0,1,0.4495793053994634,0.8545373420054364,0.2600853307566958,1.0984034046167506,88,2
slsa-l3-sbom-cosign-integration-spec-2026-08-04,refs,3,9,1,1,1,1,1,1,1,1,1,0.6722376930131564,-0.11210645872304956,0.7317982139940807,0,0,795
systemd-hardening-audit-2026-07-17,refs,3,6,1,1,1,1,0,1,1,0,0,0.2830173971975171,0.789849386493244,0.5440947523545775,1.000124679680541,94,3
systemd-homed-reference-2026-07-23,refs,3,6,1,1,0,1,0,1,1,1,0,0.24769067222963437,0.8200520476731016,0.5159108159339024,1.0467889102125898,44,37
systemd-unit-directive-reference-2026-07-23,refs,3,8,1,1,1,1,0,1,1,1,1,0.6484564351097944,0.3633061646667195,0.6689640367612114,0.48013627704469514,1,107
systemd-upstream-progress-2026-07-21,refs,3,9,1,1,1,1,1,1,1,1,1,0.6722376930131564,-0.11210645872304956,0.7317982139940807,0,0,795
systemd-v262-audit-2026-07-14,refs,3,5,1,1,0,1,0,1,1,0,0,-0.04250775481128915,0.7856011156490595,0.6172713972572003,1.1531939715514932,30,25
team-budget-use-of-funds-2026-07-25,refs,3,8,1,1,1,1,0,1,1,1,1,0.6484564351097944,0.3633061646667195,0.6689640367612114,0.48013627704469514,1,107
testing-production-gaps-2026-08-01,refs,3,9,1,1,1,1,1,1,1,1,1,0.6722376930131564,-0.11210645872304956,0.7317982139940807,0,0,795
three-year-revenue-cost-model-2026-07-25,refs,3,6,1,1,0,1,0,1,1,1,0,0.24769067222963437,0.8200520476731016,0.5159108159339024,1.0467889102125898,44,37
v261-base-image-bump-2026-07-23,refs,3,5,1,1,0,1,0,1,1,0,0,-0.04250775481128915,0.7856011156490595,0.6172713972572003,1.1531939715514932,30,25
validate-input-shape-doctrine-2026-08-04,refs,3,8,1,1,1,1,0,1,1,1,1,0.6484564351097944,0.3633061646667195,0.6689640367612114,0.48013627704469514,1,107
vgpu-vfio-user-trust-boundary-2026-07-25,refs,3,6,1,1,1,0,0,1,0,1,1,0.8089183356516421,0.4416840043757272,-0.38802882177126996,1.2567330922364697,20,6
vm-e2e-run-29525332901,refs,3,6,1,1,0,1,0,1,1,1,0,0.24769067222963437,0.8200520476731016,0.5159108159339024,1.0467889102125898,44,37
who-pays-and-why-2026-07-25,refs,3,8,1,1,1,1,0,1,1,1,1,0.6484564351097944,0.3633061646667195,0.6689640367612114,0.48013627704469514,1,107
workflow-dispatch-reachability-spec-2026-08-04,refs,3,7,1,1,1,1,0,1,1,1,0,0.5609204735877651,0.6197204833384787,0.5489214377675549,0.7624999093447389,36,11
workflow-patterns-deep-dive-2026-07-30,refs,3,9,1,1,1,1,1,1,1,1,1,0.6722376930131564,-0.11210645872304956,0.7317982139940807,0,0,795
workflow-token-scope-audit-script-2026-08-04,refs,3,7,1,1,1,1,0,1,1,1,0,0.5609204735877651,0.6197204833384787,0.5489214377675549,0.7624999093447389,36,11
yubikey-hw-validation-scenarios-2026-07-25,refs,3,6,1,1,0,1,0,1,1,1,0,0.24769067222963437,0.8200520476731016,0.5159108159339024,1.0467889102125898,44,37
yubios-ci-strategy-history-2026-07-23,refs,3,7,1,1,1,1,1,1,1,0,0,0.9687242055259423,0.17992811172875356,0.17087799225721614,0.6984410766802716,99,4
yubios-reproducibility-equivalents-2026-07-30,refs,3,5,1,1,1,0,0,0,1,0,1,-0.17079512218892068,0.9360964613047029,-0.3074938070421651,1.699871052183621,95,3
yubios-versioning-scheme-2026-08-04,refs,3,7,1,1,1,0,0,1,1,1,1,0.7817101147709021,0.5059332901227703,0.3646379058880355,0.7271616286132238,9,28
zboot-workaround-runner-qemu-audit-2026-07-25,refs,3,5,1,1,0,1,0,1,1,0,0,-0.04250775481128915,0.7856011156490595,0.6172713972572003,1.1531939715514932,30,25
0pointer-poettering-systemd-vision-2026-07-23,refs,4,9,1,1,1,1,1,1,1,1,1,0.6722376930131564,-0.11210645872304956,0.7317982139940807,0,0,795
actions-checkout-v6-includeif-investigation-2026-07-29,refs,4,8,1,1,1,1,1,1,1,1,0,0.8472372838308261,-0.066985970128512,0.5269742542979745,0.2731548457248265,45,17
adr-033-misbehavior-cutoff-policy-2026-07-28,refs,4,6,1,1,1,1,0,0,1,0,1,0.4999074016737704,0.8504288388742195,0.16390051788455848,1.130787213263523,97,4
adr-033-prior-art-search-2026-07-28,refs,4,7,1,1,1,1,0,1,1,0,1,0.5447508267195296,0.593660191811017,0.5922956301099103,0.7306301643059945,33,35
arm64-ftpm-phase-f0-2026-07-23,refs,4,7,1,1,1,1,0,0,1,1,1,0.8350237949570541,0.45048507443561275,0.31590894189031754,0.7183122126338248,98,8
arm64-path-a-b-board-status-2026-07-23,refs,4,9,1,1,1,1,1,1,1,1,1,0.6722376930131564,-0.11210645872304956,0.7317982139940807,0,0,795
arm64-rk-board-status-2026-07-17,refs,4,8,1,1,1,1,1,1,1,0,1,0.8276549961399876,-0.026085738015399,0.560630664195876,0.24668285835501796,25,42
arm64-zstd-efi-zboot-bcvk-2026-07-23,refs,4,8,1,1,1,1,0,1,1,1,1,0.6484564351097944,0.3633061646667195,0.6689640367612114,0.48013627704469514,1,107
arxiv-2607.09967-vs-learned-latent-curve-2026-08-04,refs,4,7,1,1,1,1,0,1,1,0,1,0.5447508267195296,0.593660191811017,0.5922956301099103,0.7306301643059945,33,35
assets-repo-repoint-verification-2026-07-28,refs,4,7,1,1,1,1,0,1,1,0,1,0.5447508267195296,0.593660191811017,0.5922956301099103,0.7306301643059945,33,35
attested-bootc-gpu-cutover-2026-07-30,refs,4,9,1,1,1,1,1,1,1,1,1,0.6722376930131564,-0.11210645872304956,0.7317982139940807,0,0,795
bcvk-swtpm-ci-2026-07-23,refs,4,8,1,1,1,1,0,1,1,1,1,0.6484564351097944,0.3633061646667195,0.6689640367612114,0.48013627704469514,1,107
bootc-composefs-sealed-flow-2026-07-22,refs,4,8,1,1,1,1,1,1,1,1,0,0.8472372838308261,-0.066985970128512,0.5269742542979745,0.2731548457248265,45,17
bootc-dev-org-releases-2026-07-23,refs,4,8,1,1,1,1,1,1,1,1,0,0.8472372838308261,-0.066985970128512,0.5269742542979745,0.2731548457248265,45,17
bootc-upgrade-rollback-sysext-portable-test-spec-2026-08-04,refs,4,9,1,1,1,1,1,1,1,1,1,0.6722376930131564,-0.11210645872304956,0.7317982139940807,0,0,795
ci-evidence-2026-07-21,refs,4,8,1,1,1,1,1,1,1,1,0,0.8472372838308261,-0.066985970128512,0.5269742542979745,0.2731548457248265,45,17
covenant-conflict-policy-2026-07-25,refs,4,9,1,1,1,1,1,1,1,1,1,0.6722376930131564,-0.11210645872304956,0.7317982139940807,0,0,795
current-position-evidence-2026-07-25,refs,4,8,1,1,1,1,0,1,1,1,1,0.6484564351097944,0.3633061646667195,0.6689640367612114,0.48013627704469514,1,107
curve-guided-rsi-and-self-differential-2026-08-04,refs,4,8,1,1,1,1,1,1,1,0,1,0.8276549961399876,-0.026085738015399,0.560630664195876,0.24668285835501796,25,42
curve-guided-rsi-v1-cycle4-all-skills-2026-08-04,refs,4,9,1,1,1,1,1,1,1,1,1,0.6722376930131564,-0.11210645872304956,0.7317982139940807,0,0,795
curve-guided-rsi-v1-cycles-2-3-run-2026-08-04,refs,4,9,1,1,1,1,1,1,1,1,1,0.6722376930131564,-0.11210645872304956,0.7317982139940807,0,0,795
curve-guided-rsi-v1-fitness-test-run-2026-08-04,refs,4,9,1,1,1,1,1,1,1,1,1,0.6722376930131564,-0.11210645872304956,0.7317982139940807,0,0,795
curve-guided-rsi-v2-cycle5-deep-research-2026-08-04,refs,4,8,1,1,1,1,0,1,1,1,1,0.6484564351097944,0.3633061646667195,0.6689640367612114,0.48013627704469514,1,107
customer-roi-model-2026-07-25,refs,4,8,1,1,1,1,0,1,1,1,1,0.6484564351097944,0.3633061646667195,0.6689640367612114,0.48013627704469514,1,107
customer-roi-model-2026-07-26,refs,4,8,1,1,1,1,0,1,1,1,1,0.6484564351097944,0.3633061646667195,0.6689640367612114,0.48013627704469514,1,107
cycle4-results-2026-08-06,refs,4,7,1,1,1,1,0,1,1,0,1,0.5447508267195296,0.593660191811017,0.5922956301099103,0.7306301643059945,33,35
cycle5-results-2026-08-06,refs,4,9,1,1,1,1,1,1,1,1,1,0.6722376930131564,-0.11210645872304956,0.7317982139940807,0,0,795
days-0-30-safe-offer-2026-07-25,refs,4,9,1,1,1,1,1,1,1,1,1,0.6722376930131564,-0.11210645872304956,0.7317982139940807,0,0,795
days-31-60-narrow-product-2026-07-25,refs,4,9,1,1,1,1,1,1,1,1,1,0.6722376930131564,-0.11210645872304956,0.7317982139940807,0,0,795
days-61-90-willingness-to-pay-2026-07-25,refs,4,7,1,1,1,1,0,1,0,1,1,0.8451361680398758,0.39920102345165664,0.3555044308388078,0.657971302744816,28,6
debug-with-cli-2026-08-01,refs,4,7,1,1,1,1,0,1,0,1,1,0.8451361680398758,0.39920102345165664,0.3555044308388078,0.657971302744816,28,6
decisions-deferrals-rejected-models-2026-07-25,refs,4,9,1,1,1,1,1,1,1,1,1,0.6722376930131564,-0.11210645872304956,0.7317982139940807,0,0,795
differential-curve-use-case-skill-land-grab-detection-2026-08-04,refs,4,7,1,1,1,1,1,1,1,0,0,0.9687242055259423,0.17992811172875356,0.17087799225721614,0.6984410766802716,99,4
digest-bump-checklist-2026-07-25,refs,4,9,1,1,1,1,1,1,1,1,1,0.6722376930131564,-0.11210645872304956,0.7317982139940807,0,0,795
docker-bake-consolidation-2026-07-17,refs,4,8,1,1,1,1,0,1,1,1,1,0.6484564351097944,0.3633061646667195,0.6689640367612114,0.48013627704469514,1,107
docker-build-policies-reference-2026-07-23,refs,4,7,1,1,1,1,1,0,1,0,1,0.8947436569108003,-0.3892494852228046,0.2189032358638623,0.6240019388580943,31,6
edgeless-reproducible-mkosi-research-2026-07-30,refs,4,8,1,1,1,1,0,1,1,1,1,0.6484564351097944,0.3633061646667195,0.6689640367612114,0.48013627704469514,1,107
endlessh-openwrt-fit-2026-07-17,refs,4,7,1,1,1,1,0,1,1,0,1,0.5447508267195296,0.593660191811017,0.5922956301099103,0.7306301643059945,33,35
entity-governance-legal-2026-07-25,refs,4,7,1,1,1,1,0,1,1,0,1,0.5447508267195296,0.593660191811017,0.5922956301099103,0.7306301643059945,33,35
external-benchmarks-sources-2026-07-25,refs,4,9,1,1,1,1,1,1,1,1,1,0.6722376930131564,-0.11210645872304956,0.7317982139940807,0,0,795
external-benchmarks-sources-2026-07-26,refs,4,9,1,1,1,1,1,1,1,1,1,0.6722376930131564,-0.11210645872304956,0.7317982139940807,0,0,795
fedora-bootc-base-images-status-2026-07-23,refs,4,8,1,1,1,1,0,1,1,1,1,0.6484564351097944,0.3633061646667195,0.6689640367612114,0.48013627704469514,1,107
fido2-ci-emulator-status-2026-07-23,refs,4,8,1,1,1,1,0,1,1,1,1,0.6484564351097944,0.3633061646667195,0.6689640367612114,0.48013627704469514,1,107
firmware-rk-workflow-2026-07-17,refs,4,8,1,1,1,1,1,1,1,0,1,0.8276549961399876,-0.026085738015399,0.560630664195876,0.24668285835501796,25,42
first-90-days-2026-07-25,refs,4,8,1,1,1,1,0,1,1,1,1,0.6484564351097944,0.3633061646667195,0.6689640367612114,0.48013627704469514,1,107
first-90-days-2026-07-28,refs,4,8,1,1,1,1,0,1,1,1,1,0.6484564351097944,0.3633061646667195,0.6689640367612114,0.48013627704469514,1,107
fork-upstream-drift-detection-schedule-2026-08-04,refs,4,8,1,1,1,1,0,1,1,1,1,0.6484564351097944,0.3633061646667195,0.6689640367612114,0.48013627704469514,1,107
frost-panfrost-lockout-2026-07-17,refs,4,7,1,1,1,1,0,1,1,0,1,0.5447508267195296,0.593660191811017,0.5922956301099103,0.7306301643059945,33,35
gap-map-hyperspherical-harmonic-curve-2026-08-05,refs,4,7,1,1,1,1,0,1,1,0,1,0.5447508267195296,0.593660191811017,0.5922956301099103,0.7306301643059945,33,35
hyperspherical-harmonic-curve-2026-08-05,refs,4,7,1,1,1,1,0,1,1,0,1,0.5447508267195296,0.593660191811017,0.5922956301099103,0.7306301643059945,33,35
hyperspherical-harmonic-curve-v1-fit-2026-08-05,refs,4,9,1,1,1,1,1,1,1,1,1,0.6722376930131564,-0.11210645872304956,0.7317982139940807,0,0,795
image-builder-cli-fork-status-2026-07-23,refs,4,8,1,1,1,1,0,1,1,1,1,0.6484564351097944,0.3633061646667195,0.6689640367612114,0.48013627704469514,1,107
kernel-rootfs-split-2026-07-29,refs,4,8,1,1,1,1,0,1,1,1,1,0.6484564351097944,0.3633061646667195,0.6689640367612114,0.48013627704469514,1,107
learned-latent-curve-rsi-v10-2026-08-03,refs,4,7,1,1,1,1,0,1,1,0,1,0.5447508267195296,0.593660191811017,0.5922956301099103,0.7306301643059945,33,35
learned-latent-curve-rsi-v11-v12-2026-08-03,refs,4,7,1,1,1,1,0,1,1,0,1,0.5447508267195296,0.593660191811017,0.5922956301099103,0.7306301643059945,33,35
learned-latent-curve-skill-quality-map-2026-08-03,refs,4,8,1,1,1,1,1,1,1,1,0,0.8472372838308261,-0.066985970128512,0.5269742542979745,0.2731548457248265,45,17
learned-latent-curve-yubios-artifact-primitives-coverage-flow-2026-08-04,refs,4,9,1,1,1,1,1,1,1,1,1,0.6722376930131564,-0.11210645872304956,0.7317982139940807,0,0,795
libvfio-user-bundle-decision-2026-07-30,refs,4,7,1,1,1,1,0,1,1,0,1,0.5447508267195296,0.593660191811017,0.5922956301099103,0.7306301643059945,33,35
luks-fido2-e2e-test-2026-07-23,refs,4,8,1,1,1,1,0,1,1,1,1,0.6484564351097944,0.3633061646667195,0.6689640367612114,0.48013627704469514,1,107
metrics-and-reporting-2026-07-25,refs,4,8,1,1,1,1,0,1,1,1,1,0.6484564351097944,0.3633061646667195,0.6689640367612114,0.48013627704469514,1,107
mkosi-bcvk-fork-status-2026-07-23,refs,4,9,1,1,1,1,1,1,1,1,1,0.6722376930131564,-0.11210645872304956,0.7317982139940807,0,0,795
naming-licensing-provenance-2026-07-25,refs,4,9,1,1,1,1,1,1,1,1,1,0.6722376930131564,-0.11210645872304956,0.7317982139940807,0,0,795
negative-skill-space-2026-07-28,refs,4,7,1,1,1,1,0,1,1,0,1,0.5447508267195296,0.593660191811017,0.5922956301099103,0.7306301643059945,33,35
offer-pricing-architecture-2026-07-25,refs,4,9,1,1,1,1,1,1,1,1,1,0.6722376930131564,-0.11210645872304956,0.7317982139940807,0,0,795
openwrt-deception-proof-plan-2026-07-17,refs,4,7,1,1,1,1,0,1,1,0,1,0.5447508267195296,0.593660191811017,0.5922956301099103,0.7306301643059945,33,35
openwrt-wireguard-deception-lan-prototype-2026-07-25,refs,4,7,1,1,1,1,0,1,1,0,1,0.5447508267195296,0.593660191811017,0.5922956301099103,0.7306301643059945,33,35
operating-covenant-2026-07-25,refs,4,9,1,1,1,1,1,1,1,1,1,0.6722376930131564,-0.11210645872304956,0.7317982139940807,0,0,795
org-state-audit-2026-07-23,refs,4,8,1,1,1,1,0,1,1,1,1,0.6484564351097944,0.3633061646667195,0.6689640367612114,0.48013627704469514,1,107
osbuild-image-builder-2026-07-23,refs,4,8,1,1,1,1,1,1,1,1,0,0.8472372838308261,-0.066985970128512,0.5269742542979745,0.2731548457248265,45,17
package-floor-verification-checklist-2026-08-04,refs,4,8,1,1,1,1,1,1,1,1,0,0.8472372838308261,-0.066985970128512,0.5269742542979745,0.2731548457248265,45,17
pilot-collateral-roi-baseline-2026-07-25,refs,4,8,1,1,1,1,1,0,1,1,1,0.7275151258712654,-0.3525856783370084,0.5885618753029698,0.2853112307133318,100,8
planning-cycle-2026-07-11,refs,4,8,1,1,1,1,0,1,1,1,1,0.6484564351097944,0.3633061646667195,0.6689640367612114,0.48013627704469514,1,107
post-quantum-tls-adoption-2026-07-23,refs,4,7,1,1,1,1,0,0,1,1,1,0.8350237949570541,0.45048507443561275,0.31590894189031754,0.7183122126338248,98,8
pr-campaign-research-2026-07-16,refs,4,9,1,1,1,1,1,1,1,1,1,0.6722376930131564,-0.11210645872304956,0.7317982139940807,0,0,795
pr-friend-map-2026-07-17,refs,4,9,1,1,1,1,1,1,1,1,1,0.6722376930131564,-0.11210645872304956,0.7317982139940807,0,0,795
prior-art-autonomous-ideation-skill-2026-07-28,refs,4,7,1,1,1,1,0,1,1,0,1,0.5447508267195296,0.593660191811017,0.5922956301099103,0.7306301643059945,33,35
prior-art-search-rsi-audit-2026-07-30,refs,4,7,1,1,1,1,0,1,1,0,1,0.5447508267195296,0.593660191811017,0.5922956301099103,0.7306301643059945,33,35
prior-art-state-of-art-2026-07-30,refs,4,9,1,1,1,1,1,1,1,1,1,0.6722376930131564,-0.11210645872304956,0.7317982139940807,0,0,795
public-security-funding-targets-2026-07-25,refs,4,9,1,1,1,1,1,1,1,1,1,0.6722376930131564,-0.11210645872304956,0.7317982139940807,0,0,795
readiness-gates-gtm-2026-07-25,refs,4,8,1,1,1,1,0,1,1,1,1,0.6484564351097944,0.3633061646667195,0.6689640367612114,0.48013627704469514,1,107
readiness-gates-gtm-2026-07-28,refs,4,8,1,1,1,1,0,1,1,1,1,0.6484564351097944,0.3633061646667195,0.6689640367612114,0.48013627704469514,1,107
recursive-self-improvement-audit-2026-07-28,refs,4,7,1,1,1,1,0,1,1,0,1,0.5447508267195296,0.593660191811017,0.5922956301099103,0.7306301643059945,33,35
release-gate-checklist-v2-2026-08-04,refs,4,9,1,1,1,1,1,1,1,1,1,0.6722376930131564,-0.11210645872304956,0.7317982139940807,0,0,795
reproducible-builds-2026-07-22,refs,4,8,1,1,1,1,1,1,1,1,0,0.8472372838308261,-0.066985970128512,0.5269742542979745,0.2731548457248265,45,17
research-refresh-2026-07-11,refs,4,8,1,1,1,1,0,1,1,1,1,0.6484564351097944,0.3633061646667195,0.6689640367612114,0.48013627704469514,1,107
rk3588-ddr-tpl-source-2026-07-29,refs,4,7,1,1,1,1,0,1,1,0,1,0.5447508267195296,0.593660191811017,0.5922956301099103,0.7306301643059945,33,35
roadmap-promotion-gates-2026-07-17,refs,4,6,1,1,1,1,0,0,1,0,1,0.4999074016737704,0.8504288388742195,0.16390051788455848,1.130787213263523,97,4
rsi-five-skill-pass-2026-07-29,refs,4,7,1,1,1,1,0,1,1,0,1,0.5447508267195296,0.593660191811017,0.5922956301099103,0.7306301643059945,33,35
sbsign-pkcs11-validate-2026-07-23,refs,4,8,1,1,1,1,0,1,1,1,1,0.6484564351097944,0.3633061646667195,0.6689640367612114,0.48013627704469514,1,107
sealed-uki-vm-test-2026-07-30,refs,4,9,1,1,1,1,1,1,1,1,1,0.6722376930131564,-0.11210645872304956,0.7317982139940807,0,0,795
sectime-rk-secure-time-2026-07-17,refs,4,7,1,1,1,1,0,1,1,0,1,0.5447508267195296,0.593660191811017,0.5922956301099103,0.7306301643059945,33,35
slsa-l3-sbom-cosign-integration-spec-2026-08-04,refs,4,9,1,1,1,1,1,1,1,1,1,0.6722376930131564,-0.11210645872304956,0.7317982139940807,0,0,795
systemd-hardening-audit-2026-07-17,refs,4,7,1,1,1,1,1,1,1,0,0,0.9687242055259423,0.17992811172875356,0.17087799225721614,0.6984410766802716,99,4
systemd-homed-reference-2026-07-23,refs,4,8,1,1,1,1,0,1,1,1,1,0.6484564351097944,0.3633061646667195,0.6689640367612114,0.48013627704469514,1,107
systemd-unit-directive-reference-2026-07-23,refs,4,9,1,1,1,1,1,1,1,1,1,0.6722376930131564,-0.11210645872304956,0.7317982139940807,0,0,795
systemd-upstream-progress-2026-07-21,refs,4,9,1,1,1,1,1,1,1,1,1,0.6722376930131564,-0.11210645872304956,0.7317982139940807,0,0,795
systemd-v262-audit-2026-07-14,refs,4,7,1,1,1,1,0,1,1,0,1,0.5447508267195296,0.593660191811017,0.5922956301099103,0.7306301643059945,33,35
team-budget-use-of-funds-2026-07-25,refs,4,9,1,1,1,1,1,1,1,1,1,0.6722376930131564,-0.11210645872304956,0.7317982139940807,0,0,795
testing-production-gaps-2026-08-01,refs,4,9,1,1,1,1,1,1,1,1,1,0.6722376930131564,-0.11210645872304956,0.7317982139940807,0,0,795
three-year-revenue-cost-model-2026-07-25,refs,4,8,1,1,1,1,0,1,1,1,1,0.6484564351097944,0.3633061646667195,0.6689640367612114,0.48013627704469514,1,107
v261-base-image-bump-2026-07-23,refs,4,7,1,1,1,1,0,1,1,0,1,0.5447508267195296,0.593660191811017,0.5922956301099103,0.7306301643059945,33,35
validate-input-shape-doctrine-2026-08-04,refs,4,9,1,1,1,1,1,1,1,1,1,0.6722376930131564,-0.11210645872304956,0.7317982139940807,0,0,795
vgpu-vfio-user-trust-boundary-2026-07-25,refs,4,7,1,1,1,1,0,1,0,1,1,0.8451361680398758,0.39920102345165664,0.3555044308388078,0.657971302744816,28,6
vm-e2e-run-29525332901,refs,4,8,1,1,1,1,0,1,1,1,1,0.6484564351097944,0.3633061646667195,0.6689640367612114,0.48013627704469514,1,107
who-pays-and-why-2026-07-25,refs,4,9,1,1,1,1,1,1,1,1,1,0.6722376930131564,-0.11210645872304956,0.7317982139940807,0,0,795
workflow-dispatch-reachability-spec-2026-08-04,refs,4,8,1,1,1,1,1,1,1,1,0,0.8472372838308261,-0.066985970128512,0.5269742542979745,0.2731548457248265,45,17
workflow-patterns-deep-dive-2026-07-30,refs,4,9,1,1,1,1,1,1,1,1,1,0.6722376930131564,-0.11210645872304956,0.7317982139940807,0,0,795
workflow-token-scope-audit-script-2026-08-04,refs,4,8,1,1,1,1,1,1,1,1,0,0.8472372838308261,-0.066985970128512,0.5269742542979745,0.2731548457248265,45,17
yubikey-hw-validation-scenarios-2026-07-25,refs,4,8,1,1,1,1,0,1,1,1,1,0.6484564351097944,0.3633061646667195,0.6689640367612114,0.48013627704469514,1,107
yubios-ci-strategy-history-2026-07-23,refs,4,8,1,1,1,1,1,1,1,1,0,0.8472372838308261,-0.066985970128512,0.5269742542979745,0.2731548457248265,45,17
yubios-reproducibility-equivalents-2026-07-30,refs,4,6,1,1,1,1,0,0,1,0,1,0.4999074016737704,0.8504288388742195,0.16390051788455848,1.130787213263523,97,4
yubios-versioning-scheme-2026-08-04,refs,4,8,1,1,1,1,0,1,1,1,1,0.6484564351097944,0.3633061646667195,0.6689640367612114,0.48013627704469514,1,107
zboot-workaround-runner-qemu-audit-2026-07-25,refs,4,7,1,1,1,1,0,1,1,0,1,0.5447508267195296,0.593660191811017,0.5922956301099103,0.7306301643059945,33,35
0pointer-poettering-systemd-vision-2026-07-23,refs,5,9,1,1,1,1,1,1,1,1,1,0.6722376930131564,-0.11210645872304956,0.7317982139940807,0,0,795
actions-checkout-v6-includeif-investigation-2026-07-29,refs,5,9,1,1,1,1,1,1,1,1,1,0.6722376930131564,-0.11210645872304956,0.7317982139940807,0,0,795
adr-033-misbehavior-cutoff-policy-2026-07-28,refs,5,7,1,1,1,1,1,0,1,0,1,0.8947436569108003,-0.3892494852228046,0.2189032358638623,0.6240019388580943,31,6
adr-033-prior-art-search-2026-07-28,refs,5,8,1,1,1,1,1,1,1,0,1,0.8276549961399876,-0.026085738015399,0.560630664195876,0.24668285835501796,25,42
arm64-ftpm-phase-f0-2026-07-23,refs,5,8,1,1,1,1,1,0,1,1,1,0.7275151258712654,-0.3525856783370084,0.5885618753029698,0.2853112307133318,100,8
arm64-path-a-b-board-status-2026-07-23,refs,5,9,1,1,1,1,1,1,1,1,1,0.6722376930131564,-0.11210645872304956,0.7317982139940807,0,0,795
arm64-rk-board-status-2026-07-17,refs,5,9,1,1,1,1,1,1,1,1,1,0.6722376930131564,-0.11210645872304956,0.7317982139940807,0,0,795
arm64-zstd-efi-zboot-bcvk-2026-07-23,refs,5,9,1,1,1,1,1,1,1,1,1,0.6722376930131564,-0.11210645872304956,0.7317982139940807,0,0,795
arxiv-2607.09967-vs-learned-latent-curve-2026-08-04,refs,5,8,1,1,1,1,1,1,1,0,1,0.8276549961399876,-0.026085738015399,0.560630664195876,0.24668285835501796,25,42
assets-repo-repoint-verification-2026-07-28,refs,5,8,1,1,1,1,1,1,1,0,1,0.8276549961399876,-0.026085738015399,0.560630664195876,0.24668285835501796,25,42
attested-bootc-gpu-cutover-2026-07-30,refs,5,9,1,1,1,1,1,1,1,1,1,0.6722376930131564,-0.11210645872304956,0.7317982139940807,0,0,795
bcvk-swtpm-ci-2026-07-23,refs,5,9,1,1,1,1,1,1,1,1,1,0.6722376930131564,-0.11210645872304956,0.7317982139940807,0,0,795
bootc-composefs-sealed-flow-2026-07-22,refs,5,9,1,1,1,1,1,1,1,1,1,0.6722376930131564,-0.11210645872304956,0.7317982139940807,0,0,795
bootc-dev-org-releases-2026-07-23,refs,5,9,1,1,1,1,1,1,1,1,1,0.6722376930131564,-0.11210645872304956,0.7317982139940807,0,0,795
bootc-upgrade-rollback-sysext-portable-test-spec-2026-08-04,refs,5,9,1,1,1,1,1,1,1,1,1,0.6722376930131564,-0.11210645872304956,0.7317982139940807,0,0,795
ci-evidence-2026-07-21,refs,5,9,1,1,1,1,1,1,1,1,1,0.6722376930131564,-0.11210645872304956,0.7317982139940807,0,0,795
covenant-conflict-policy-2026-07-25,refs,5,9,1,1,1,1,1,1,1,1,1,0.6722376930131564,-0.11210645872304956,0.7317982139940807,0,0,795
current-position-evidence-2026-07-25,refs,5,9,1,1,1,1,1,1,1,1,1,0.6722376930131564,-0.11210645872304956,0.7317982139940807,0,0,795
curve-guided-rsi-and-self-differential-2026-08-04,refs,5,9,1,1,1,1,1,1,1,1,1,0.6722376930131564,-0.11210645872304956,0.7317982139940807,0,0,795
curve-guided-rsi-v1-cycle4-all-skills-2026-08-04,refs,5,9,1,1,1,1,1,1,1,1,1,0.6722376930131564,-0.11210645872304956,0.7317982139940807,0,0,795
curve-guided-rsi-v1-cycles-2-3-run-2026-08-04,refs,5,9,1,1,1,1,1,1,1,1,1,0.6722376930131564,-0.11210645872304956,0.7317982139940807,0,0,795
curve-guided-rsi-v1-fitness-test-run-2026-08-04,refs,5,9,1,1,1,1,1,1,1,1,1,0.6722376930131564,-0.11210645872304956,0.7317982139940807,0,0,795
curve-guided-rsi-v2-cycle5-deep-research-2026-08-04,refs,5,9,1,1,1,1,1,1,1,1,1,0.6722376930131564,-0.11210645872304956,0.7317982139940807,0,0,795
customer-roi-model-2026-07-25,refs,5,9,1,1,1,1,1,1,1,1,1,0.6722376930131564,-0.11210645872304956,0.7317982139940807,0,0,795
customer-roi-model-2026-07-26,refs,5,9,1,1,1,1,1,1,1,1,1,0.6722376930131564,-0.11210645872304956,0.7317982139940807,0,0,795
cycle4-results-2026-08-06,refs,5,8,1,1,1,1,1,1,1,0,1,0.8276549961399876,-0.026085738015399,0.560630664195876,0.24668285835501796,25,42
cycle5-results-2026-08-06,refs,5,9,1,1,1,1,1,1,1,1,1,0.6722376930131564,-0.11210645872304956,0.7317982139940807,0,0,795
days-0-30-safe-offer-2026-07-25,refs,5,9,1,1,1,1,1,1,1,1,1,0.6722376930131564,-0.11210645872304956,0.7317982139940807,0,0,795
days-31-60-narrow-product-2026-07-25,refs,5,9,1,1,1,1,1,1,1,1,1,0.6722376930131564,-0.11210645872304956,0.7317982139940807,0,0,795
days-61-90-willingness-to-pay-2026-07-25,refs,5,9,1,1,1,1,1,1,1,1,1,0.6722376930131564,-0.11210645872304956,0.7317982139940807,0,0,795
debug-with-cli-2026-08-01,refs,5,9,1,1,1,1,1,1,1,1,1,0.6722376930131564,-0.11210645872304956,0.7317982139940807,0,0,795
decisions-deferrals-rejected-models-2026-07-25,refs,5,9,1,1,1,1,1,1,1,1,1,0.6722376930131564,-0.11210645872304956,0.7317982139940807,0,0,795
differential-curve-use-case-skill-land-grab-detection-2026-08-04,refs,5,8,1,1,1,1,1,1,1,1,0,0.8472372838308261,-0.066985970128512,0.5269742542979745,0.2731548457248265,45,17
digest-bump-checklist-2026-07-25,refs,5,9,1,1,1,1,1,1,1,1,1,0.6722376930131564,-0.11210645872304956,0.7317982139940807,0,0,795
docker-bake-consolidation-2026-07-17,refs,5,9,1,1,1,1,1,1,1,1,1,0.6722376930131564,-0.11210645872304956,0.7317982139940807,0,0,795
docker-build-policies-reference-2026-07-23,refs,5,8,1,1,1,1,1,1,1,0,1,0.8276549961399876,-0.026085738015399,0.560630664195876,0.24668285835501796,25,42
edgeless-reproducible-mkosi-research-2026-07-30,refs,5,9,1,1,1,1,1,1,1,1,1,0.6722376930131564,-0.11210645872304956,0.7317982139940807,0,0,795
endlessh-openwrt-fit-2026-07-17,refs,5,8,1,1,1,1,1,1,1,0,1,0.8276549961399876,-0.026085738015399,0.560630664195876,0.24668285835501796,25,42
entity-governance-legal-2026-07-25,refs,5,8,1,1,1,1,1,1,1,0,1,0.8276549961399876,-0.026085738015399,0.560630664195876,0.24668285835501796,25,42
external-benchmarks-sources-2026-07-25,refs,5,9,1,1,1,1,1,1,1,1,1,0.6722376930131564,-0.11210645872304956,0.7317982139940807,0,0,795
external-benchmarks-sources-2026-07-26,refs,5,9,1,1,1,1,1,1,1,1,1,0.6722376930131564,-0.11210645872304956,0.7317982139940807,0,0,795
fedora-bootc-base-images-status-2026-07-23,refs,5,9,1,1,1,1,1,1,1,1,1,0.6722376930131564,-0.11210645872304956,0.7317982139940807,0,0,795
fido2-ci-emulator-status-2026-07-23,refs,5,9,1,1,1,1,1,1,1,1,1,0.6722376930131564,-0.11210645872304956,0.7317982139940807,0,0,795
firmware-rk-workflow-2026-07-17,refs,5,9,1,1,1,1,1,1,1,1,1,0.6722376930131564,-0.11210645872304956,0.7317982139940807,0,0,795
first-90-days-2026-07-25,refs,5,9,1,1,1,1,1,1,1,1,1,0.6722376930131564,-0.11210645872304956,0.7317982139940807,0,0,795
first-90-days-2026-07-28,refs,5,9,1,1,1,1,1,1,1,1,1,0.6722376930131564,-0.11210645872304956,0.7317982139940807,0,0,795
fork-upstream-drift-detection-schedule-2026-08-04,refs,5,9,1,1,1,1,1,1,1,1,1,0.6722376930131564,-0.11210645872304956,0.7317982139940807,0,0,795
frost-panfrost-lockout-2026-07-17,refs,5,8,1,1,1,1,1,1,1,0,1,0.8276549961399876,-0.026085738015399,0.560630664195876,0.24668285835501796,25,42
gap-map-hyperspherical-harmonic-curve-2026-08-05,refs,5,8,1,1,1,1,1,1,1,0,1,0.8276549961399876,-0.026085738015399,0.560630664195876,0.24668285835501796,25,42
hyperspherical-harmonic-curve-2026-08-05,refs,5,8,1,1,1,1,1,1,1,0,1,0.8276549961399876,-0.026085738015399,0.560630664195876,0.24668285835501796,25,42
hyperspherical-harmonic-curve-v1-fit-2026-08-05,refs,5,9,1,1,1,1,1,1,1,1,1,0.6722376930131564,-0.11210645872304956,0.7317982139940807,0,0,795
image-builder-cli-fork-status-2026-07-23,refs,5,9,1,1,1,1,1,1,1,1,1,0.6722376930131564,-0.11210645872304956,0.7317982139940807,0,0,795
kernel-rootfs-split-2026-07-29,refs,5,9,1,1,1,1,1,1,1,1,1,0.6722376930131564,-0.11210645872304956,0.7317982139940807,0,0,795
learned-latent-curve-rsi-v10-2026-08-03,refs,5,8,1,1,1,1,1,1,1,0,1,0.8276549961399876,-0.026085738015399,0.560630664195876,0.24668285835501796,25,42
learned-latent-curve-rsi-v11-v12-2026-08-03,refs,5,8,1,1,1,1,1,1,1,0,1,0.8276549961399876,-0.026085738015399,0.560630664195876,0.24668285835501796,25,42
learned-latent-curve-skill-quality-map-2026-08-03,refs,5,9,1,1,1,1,1,1,1,1,1,0.6722376930131564,-0.11210645872304956,0.7317982139940807,0,0,795
learned-latent-curve-yubios-artifact-primitives-coverage-flow-2026-08-04,refs,5,9,1,1,1,1,1,1,1,1,1,0.6722376930131564,-0.11210645872304956,0.7317982139940807,0,0,795
libvfio-user-bundle-decision-2026-07-30,refs,5,8,1,1,1,1,1,1,1,0,1,0.8276549961399876,-0.026085738015399,0.560630664195876,0.24668285835501796,25,42
luks-fido2-e2e-test-2026-07-23,refs,5,9,1,1,1,1,1,1,1,1,1,0.6722376930131564,-0.11210645872304956,0.7317982139940807,0,0,795
metrics-and-reporting-2026-07-25,refs,5,9,1,1,1,1,1,1,1,1,1,0.6722376930131564,-0.11210645872304956,0.7317982139940807,0,0,795
mkosi-bcvk-fork-status-2026-07-23,refs,5,9,1,1,1,1,1,1,1,1,1,0.6722376930131564,-0.11210645872304956,0.7317982139940807,0,0,795
naming-licensing-provenance-2026-07-25,refs,5,9,1,1,1,1,1,1,1,1,1,0.6722376930131564,-0.11210645872304956,0.7317982139940807,0,0,795
negative-skill-space-2026-07-28,refs,5,8,1,1,1,1,1,1,1,0,1,0.8276549961399876,-0.026085738015399,0.560630664195876,0.24668285835501796,25,42
offer-pricing-architecture-2026-07-25,refs,5,9,1,1,1,1,1,1,1,1,1,0.6722376930131564,-0.11210645872304956,0.7317982139940807,0,0,795
openwrt-deception-proof-plan-2026-07-17,refs,5,8,1,1,1,1,1,1,1,0,1,0.8276549961399876,-0.026085738015399,0.560630664195876,0.24668285835501796,25,42
openwrt-wireguard-deception-lan-prototype-2026-07-25,refs,5,8,1,1,1,1,1,1,1,0,1,0.8276549961399876,-0.026085738015399,0.560630664195876,0.24668285835501796,25,42
operating-covenant-2026-07-25,refs,5,9,1,1,1,1,1,1,1,1,1,0.6722376930131564,-0.11210645872304956,0.7317982139940807,0,0,795
org-state-audit-2026-07-23,refs,5,9,1,1,1,1,1,1,1,1,1,0.6722376930131564,-0.11210645872304956,0.7317982139940807,0,0,795
osbuild-image-builder-2026-07-23,refs,5,9,1,1,1,1,1,1,1,1,1,0.6722376930131564,-0.11210645872304956,0.7317982139940807,0,0,795
package-floor-verification-checklist-2026-08-04,refs,5,9,1,1,1,1,1,1,1,1,1,0.6722376930131564,-0.11210645872304956,0.7317982139940807,0,0,795
pilot-collateral-roi-baseline-2026-07-25,refs,5,9,1,1,1,1,1,1,1,1,1,0.6722376930131564,-0.11210645872304956,0.7317982139940807,0,0,795
planning-cycle-2026-07-11,refs,5,9,1,1,1,1,1,1,1,1,1,0.6722376930131564,-0.11210645872304956,0.7317982139940807,0,0,795
post-quantum-tls-adoption-2026-07-23,refs,5,8,1,1,1,1,1,0,1,1,1,0.7275151258712654,-0.3525856783370084,0.5885618753029698,0.2853112307133318,100,8
pr-campaign-research-2026-07-16,refs,5,9,1,1,1,1,1,1,1,1,1,0.6722376930131564,-0.11210645872304956,0.7317982139940807,0,0,795
pr-friend-map-2026-07-17,refs,5,9,1,1,1,1,1,1,1,1,1,0.6722376930131564,-0.11210645872304956,0.7317982139940807,0,0,795
prior-art-autonomous-ideation-skill-2026-07-28,refs,5,8,1,1,1,1,1,1,1,0,1,0.8276549961399876,-0.026085738015399,0.560630664195876,0.24668285835501796,25,42
prior-art-search-rsi-audit-2026-07-30,refs,5,8,1,1,1,1,1,1,1,0,1,0.8276549961399876,-0.026085738015399,0.560630664195876,0.24668285835501796,25,42
prior-art-state-of-art-2026-07-30,refs,5,9,1,1,1,1,1,1,1,1,1,0.6722376930131564,-0.11210645872304956,0.7317982139940807,0,0,795
public-security-funding-targets-2026-07-25,refs,5,9,1,1,1,1,1,1,1,1,1,0.6722376930131564,-0.11210645872304956,0.7317982139940807,0,0,795
readiness-gates-gtm-2026-07-25,refs,5,9,1,1,1,1,1,1,1,1,1,0.6722376930131564,-0.11210645872304956,0.7317982139940807,0,0,795
readiness-gates-gtm-2026-07-28,refs,5,9,1,1,1,1,1,1,1,1,1,0.6722376930131564,-0.11210645872304956,0.7317982139940807,0,0,795
recursive-self-improvement-audit-2026-07-28,refs,5,8,1,1,1,1,1,1,1,0,1,0.8276549961399876,-0.026085738015399,0.560630664195876,0.24668285835501796,25,42
release-gate-checklist-v2-2026-08-04,refs,5,9,1,1,1,1,1,1,1,1,1,0.6722376930131564,-0.11210645872304956,0.7317982139940807,0,0,795
reproducible-builds-2026-07-22,refs,5,9,1,1,1,1,1,1,1,1,1,0.6722376930131564,-0.11210645872304956,0.7317982139940807,0,0,795
research-refresh-2026-07-11,refs,5,9,1,1,1,1,1,1,1,1,1,0.6722376930131564,-0.11210645872304956,0.7317982139940807,0,0,795
rk3588-ddr-tpl-source-2026-07-29,refs,5,8,1,1,1,1,1,1,1,0,1,0.8276549961399876,-0.026085738015399,0.560630664195876,0.24668285835501796,25,42
roadmap-promotion-gates-2026-07-17,refs,5,7,1,1,1,1,1,0,1,0,1,0.8947436569108003,-0.3892494852228046,0.2189032358638623,0.6240019388580943,31,6
rsi-five-skill-pass-2026-07-29,refs,5,8,1,1,1,1,1,1,1,0,1,0.8276549961399876,-0.026085738015399,0.560630664195876,0.24668285835501796,25,42
sbsign-pkcs11-validate-2026-07-23,refs,5,9,1,1,1,1,1,1,1,1,1,0.6722376930131564,-0.11210645872304956,0.7317982139940807,0,0,795
sealed-uki-vm-test-2026-07-30,refs,5,9,1,1,1,1,1,1,1,1,1,0.6722376930131564,-0.11210645872304956,0.7317982139940807,0,0,795
sectime-rk-secure-time-2026-07-17,refs,5,8,1,1,1,1,1,1,1,0,1,0.8276549961399876,-0.026085738015399,0.560630664195876,0.24668285835501796,25,42
slsa-l3-sbom-cosign-integration-spec-2026-08-04,refs,5,9,1,1,1,1,1,1,1,1,1,0.6722376930131564,-0.11210645872304956,0.7317982139940807,0,0,795
systemd-hardening-audit-2026-07-17,refs,5,8,1,1,1,1,1,1,1,1,0,0.8472372838308261,-0.066985970128512,0.5269742542979745,0.2731548457248265,45,17
systemd-homed-reference-2026-07-23,refs,5,9,1,1,1,1,1,1,1,1,1,0.6722376930131564,-0.11210645872304956,0.7317982139940807,0,0,795
systemd-unit-directive-reference-2026-07-23,refs,5,9,1,1,1,1,1,1,1,1,1,0.6722376930131564,-0.11210645872304956,0.7317982139940807,0,0,795
systemd-upstream-progress-2026-07-21,refs,5,9,1,1,1,1,1,1,1,1,1,0.6722376930131564,-0.11210645872304956,0.7317982139940807,0,0,795
systemd-v262-audit-2026-07-14,refs,5,8,1,1,1,1,1,1,1,0,1,0.8276549961399876,-0.026085738015399,0.560630664195876,0.24668285835501796,25,42
team-budget-use-of-funds-2026-07-25,refs,5,9,1,1,1,1,1,1,1,1,1,0.6722376930131564,-0.11210645872304956,0.7317982139940807,0,0,795
testing-production-gaps-2026-08-01,refs,5,9,1,1,1,1,1,1,1,1,1,0.6722376930131564,-0.11210645872304956,0.7317982139940807,0,0,795
three-year-revenue-cost-model-2026-07-25,refs,5,9,1,1,1,1,1,1,1,1,1,0.6722376930131564,-0.11210645872304956,0.7317982139940807,0,0,795
v261-base-image-bump-2026-07-23,refs,5,8,1,1,1,1,1,1,1,0,1,0.8276549961399876,-0.026085738015399,0.560630664195876,0.24668285835501796,25,42
validate-input-shape-doctrine-2026-08-04,refs,5,9,1,1,1,1,1,1,1,1,1,0.6722376930131564,-0.11210645872304956,0.7317982139940807,0,0,795
vgpu-vfio-user-trust-boundary-2026-07-25,refs,5,9,1,1,1,1,1,1,1,1,1,0.6722376930131564,-0.11210645872304956,0.7317982139940807,0,0,795
vm-e2e-run-29525332901,refs,5,9,1,1,1,1,1,1,1,1,1,0.6722376930131564,-0.11210645872304956,0.7317982139940807,0,0,795
who-pays-and-why-2026-07-25,refs,5,9,1,1,1,1,1,1,1,1,1,0.6722376930131564,-0.11210645872304956,0.7317982139940807,0,0,795
workflow-dispatch-reachability-spec-2026-08-04,refs,5,9,1,1,1,1,1,1,1,1,1,0.6722376930131564,-0.11210645872304956,0.7317982139940807,0,0,795
workflow-patterns-deep-dive-2026-07-30,refs,5,9,1,1,1,1,1,1,1,1,1,0.6722376930131564,-0.11210645872304956,0.7317982139940807,0,0,795
workflow-token-scope-audit-script-2026-08-04,refs,5,9,1,1,1,1,1,1,1,1,1,0.6722376930131564,-0.11210645872304956,0.7317982139940807,0,0,795
yubikey-hw-validation-scenarios-2026-07-25,refs,5,9,1,1,1,1,1,1,1,1,1,0.6722376930131564,-0.11210645872304956,0.7317982139940807,0,0,795
yubios-ci-strategy-history-2026-07-23,refs,5,9,1,1,1,1,1,1,1,1,1,0.6722376930131564,-0.11210645872304956,0.7317982139940807,0,0,795
yubios-reproducibility-equivalents-2026-07-30,refs,5,7,1,1,1,1,1,0,1,0,1,0.8947436569108003,-0.3892494852228046,0.2189032358638623,0.6240019388580943,31,6
yubios-versioning-scheme-2026-08-04,refs,5,9,1,1,1,1,1,1,1,1,1,0.6722376930131564,-0.11210645872304956,0.7317982139940807,0,0,795
zboot-workaround-runner-qemu-audit-2026-07-25,refs,5,8,1,1,1,1,1,1,1,0,1,0.8276549961399876,-0.026085738015399,0.560630664195876,0.24668285835501796,25,42
0pointer-poettering-systemd-vision-2026-07-23,refs,6,9,1,1,1,1,1,1,1,1,1,0.6722376930131564,-0.11210645872304956,0.7317982139940807,0,0,795
actions-checkout-v6-includeif-investigation-2026-07-29,refs,6,9,1,1,1,1,1,1,1,1,1,0.6722376930131564,-0.11210645872304956,0.7317982139940807,0,0,795
adr-033-misbehavior-cutoff-policy-2026-07-28,refs,6,8,1,1,1,1,1,1,1,0,1,0.8276549961399876,-0.026085738015399,0.560630664195876,0.24668285835501796,25,42
adr-033-prior-art-search-2026-07-28,refs,6,9,1,1,1,1,1,1,1,1,1,0.6722376930131564,-0.11210645872304956,0.7317982139940807,0,0,795
arm64-ftpm-phase-f0-2026-07-23,refs,6,9,1,1,1,1,1,1,1,1,1,0.6722376930131564,-0.11210645872304956,0.7317982139940807,0,0,795
arm64-path-a-b-board-status-2026-07-23,refs,6,9,1,1,1,1,1,1,1,1,1,0.6722376930131564,-0.11210645872304956,0.7317982139940807,0,0,795
arm64-rk-board-status-2026-07-17,refs,6,9,1,1,1,1,1,1,1,1,1,0.6722376930131564,-0.11210645872304956,0.7317982139940807,0,0,795
arm64-zstd-efi-zboot-bcvk-2026-07-23,refs,6,9,1,1,1,1,1,1,1,1,1,0.6722376930131564,-0.11210645872304956,0.7317982139940807,0,0,795
arxiv-2607.09967-vs-learned-latent-curve-2026-08-04,refs,6,9,1,1,1,1,1,1,1,1,1,0.6722376930131564,-0.11210645872304956,0.7317982139940807,0,0,795
assets-repo-repoint-verification-2026-07-28,refs,6,9,1,1,1,1,1,1,1,1,1,0.6722376930131564,-0.11210645872304956,0.7317982139940807,0,0,795
attested-bootc-gpu-cutover-2026-07-30,refs,6,9,1,1,1,1,1,1,1,1,1,0.6722376930131564,-0.11210645872304956,0.7317982139940807,0,0,795
bcvk-swtpm-ci-2026-07-23,refs,6,9,1,1,1,1,1,1,1,1,1,0.6722376930131564,-0.11210645872304956,0.7317982139940807,0,0,795
bootc-composefs-sealed-flow-2026-07-22,refs,6,9,1,1,1,1,1,1,1,1,1,0.6722376930131564,-0.11210645872304956,0.7317982139940807,0,0,795
bootc-dev-org-releases-2026-07-23,refs,6,9,1,1,1,1,1,1,1,1,1,0.6722376930131564,-0.11210645872304956,0.7317982139940807,0,0,795
bootc-upgrade-rollback-sysext-portable-test-spec-2026-08-04,refs,6,9,1,1,1,1,1,1,1,1,1,0.6722376930131564,-0.11210645872304956,0.7317982139940807,0,0,795
ci-evidence-2026-07-21,refs,6,9,1,1,1,1,1,1,1,1,1,0.6722376930131564,-0.11210645872304956,0.7317982139940807,0,0,795
covenant-conflict-policy-2026-07-25,refs,6,9,1,1,1,1,1,1,1,1,1,0.6722376930131564,-0.11210645872304956,0.7317982139940807,0,0,795
current-position-evidence-2026-07-25,refs,6,9,1,1,1,1,1,1,1,1,1,0.6722376930131564,-0.11210645872304956,0.7317982139940807,0,0,795
curve-guided-rsi-and-self-differential-2026-08-04,refs,6,9,1,1,1,1,1,1,1,1,1,0.6722376930131564,-0.11210645872304956,0.7317982139940807,0,0,795
curve-guided-rsi-v1-cycle4-all-skills-2026-08-04,refs,6,9,1,1,1,1,1,1,1,1,1,0.6722376930131564,-0.11210645872304956,0.7317982139940807,0,0,795
curve-guided-rsi-v1-cycles-2-3-run-2026-08-04,refs,6,9,1,1,1,1,1,1,1,1,1,0.6722376930131564,-0.11210645872304956,0.7317982139940807,0,0,795
curve-guided-rsi-v1-fitness-test-run-2026-08-04,refs,6,9,1,1,1,1,1,1,1,1,1,0.6722376930131564,-0.11210645872304956,0.7317982139940807,0,0,795
curve-guided-rsi-v2-cycle5-deep-research-2026-08-04,refs,6,9,1,1,1,1,1,1,1,1,1,0.6722376930131564,-0.11210645872304956,0.7317982139940807,0,0,795
customer-roi-model-2026-07-25,refs,6,9,1,1,1,1,1,1,1,1,1,0.6722376930131564,-0.11210645872304956,0.7317982139940807,0,0,795
customer-roi-model-2026-07-26,refs,6,9,1,1,1,1,1,1,1,1,1,0.6722376930131564,-0.11210645872304956,0.7317982139940807,0,0,795
cycle4-results-2026-08-06,refs,6,9,1,1,1,1,1,1,1,1,1,0.6722376930131564,-0.11210645872304956,0.7317982139940807,0,0,795
cycle5-results-2026-08-06,refs,6,9,1,1,1,1,1,1,1,1,1,0.6722376930131564,-0.11210645872304956,0.7317982139940807,0,0,795
days-0-30-safe-offer-2026-07-25,refs,6,9,1,1,1,1,1,1,1,1,1,0.6722376930131564,-0.11210645872304956,0.7317982139940807,0,0,795
days-31-60-narrow-product-2026-07-25,refs,6,9,1,1,1,1,1,1,1,1,1,0.6722376930131564,-0.11210645872304956,0.7317982139940807,0,0,795
days-61-90-willingness-to-pay-2026-07-25,refs,6,9,1,1,1,1,1,1,1,1,1,0.6722376930131564,-0.11210645872304956,0.7317982139940807,0,0,795
debug-with-cli-2026-08-01,refs,6,9,1,1,1,1,1,1,1,1,1,0.6722376930131564,-0.11210645872304956,0.7317982139940807,0,0,795
decisions-deferrals-rejected-models-2026-07-25,refs,6,9,1,1,1,1,1,1,1,1,1,0.6722376930131564,-0.11210645872304956,0.7317982139940807,0,0,795
differential-curve-use-case-skill-land-grab-detection-2026-08-04,refs,6,9,1,1,1,1,1,1,1,1,1,0.6722376930131564,-0.11210645872304956,0.7317982139940807,0,0,795
digest-bump-checklist-2026-07-25,refs,6,9,1,1,1,1,1,1,1,1,1,0.6722376930131564,-0.11210645872304956,0.7317982139940807,0,0,795
docker-bake-consolidation-2026-07-17,refs,6,9,1,1,1,1,1,1,1,1,1,0.6722376930131564,-0.11210645872304956,0.7317982139940807,0,0,795
docker-build-policies-reference-2026-07-23,refs,6,9,1,1,1,1,1,1,1,1,1,0.6722376930131564,-0.11210645872304956,0.7317982139940807,0,0,795
edgeless-reproducible-mkosi-research-2026-07-30,refs,6,9,1,1,1,1,1,1,1,1,1,0.6722376930131564,-0.11210645872304956,0.7317982139940807,0,0,795
endlessh-openwrt-fit-2026-07-17,refs,6,9,1,1,1,1,1,1,1,1,1,0.6722376930131564,-0.11210645872304956,0.7317982139940807,0,0,795
entity-governance-legal-2026-07-25,refs,6,9,1,1,1,1,1,1,1,1,1,0.6722376930131564,-0.11210645872304956,0.7317982139940807,0,0,795
external-benchmarks-sources-2026-07-25,refs,6,9,1,1,1,1,1,1,1,1,1,0.6722376930131564,-0.11210645872304956,0.7317982139940807,0,0,795
external-benchmarks-sources-2026-07-26,refs,6,9,1,1,1,1,1,1,1,1,1,0.6722376930131564,-0.11210645872304956,0.7317982139940807,0,0,795
fedora-bootc-base-images-status-2026-07-23,refs,6,9,1,1,1,1,1,1,1,1,1,0.6722376930131564,-0.11210645872304956,0.7317982139940807,0,0,795
fido2-ci-emulator-status-2026-07-23,refs,6,9,1,1,1,1,1,1,1,1,1,0.6722376930131564,-0.11210645872304956,0.7317982139940807,0,0,795
firmware-rk-workflow-2026-07-17,refs,6,9,1,1,1,1,1,1,1,1,1,0.6722376930131564,-0.11210645872304956,0.7317982139940807,0,0,795
first-90-days-2026-07-25,refs,6,9,1,1,1,1,1,1,1,1,1,0.6722376930131564,-0.11210645872304956,0.7317982139940807,0,0,795
first-90-days-2026-07-28,refs,6,9,1,1,1,1,1,1,1,1,1,0.6722376930131564,-0.11210645872304956,0.7317982139940807,0,0,795
fork-upstream-drift-detection-schedule-2026-08-04,refs,6,9,1,1,1,1,1,1,1,1,1,0.6722376930131564,-0.11210645872304956,0.7317982139940807,0,0,795
frost-panfrost-lockout-2026-07-17,refs,6,9,1,1,1,1,1,1,1,1,1,0.6722376930131564,-0.11210645872304956,0.7317982139940807,0,0,795
gap-map-hyperspherical-harmonic-curve-2026-08-05,refs,6,9,1,1,1,1,1,1,1,1,1,0.6722376930131564,-0.11210645872304956,0.7317982139940807,0,0,795
hyperspherical-harmonic-curve-2026-08-05,refs,6,9,1,1,1,1,1,1,1,1,1,0.6722376930131564,-0.11210645872304956,0.7317982139940807,0,0,795
hyperspherical-harmonic-curve-v1-fit-2026-08-05,refs,6,9,1,1,1,1,1,1,1,1,1,0.6722376930131564,-0.11210645872304956,0.7317982139940807,0,0,795
image-builder-cli-fork-status-2026-07-23,refs,6,9,1,1,1,1,1,1,1,1,1,0.6722376930131564,-0.11210645872304956,0.7317982139940807,0,0,795
kernel-rootfs-split-2026-07-29,refs,6,9,1,1,1,1,1,1,1,1,1,0.6722376930131564,-0.11210645872304956,0.7317982139940807,0,0,795
learned-latent-curve-rsi-v10-2026-08-03,refs,6,9,1,1,1,1,1,1,1,1,1,0.6722376930131564,-0.11210645872304956,0.7317982139940807,0,0,795
learned-latent-curve-rsi-v11-v12-2026-08-03,refs,6,9,1,1,1,1,1,1,1,1,1,0.6722376930131564,-0.11210645872304956,0.7317982139940807,0,0,795
learned-latent-curve-skill-quality-map-2026-08-03,refs,6,9,1,1,1,1,1,1,1,1,1,0.6722376930131564,-0.11210645872304956,0.7317982139940807,0,0,795
learned-latent-curve-yubios-artifact-primitives-coverage-flow-2026-08-04,refs,6,9,1,1,1,1,1,1,1,1,1,0.6722376930131564,-0.11210645872304956,0.7317982139940807,0,0,795
libvfio-user-bundle-decision-2026-07-30,refs,6,9,1,1,1,1,1,1,1,1,1,0.6722376930131564,-0.11210645872304956,0.7317982139940807,0,0,795
luks-fido2-e2e-test-2026-07-23,refs,6,9,1,1,1,1,1,1,1,1,1,0.6722376930131564,-0.11210645872304956,0.7317982139940807,0,0,795
metrics-and-reporting-2026-07-25,refs,6,9,1,1,1,1,1,1,1,1,1,0.6722376930131564,-0.11210645872304956,0.7317982139940807,0,0,795
mkosi-bcvk-fork-status-2026-07-23,refs,6,9,1,1,1,1,1,1,1,1,1,0.6722376930131564,-0.11210645872304956,0.7317982139940807,0,0,795
naming-licensing-provenance-2026-07-25,refs,6,9,1,1,1,1,1,1,1,1,1,0.6722376930131564,-0.11210645872304956,0.7317982139940807,0,0,795
negative-skill-space-2026-07-28,refs,6,9,1,1,1,1,1,1,1,1,1,0.6722376930131564,-0.11210645872304956,0.7317982139940807,0,0,795
offer-pricing-architecture-2026-07-25,refs,6,9,1,1,1,1,1,1,1,1,1,0.6722376930131564,-0.11210645872304956,0.7317982139940807,0,0,795
openwrt-deception-proof-plan-2026-07-17,refs,6,9,1,1,1,1,1,1,1,1,1,0.6722376930131564,-0.11210645872304956,0.7317982139940807,0,0,795
openwrt-wireguard-deception-lan-prototype-2026-07-25,refs,6,9,1,1,1,1,1,1,1,1,1,0.6722376930131564,-0.11210645872304956,0.7317982139940807,0,0,795
operating-covenant-2026-07-25,refs,6,9,1,1,1,1,1,1,1,1,1,0.6722376930131564,-0.11210645872304956,0.7317982139940807,0,0,795
org-state-audit-2026-07-23,refs,6,9,1,1,1,1,1,1,1,1,1,0.6722376930131564,-0.11210645872304956,0.7317982139940807,0,0,795
osbuild-image-builder-2026-07-23,refs,6,9,1,1,1,1,1,1,1,1,1,0.6722376930131564,-0.11210645872304956,0.7317982139940807,0,0,795
package-floor-verification-checklist-2026-08-04,refs,6,9,1,1,1,1,1,1,1,1,1,0.6722376930131564,-0.11210645872304956,0.7317982139940807,0,0,795
pilot-collateral-roi-baseline-2026-07-25,refs,6,9,1,1,1,1,1,1,1,1,1,0.6722376930131564,-0.11210645872304956,0.7317982139940807,0,0,795
planning-cycle-2026-07-11,refs,6,9,1,1,1,1,1,1,1,1,1,0.6722376930131564,-0.11210645872304956,0.7317982139940807,0,0,795
post-quantum-tls-adoption-2026-07-23,refs,6,9,1,1,1,1,1,1,1,1,1,0.6722376930131564,-0.11210645872304956,0.7317982139940807,0,0,795
pr-campaign-research-2026-07-16,refs,6,9,1,1,1,1,1,1,1,1,1,0.6722376930131564,-0.11210645872304956,0.7317982139940807,0,0,795
pr-friend-map-2026-07-17,refs,6,9,1,1,1,1,1,1,1,1,1,0.6722376930131564,-0.11210645872304956,0.7317982139940807,0,0,795
prior-art-autonomous-ideation-skill-2026-07-28,refs,6,9,1,1,1,1,1,1,1,1,1,0.6722376930131564,-0.11210645872304956,0.7317982139940807,0,0,795
prior-art-search-rsi-audit-2026-07-30,refs,6,9,1,1,1,1,1,1,1,1,1,0.6722376930131564,-0.11210645872304956,0.7317982139940807,0,0,795
prior-art-state-of-art-2026-07-30,refs,6,9,1,1,1,1,1,1,1,1,1,0.6722376930131564,-0.11210645872304956,0.7317982139940807,0,0,795
public-security-funding-targets-2026-07-25,refs,6,9,1,1,1,1,1,1,1,1,1,0.6722376930131564,-0.11210645872304956,0.7317982139940807,0,0,795
readiness-gates-gtm-2026-07-25,refs,6,9,1,1,1,1,1,1,1,1,1,0.6722376930131564,-0.11210645872304956,0.7317982139940807,0,0,795
readiness-gates-gtm-2026-07-28,refs,6,9,1,1,1,1,1,1,1,1,1,0.6722376930131564,-0.11210645872304956,0.7317982139940807,0,0,795
recursive-self-improvement-audit-2026-07-28,refs,6,9,1,1,1,1,1,1,1,1,1,0.6722376930131564,-0.11210645872304956,0.7317982139940807,0,0,795
release-gate-checklist-v2-2026-08-04,refs,6,9,1,1,1,1,1,1,1,1,1,0.6722376930131564,-0.11210645872304956,0.7317982139940807,0,0,795
reproducible-builds-2026-07-22,refs,6,9,1,1,1,1,1,1,1,1,1,0.6722376930131564,-0.11210645872304956,0.7317982139940807,0,0,795
research-refresh-2026-07-11,refs,6,9,1,1,1,1,1,1,1,1,1,0.6722376930131564,-0.11210645872304956,0.7317982139940807,0,0,795
rk3588-ddr-tpl-source-2026-07-29,refs,6,9,1,1,1,1,1,1,1,1,1,0.6722376930131564,-0.11210645872304956,0.7317982139940807,0,0,795
roadmap-promotion-gates-2026-07-17,refs,6,8,1,1,1,1,1,1,1,0,1,0.8276549961399876,-0.026085738015399,0.560630664195876,0.24668285835501796,25,42
rsi-five-skill-pass-2026-07-29,refs,6,9,1,1,1,1,1,1,1,1,1,0.6722376930131564,-0.11210645872304956,0.7317982139940807,0,0,795
sbsign-pkcs11-validate-2026-07-23,refs,6,9,1,1,1,1,1,1,1,1,1,0.6722376930131564,-0.11210645872304956,0.7317982139940807,0,0,795
sealed-uki-vm-test-2026-07-30,refs,6,9,1,1,1,1,1,1,1,1,1,0.6722376930131564,-0.11210645872304956,0.7317982139940807,0,0,795
sectime-rk-secure-time-2026-07-17,refs,6,9,1,1,1,1,1,1,1,1,1,0.6722376930131564,-0.11210645872304956,0.7317982139940807,0,0,795
slsa-l3-sbom-cosign-integration-spec-2026-08-04,refs,6,9,1,1,1,1,1,1,1,1,1,0.6722376930131564,-0.11210645872304956,0.7317982139940807,0,0,795
systemd-hardening-audit-2026-07-17,refs,6,9,1,1,1,1,1,1,1,1,1,0.6722376930131564,-0.11210645872304956,0.7317982139940807,0,0,795
systemd-homed-reference-2026-07-23,refs,6,9,1,1,1,1,1,1,1,1,1,0.6722376930131564,-0.11210645872304956,0.7317982139940807,0,0,795
systemd-unit-directive-reference-2026-07-23,refs,6,9,1,1,1,1,1,1,1,1,1,0.6722376930131564,-0.11210645872304956,0.7317982139940807,0,0,795
systemd-upstream-progress-2026-07-21,refs,6,9,1,1,1,1,1,1,1,1,1,0.6722376930131564,-0.11210645872304956,0.7317982139940807,0,0,795
systemd-v262-audit-2026-07-14,refs,6,9,1,1,1,1,1,1,1,1,1,0.6722376930131564,-0.11210645872304956,0.7317982139940807,0,0,795
team-budget-use-of-funds-2026-07-25,refs,6,9,1,1,1,1,1,1,1,1,1,0.6722376930131564,-0.11210645872304956,0.7317982139940807,0,0,795
testing-production-gaps-2026-08-01,refs,6,9,1,1,1,1,1,1,1,1,1,0.6722376930131564,-0.11210645872304956,0.7317982139940807,0,0,795
three-year-revenue-cost-model-2026-07-25,refs,6,9,1,1,1,1,1,1,1,1,1,0.6722376930131564,-0.11210645872304956,0.7317982139940807,0,0,795
v261-base-image-bump-2026-07-23,refs,6,9,1,1,1,1,1,1,1,1,1,0.6722376930131564,-0.11210645872304956,0.7317982139940807,0,0,795
validate-input-shape-doctrine-2026-08-04,refs,6,9,1,1,1,1,1,1,1,1,1,0.6722376930131564,-0.11210645872304956,0.7317982139940807,0,0,795
vgpu-vfio-user-trust-boundary-2026-07-25,refs,6,9,1,1,1,1,1,1,1,1,1,0.6722376930131564,-0.11210645872304956,0.7317982139940807,0,0,795
vm-e2e-run-29525332901,refs,6,9,1,1,1,1,1,1,1,1,1,0.6722376930131564,-0.11210645872304956,0.7317982139940807,0,0,795
who-pays-and-why-2026-07-25,refs,6,9,1,1,1,1,1,1,1,1,1,0.6722376930131564,-0.11210645872304956,0.7317982139940807,0,0,795
workflow-dispatch-reachability-spec-2026-08-04,refs,6,9,1,1,1,1,1,1,1,1,1,0.6722376930131564,-0.11210645872304956,0.7317982139940807,0,0,795
workflow-patterns-deep-dive-2026-07-30,refs,6,9,1,1,1,1,1,1,1,1,1,0.6722376930131564,-0.11210645872304956,0.7317982139940807,0,0,795
workflow-token-scope-audit-script-2026-08-04,refs,6,9,1,1,1,1,1,1,1,1,1,0.6722376930131564,-0.11210645872304956,0.7317982139940807,0,0,795
yubikey-hw-validation-scenarios-2026-07-25,refs,6,9,1,1,1,1,1,1,1,1,1,0.6722376930131564,-0.11210645872304956,0.7317982139940807,0,0,795
yubios-ci-strategy-history-2026-07-23,refs,6,9,1,1,1,1,1,1,1,1,1,0.6722376930131564,-0.11210645872304956,0.7317982139940807,0,0,795
yubios-reproducibility-equivalents-2026-07-30,refs,6,8,1,1,1,1,1,1,1,0,1,0.8276549961399876,-0.026085738015399,0.560630664195876,0.24668285835501796,25,42
yubios-versioning-scheme-2026-08-04,refs,6,9,1,1,1,1,1,1,1,1,1,0.6722376930131564,-0.11210645872304956,0.7317982139940807,0,0,795
zboot-workaround-runner-qemu-audit-2026-07-25,refs,6,9,1,1,1,1,1,1,1,1,1,0.6722376930131564,-0.11210645872304956,0.7317982139940807,0,0,795
0pointer-poettering-systemd-vision-2026-07-23,refs,7,9,1,1,1,1,1,1,1,1,1,0.6722376930131564,-0.11210645872304956,0.7317982139940807,0,0,795
actions-checkout-v6-includeif-investigation-2026-07-29,refs,7,9,1,1,1,1,1,1,1,1,1,0.6722376930131564,-0.11210645872304956,0.7317982139940807,0,0,795
adr-033-misbehavior-cutoff-policy-2026-07-28,refs,7,9,1,1,1,1,1,1,1,1,1,0.6722376930131564,-0.11210645872304956,0.7317982139940807,0,0,795
adr-033-prior-art-search-2026-07-28,refs,7,9,1,1,1,1,1,1,1,1,1,0.6722376930131564,-0.11210645872304956,0.7317982139940807,0,0,795
arm64-ftpm-phase-f0-2026-07-23,refs,7,9,1,1,1,1,1,1,1,1,1,0.6722376930131564,-0.11210645872304956,0.7317982139940807,0,0,795
arm64-path-a-b-board-status-2026-07-23,refs,7,9,1,1,1,1,1,1,1,1,1,0.6722376930131564,-0.11210645872304956,0.7317982139940807,0,0,795
arm64-rk-board-status-2026-07-17,refs,7,9,1,1,1,1,1,1,1,1,1,0.6722376930131564,-0.11210645872304956,0.7317982139940807,0,0,795
arm64-zstd-efi-zboot-bcvk-2026-07-23,refs,7,9,1,1,1,1,1,1,1,1,1,0.6722376930131564,-0.11210645872304956,0.7317982139940807,0,0,795
arxiv-2607.09967-vs-learned-latent-curve-2026-08-04,refs,7,9,1,1,1,1,1,1,1,1,1,0.6722376930131564,-0.11210645872304956,0.7317982139940807,0,0,795
assets-repo-repoint-verification-2026-07-28,refs,7,9,1,1,1,1,1,1,1,1,1,0.6722376930131564,-0.11210645872304956,0.7317982139940807,0,0,795
attested-bootc-gpu-cutover-2026-07-30,refs,7,9,1,1,1,1,1,1,1,1,1,0.6722376930131564,-0.11210645872304956,0.7317982139940807,0,0,795
bcvk-swtpm-ci-2026-07-23,refs,7,9,1,1,1,1,1,1,1,1,1,0.6722376930131564,-0.11210645872304956,0.7317982139940807,0,0,795
bootc-composefs-sealed-flow-2026-07-22,refs,7,9,1,1,1,1,1,1,1,1,1,0.6722376930131564,-0.11210645872304956,0.7317982139940807,0,0,795
bootc-dev-org-releases-2026-07-23,refs,7,9,1,1,1,1,1,1,1,1,1,0.6722376930131564,-0.11210645872304956,0.7317982139940807,0,0,795
bootc-upgrade-rollback-sysext-portable-test-spec-2026-08-04,refs,7,9,1,1,1,1,1,1,1,1,1,0.6722376930131564,-0.11210645872304956,0.7317982139940807,0,0,795
ci-evidence-2026-07-21,refs,7,9,1,1,1,1,1,1,1,1,1,0.6722376930131564,-0.11210645872304956,0.7317982139940807,0,0,795
covenant-conflict-policy-2026-07-25,refs,7,9,1,1,1,1,1,1,1,1,1,0.6722376930131564,-0.11210645872304956,0.7317982139940807,0,0,795
current-position-evidence-2026-07-25,refs,7,9,1,1,1,1,1,1,1,1,1,0.6722376930131564,-0.11210645872304956,0.7317982139940807,0,0,795
curve-guided-rsi-and-self-differential-2026-08-04,refs,7,9,1,1,1,1,1,1,1,1,1,0.6722376930131564,-0.11210645872304956,0.7317982139940807,0,0,795
curve-guided-rsi-v1-cycle4-all-skills-2026-08-04,refs,7,9,1,1,1,1,1,1,1,1,1,0.6722376930131564,-0.11210645872304956,0.7317982139940807,0,0,795
curve-guided-rsi-v1-cycles-2-3-run-2026-08-04,refs,7,9,1,1,1,1,1,1,1,1,1,0.6722376930131564,-0.11210645872304956,0.7317982139940807,0,0,795
curve-guided-rsi-v1-fitness-test-run-2026-08-04,refs,7,9,1,1,1,1,1,1,1,1,1,0.6722376930131564,-0.11210645872304956,0.7317982139940807,0,0,795
curve-guided-rsi-v2-cycle5-deep-research-2026-08-04,refs,7,9,1,1,1,1,1,1,1,1,1,0.6722376930131564,-0.11210645872304956,0.7317982139940807,0,0,795
customer-roi-model-2026-07-25,refs,7,9,1,1,1,1,1,1,1,1,1,0.6722376930131564,-0.11210645872304956,0.7317982139940807,0,0,795
customer-roi-model-2026-07-26,refs,7,9,1,1,1,1,1,1,1,1,1,0.6722376930131564,-0.11210645872304956,0.7317982139940807,0,0,795
cycle4-results-2026-08-06,refs,7,9,1,1,1,1,1,1,1,1,1,0.6722376930131564,-0.11210645872304956,0.7317982139940807,0,0,795
cycle5-results-2026-08-06,refs,7,9,1,1,1,1,1,1,1,1,1,0.6722376930131564,-0.11210645872304956,0.7317982139940807,0,0,795
days-0-30-safe-offer-2026-07-25,refs,7,9,1,1,1,1,1,1,1,1,1,0.6722376930131564,-0.11210645872304956,0.7317982139940807,0,0,795
days-31-60-narrow-product-2026-07-25,refs,7,9,1,1,1,1,1,1,1,1,1,0.6722376930131564,-0.11210645872304956,0.7317982139940807,0,0,795
days-61-90-willingness-to-pay-2026-07-25,refs,7,9,1,1,1,1,1,1,1,1,1,0.6722376930131564,-0.11210645872304956,0.7317982139940807,0,0,795
debug-with-cli-2026-08-01,refs,7,9,1,1,1,1,1,1,1,1,1,0.6722376930131564,-0.11210645872304956,0.7317982139940807,0,0,795
decisions-deferrals-rejected-models-2026-07-25,refs,7,9,1,1,1,1,1,1,1,1,1,0.6722376930131564,-0.11210645872304956,0.7317982139940807,0,0,795
differential-curve-use-case-skill-land-grab-detection-2026-08-04,refs,7,9,1,1,1,1,1,1,1,1,1,0.6722376930131564,-0.11210645872304956,0.7317982139940807,0,0,795
digest-bump-checklist-2026-07-25,refs,7,9,1,1,1,1,1,1,1,1,1,0.6722376930131564,-0.11210645872304956,0.7317982139940807,0,0,795
docker-bake-consolidation-2026-07-17,refs,7,9,1,1,1,1,1,1,1,1,1,0.6722376930131564,-0.11210645872304956,0.7317982139940807,0,0,795
docker-build-policies-reference-2026-07-23,refs,7,9,1,1,1,1,1,1,1,1,1,0.6722376930131564,-0.11210645872304956,0.7317982139940807,0,0,795
edgeless-reproducible-mkosi-research-2026-07-30,refs,7,9,1,1,1,1,1,1,1,1,1,0.6722376930131564,-0.11210645872304956,0.7317982139940807,0,0,795
endlessh-openwrt-fit-2026-07-17,refs,7,9,1,1,1,1,1,1,1,1,1,0.6722376930131564,-0.11210645872304956,0.7317982139940807,0,0,795
entity-governance-legal-2026-07-25,refs,7,9,1,1,1,1,1,1,1,1,1,0.6722376930131564,-0.11210645872304956,0.7317982139940807,0,0,795
external-benchmarks-sources-2026-07-25,refs,7,9,1,1,1,1,1,1,1,1,1,0.6722376930131564,-0.11210645872304956,0.7317982139940807,0,0,795
external-benchmarks-sources-2026-07-26,refs,7,9,1,1,1,1,1,1,1,1,1,0.6722376930131564,-0.11210645872304956,0.7317982139940807,0,0,795
fedora-bootc-base-images-status-2026-07-23,refs,7,9,1,1,1,1,1,1,1,1,1,0.6722376930131564,-0.11210645872304956,0.7317982139940807,0,0,795
fido2-ci-emulator-status-2026-07-23,refs,7,9,1,1,1,1,1,1,1,1,1,0.6722376930131564,-0.11210645872304956,0.7317982139940807,0,0,795
firmware-rk-workflow-2026-07-17,refs,7,9,1,1,1,1,1,1,1,1,1,0.6722376930131564,-0.11210645872304956,0.7317982139940807,0,0,795
first-90-days-2026-07-25,refs,7,9,1,1,1,1,1,1,1,1,1,0.6722376930131564,-0.11210645872304956,0.7317982139940807,0,0,795
first-90-days-2026-07-28,refs,7,9,1,1,1,1,1,1,1,1,1,0.6722376930131564,-0.11210645872304956,0.7317982139940807,0,0,795
fork-upstream-drift-detection-schedule-2026-08-04,refs,7,9,1,1,1,1,1,1,1,1,1,0.6722376930131564,-0.11210645872304956,0.7317982139940807,0,0,795
frost-panfrost-lockout-2026-07-17,refs,7,9,1,1,1,1,1,1,1,1,1,0.6722376930131564,-0.11210645872304956,0.7317982139940807,0,0,795
gap-map-hyperspherical-harmonic-curve-2026-08-05,refs,7,9,1,1,1,1,1,1,1,1,1,0.6722376930131564,-0.11210645872304956,0.7317982139940807,0,0,795
hyperspherical-harmonic-curve-2026-08-05,refs,7,9,1,1,1,1,1,1,1,1,1,0.6722376930131564,-0.11210645872304956,0.7317982139940807,0,0,795
hyperspherical-harmonic-curve-v1-fit-2026-08-05,refs,7,9,1,1,1,1,1,1,1,1,1,0.6722376930131564,-0.11210645872304956,0.7317982139940807,0,0,795
image-builder-cli-fork-status-2026-07-23,refs,7,9,1,1,1,1,1,1,1,1,1,0.6722376930131564,-0.11210645872304956,0.7317982139940807,0,0,795
kernel-rootfs-split-2026-07-29,refs,7,9,1,1,1,1,1,1,1,1,1,0.6722376930131564,-0.11210645872304956,0.7317982139940807,0,0,795
learned-latent-curve-rsi-v10-2026-08-03,refs,7,9,1,1,1,1,1,1,1,1,1,0.6722376930131564,-0.11210645872304956,0.7317982139940807,0,0,795
learned-latent-curve-rsi-v11-v12-2026-08-03,refs,7,9,1,1,1,1,1,1,1,1,1,0.6722376930131564,-0.11210645872304956,0.7317982139940807,0,0,795
learned-latent-curve-skill-quality-map-2026-08-03,refs,7,9,1,1,1,1,1,1,1,1,1,0.6722376930131564,-0.11210645872304956,0.7317982139940807,0,0,795
learned-latent-curve-yubios-artifact-primitives-coverage-flow-2026-08-04,refs,7,9,1,1,1,1,1,1,1,1,1,0.6722376930131564,-0.11210645872304956,0.7317982139940807,0,0,795
libvfio-user-bundle-decision-2026-07-30,refs,7,9,1,1,1,1,1,1,1,1,1,0.6722376930131564,-0.11210645872304956,0.7317982139940807,0,0,795
luks-fido2-e2e-test-2026-07-23,refs,7,9,1,1,1,1,1,1,1,1,1,0.6722376930131564,-0.11210645872304956,0.7317982139940807,0,0,795
metrics-and-reporting-2026-07-25,refs,7,9,1,1,1,1,1,1,1,1,1,0.6722376930131564,-0.11210645872304956,0.7317982139940807,0,0,795
mkosi-bcvk-fork-status-2026-07-23,refs,7,9,1,1,1,1,1,1,1,1,1,0.6722376930131564,-0.11210645872304956,0.7317982139940807,0,0,795
naming-licensing-provenance-2026-07-25,refs,7,9,1,1,1,1,1,1,1,1,1,0.6722376930131564,-0.11210645872304956,0.7317982139940807,0,0,795
negative-skill-space-2026-07-28,refs,7,9,1,1,1,1,1,1,1,1,1,0.6722376930131564,-0.11210645872304956,0.7317982139940807,0,0,795
offer-pricing-architecture-2026-07-25,refs,7,9,1,1,1,1,1,1,1,1,1,0.6722376930131564,-0.11210645872304956,0.7317982139940807,0,0,795
openwrt-deception-proof-plan-2026-07-17,refs,7,9,1,1,1,1,1,1,1,1,1,0.6722376930131564,-0.11210645872304956,0.7317982139940807,0,0,795
openwrt-wireguard-deception-lan-prototype-2026-07-25,refs,7,9,1,1,1,1,1,1,1,1,1,0.6722376930131564,-0.11210645872304956,0.7317982139940807,0,0,795
operating-covenant-2026-07-25,refs,7,9,1,1,1,1,1,1,1,1,1,0.6722376930131564,-0.11210645872304956,0.7317982139940807,0,0,795
org-state-audit-2026-07-23,refs,7,9,1,1,1,1,1,1,1,1,1,0.6722376930131564,-0.11210645872304956,0.7317982139940807,0,0,795
osbuild-image-builder-2026-07-23,refs,7,9,1,1,1,1,1,1,1,1,1,0.6722376930131564,-0.11210645872304956,0.7317982139940807,0,0,795
package-floor-verification-checklist-2026-08-04,refs,7,9,1,1,1,1,1,1,1,1,1,0.6722376930131564,-0.11210645872304956,0.7317982139940807,0,0,795
pilot-collateral-roi-baseline-2026-07-25,refs,7,9,1,1,1,1,1,1,1,1,1,0.6722376930131564,-0.11210645872304956,0.7317982139940807,0,0,795
planning-cycle-2026-07-11,refs,7,9,1,1,1,1,1,1,1,1,1,0.6722376930131564,-0.11210645872304956,0.7317982139940807,0,0,795
post-quantum-tls-adoption-2026-07-23,refs,7,9,1,1,1,1,1,1,1,1,1,0.6722376930131564,-0.11210645872304956,0.7317982139940807,0,0,795
pr-campaign-research-2026-07-16,refs,7,9,1,1,1,1,1,1,1,1,1,0.6722376930131564,-0.11210645872304956,0.7317982139940807,0,0,795
pr-friend-map-2026-07-17,refs,7,9,1,1,1,1,1,1,1,1,1,0.6722376930131564,-0.11210645872304956,0.7317982139940807,0,0,795
prior-art-autonomous-ideation-skill-2026-07-28,refs,7,9,1,1,1,1,1,1,1,1,1,0.6722376930131564,-0.11210645872304956,0.7317982139940807,0,0,795
prior-art-search-rsi-audit-2026-07-30,refs,7,9,1,1,1,1,1,1,1,1,1,0.6722376930131564,-0.11210645872304956,0.7317982139940807,0,0,795
prior-art-state-of-art-2026-07-30,refs,7,9,1,1,1,1,1,1,1,1,1,0.6722376930131564,-0.11210645872304956,0.7317982139940807,0,0,795
public-security-funding-targets-2026-07-25,refs,7,9,1,1,1,1,1,1,1,1,1,0.6722376930131564,-0.11210645872304956,0.7317982139940807,0,0,795
readiness-gates-gtm-2026-07-25,refs,7,9,1,1,1,1,1,1,1,1,1,0.6722376930131564,-0.11210645872304956,0.7317982139940807,0,0,795
readiness-gates-gtm-2026-07-28,refs,7,9,1,1,1,1,1,1,1,1,1,0.6722376930131564,-0.11210645872304956,0.7317982139940807,0,0,795
recursive-self-improvement-audit-2026-07-28,refs,7,9,1,1,1,1,1,1,1,1,1,0.6722376930131564,-0.11210645872304956,0.7317982139940807,0,0,795
release-gate-checklist-v2-2026-08-04,refs,7,9,1,1,1,1,1,1,1,1,1,0.6722376930131564,-0.11210645872304956,0.7317982139940807,0,0,795
reproducible-builds-2026-07-22,refs,7,9,1,1,1,1,1,1,1,1,1,0.6722376930131564,-0.11210645872304956,0.7317982139940807,0,0,795
research-refresh-2026-07-11,refs,7,9,1,1,1,1,1,1,1,1,1,0.6722376930131564,-0.11210645872304956,0.7317982139940807,0,0,795
rk3588-ddr-tpl-source-2026-07-29,refs,7,9,1,1,1,1,1,1,1,1,1,0.6722376930131564,-0.11210645872304956,0.7317982139940807,0,0,795
roadmap-promotion-gates-2026-07-17,refs,7,9,1,1,1,1,1,1,1,1,1,0.6722376930131564,-0.11210645872304956,0.7317982139940807,0,0,795
rsi-five-skill-pass-2026-07-29,refs,7,9,1,1,1,1,1,1,1,1,1,0.6722376930131564,-0.11210645872304956,0.7317982139940807,0,0,795
sbsign-pkcs11-validate-2026-07-23,refs,7,9,1,1,1,1,1,1,1,1,1,0.6722376930131564,-0.11210645872304956,0.7317982139940807,0,0,795
sealed-uki-vm-test-2026-07-30,refs,7,9,1,1,1,1,1,1,1,1,1,0.6722376930131564,-0.11210645872304956,0.7317982139940807,0,0,795
sectime-rk-secure-time-2026-07-17,refs,7,9,1,1,1,1,1,1,1,1,1,0.6722376930131564,-0.11210645872304956,0.7317982139940807,0,0,795
slsa-l3-sbom-cosign-integration-spec-2026-08-04,refs,7,9,1,1,1,1,1,1,1,1,1,0.6722376930131564,-0.11210645872304956,0.7317982139940807,0,0,795
systemd-hardening-audit-2026-07-17,refs,7,9,1,1,1,1,1,1,1,1,1,0.6722376930131564,-0.11210645872304956,0.7317982139940807,0,0,795
systemd-homed-reference-2026-07-23,refs,7,9,1,1,1,1,1,1,1,1,1,0.6722376930131564,-0.11210645872304956,0.7317982139940807,0,0,795
systemd-unit-directive-reference-2026-07-23,refs,7,9,1,1,1,1,1,1,1,1,1,0.6722376930131564,-0.11210645872304956,0.7317982139940807,0,0,795
systemd-upstream-progress-2026-07-21,refs,7,9,1,1,1,1,1,1,1,1,1,0.6722376930131564,-0.11210645872304956,0.7317982139940807,0,0,795
systemd-v262-audit-2026-07-14,refs,7,9,1,1,1,1,1,1,1,1,1,0.6722376930131564,-0.11210645872304956,0.7317982139940807,0,0,795
team-budget-use-of-funds-2026-07-25,refs,7,9,1,1,1,1,1,1,1,1,1,0.6722376930131564,-0.11210645872304956,0.7317982139940807,0,0,795
testing-production-gaps-2026-08-01,refs,7,9,1,1,1,1,1,1,1,1,1,0.6722376930131564,-0.11210645872304956,0.7317982139940807,0,0,795
three-year-revenue-cost-model-2026-07-25,refs,7,9,1,1,1,1,1,1,1,1,1,0.6722376930131564,-0.11210645872304956,0.7317982139940807,0,0,795
v261-base-image-bump-2026-07-23,refs,7,9,1,1,1,1,1,1,1,1,1,0.6722376930131564,-0.11210645872304956,0.7317982139940807,0,0,795
validate-input-shape-doctrine-2026-08-04,refs,7,9,1,1,1,1,1,1,1,1,1,0.6722376930131564,-0.11210645872304956,0.7317982139940807,0,0,795
vgpu-vfio-user-trust-boundary-2026-07-25,refs,7,9,1,1,1,1,1,1,1,1,1,0.6722376930131564,-0.11210645872304956,0.7317982139940807,0,0,795
vm-e2e-run-29525332901,refs,7,9,1,1,1,1,1,1,1,1,1,0.6722376930131564,-0.11210645872304956,0.7317982139940807,0,0,795
who-pays-and-why-2026-07-25,refs,7,9,1,1,1,1,1,1,1,1,1,0.6722376930131564,-0.11210645872304956,0.7317982139940807,0,0,795
workflow-dispatch-reachability-spec-2026-08-04,refs,7,9,1,1,1,1,1,1,1,1,1,0.6722376930131564,-0.11210645872304956,0.7317982139940807,0,0,795
workflow-patterns-deep-dive-2026-07-30,refs,7,9,1,1,1,1,1,1,1,1,1,0.6722376930131564,-0.11210645872304956,0.7317982139940807,0,0,795
workflow-token-scope-audit-script-2026-08-04,refs,7,9,1,1,1,1,1,1,1,1,1,0.6722376930131564,-0.11210645872304956,0.7317982139940807,0,0,795
yubikey-hw-validation-scenarios-2026-07-25,refs,7,9,1,1,1,1,1,1,1,1,1,0.6722376930131564,-0.11210645872304956,0.7317982139940807,0,0,795
yubios-ci-strategy-history-2026-07-23,refs,7,9,1,1,1,1,1,1,1,1,1,0.6722376930131564,-0.11210645872304956,0.7317982139940807,0,0,795
yubios-reproducibility-equivalents-2026-07-30,refs,7,9,1,1,1,1,1,1,1,1,1,0.6722376930131564,-0.11210645872304956,0.7317982139940807,0,0,795
yubios-versioning-scheme-2026-08-04,refs,7,9,1,1,1,1,1,1,1,1,1,0.6722376930131564,-0.11210645872304956,0.7317982139940807,0,0,795
zboot-workaround-runner-qemu-audit-2026-07-25,refs,7,9,1,1,1,1,1,1,1,1,1,0.6722376930131564,-0.11210645872304956,0.7317982139940807,0,0,795
SELF-CHANGELOG/## 2026-07-31 — v0.1 — Initial self-portrait,self,,5,1,0,0,1,1,0,1,1,0,-0.6254928223765831,-0.615444166242272,-0.4795698149318103,1.8452278558184145,101,3
SELF-CHANGELOG/## 2026-07-31 — v0.2 — Soul section rebuilt from corpus read,self,,3,1,0,0,0,1,0,1,0,0,-0.8298181344289954,-0.1677074221973474,0.5322368686146257,1.5162743506575107,102,14
SELF-CHANGELOG/## 2026-07-31 — v0.3 — SELF.md and SOUL.md published to yubi,self,,4,0,0,0,1,1,0,1,1,0,-0.49933295879634737,-0.6648344590840007,0.5555733419398101,1.3073412867705605,103,2
SELF-CHANGELOG/## 2026-07-31 — v0.4 — SOUL.md designated canonical,self,,4,1,0,0,0,1,0,1,1,0,-0.810831126616705,-0.505078804639826,0.2957165622908014,1.5950196222510573,104,8
SELF-CHANGELOG/## 2026-07-31 — v0.5 — External verification of SOUL.md 12-p,self,,4,1,0,0,0,1,0,1,1,0,-0.810831126616705,-0.505078804639826,0.2957165622908014,1.5950196222510573,104,8
SELF-CHANGELOG/## 2026-07-31 — v0.6 — OMN-53 Negative 2 GITHUB_TOKEN fix sh,self,,6,1,1,0,1,1,0,1,1,0,0.5483378475016513,-0.4448483445953981,-0.7081211445141219,1.4830495923394929,105,1
SELF-CHANGELOG/## 2026-07-31 — v0.7 — `internal-nonlex-tokens` skill shippe,self,,3,1,0,0,0,1,0,1,0,0,-0.8298181344289954,-0.1677074221973474,0.5322368686146257,1.5162743506575107,102,14
SELF-CHANGELOG/## 2026-07-31 — v0.8 — ci_test-vgpu-vm: extract-script + sym,self,,4,1,1,1,0,0,0,1,0,0,-0.6265624544879107,0.7349459137756276,0.2593723085654914,1.620976798422622,106,2
SELF-CHANGELOG/## 2026-08-01 — v0.9 — ci_test-vgpu-vm.yml: step 21 mkdir fi,self,,6,1,1,0,0,1,0,1,1,1,0.34261901769666847,-0.9326594645703974,-0.11295367129858937,1.2229315002190573,107,1
SELF-CHANGELOG/## 2026-08-01 — v0.11 — bootupd regression fix shipped (--co,self,,6,1,1,0,1,0,0,1,1,1,0.44502018485015343,0.8910328507652223,0.08954045975499754,1.2126051678665408,108,2
SELF-CHANGELOG/## 2026-08-01 — v0.12 — ci_test-vgpu-vm: merge yubiOS pulls;,self,,3,1,0,0,0,0,1,1,0,0,-0.5230828202207264,0.527226409200991,0.6696392137793011,1.356982456287992,79,3
SELF-CHANGELOG/## 2026-08-01 — v0.13 — ci_test-vgpu-vm step 25: mount ESP a,self,,4,1,0,0,0,0,0,1,1,1,-0.8782466274566645,0.46607557899330143,0.10703464872205536,1.7687921328556406,109,1
SELF-CHANGELOG/## 2026-08-01 — v0.14 — ci_test-vgpu-vm step 25: systemd-cry,self,,3,1,0,0,0,0,0,1,1,0,-0.7511334269475812,0.35296648224518606,0.557864891648006,1.507491620600749,51,21
SELF-CHANGELOG/## 2026-08-01 — v0.15 — `playbooks/` seeded from whole-self ,self,,9,1,1,1,1,1,1,1,1,1,0.6722376930131564,-0.11210645872304956,0.7317982139940807,0,0,795
SELF-CHANGELOG/## 2026-08-02 — v0.16 — First weekly Sunday cadence fire (12,self,,7,1,0,1,1,1,0,1,1,1,0.6663893223733968,-0.6586068030987396,0.34951730992725244,0.666959908432313,110,4
SELF-CHANGELOG/## 2026-08-03 — v0.17 — v0.16 sweep edits applied per Jenny ,self,,5,1,0,0,0,1,0,1,1,1,-0.40045622972232336,-0.9126964200282145,0.0813637077834027,1.4881806291192494,111,2
SELF-CHANGELOG/## 2026-08-03 — v0.18 — restful-self mode skill shipped to b,self,,4,1,0,0,0,1,0,1,1,0,-0.810831126616705,-0.505078804639826,0.2957165622908014,1.5950196222510573,104,8
SELF-CHANGELOG/## 2026-08-04 — v0.19 — `curve-guided-rsi-self` skill shippe,self,,5,1,0,0,0,1,0,1,1,1,-0.40045622972232336,-0.9126964200282145,0.0813637077834027,1.4881806291192494,111,2
SELF-CHANGELOG/## 2026-08-04 — v0.20 — curve-guided-rsi-self applied: RSI C,self,,5,1,0,1,0,1,0,1,0,1,-0.3237410824153176,-0.9460992080171903,0.0093808392910104,1.4864065696343238,112,3
SELF-CHANGELOG/## 2026-08-04 — v0.21 — curve-guided-rsi-self applied across,self,,7,1,0,1,1,1,0,1,1,1,0.6663893223733968,-0.6586068030987396,0.34951730992725244,0.666959908432313,110,4
SELF-CHANGELOG/## 2026-08-04 — v0.22 — Differential curve baseline + RSI Cy,self,,4,1,0,1,0,1,0,1,0,0,-0.8184403438143475,-0.5329823202374016,0.21467475382869056,1.6329954602933758,113,3
SELF-CHANGELOG/## 2026-08-04 — v0.23 — Differential use case V3 applied + R,self,,5,1,0,1,1,1,0,1,0,0,-0.5055116503205377,-0.6084250323800782,-0.6117817841056625,1.854355104496871,114,1
SELF-CHANGELOG/## 2026-08-04 — v0.24 — Follow-ups complete: agent-skills pu,self,,3,1,0,0,1,0,0,1,0,0,-0.5625216293169523,0.5148744541610261,0.6468954420947691,1.387423558210774,65,10
SELF-CHANGELOG/## 2026-08-04 — v0.25 — 9 milestone-achieving PRs shipped in,self,,8,1,1,1,1,1,0,1,1,1,0.7275151258712654,-0.3525856783370084,0.5885618753029698,0.2853112307133318,100,8
SELF-CHANGELOG/## 2026-08-04 — v0.26 — All 9 PRs merged + scripts added (Pr,self,,6,1,0,1,1,1,0,1,1,0,0.3775427249292702,-0.8991217251964558,-0.2214534130076358,1.2707977094162506,115,1
SELF-CHANGELOG/## 2026-08-05 — v0.27 — rock1 shell bridge recovered; stale ,self,,5,1,0,0,0,1,1,1,1,0,-0.661937471508019,-0.44581312115728455,-0.6025690373870621,1.9162253175805208,116,1
SELF-CHANGELOG/## 2026-08-06 — v0.28 — Cycle 7 RSI + paper restructure ship,self,,9,1,1,1,1,1,1,1,1,1,0.6722376930131564,-0.11210645872304956,0.7317982139940807,0,0,795
SELF-CHANGELOG/## 2026-08-06 — v0.X — cycle 5 RSI on recursive-self-improve,self,,3,1,0,0,0,0,0,1,1,0,-0.7511334269475812,0.35296648224518606,0.557864891648006,1.507491620600749,51,21
SELF-CHANGELOG/## 2026-08-07 — v0.27 — `repo-history-skill` shipped (hyper-,self,,5,1,0,0,1,1,0,1,0,1,-0.5410269021159753,-0.5469265734913833,-0.6388749599066829,1.881442122323245,117,2
SELF-CHANGELOG/## 2026-08-07 — v0.28 — Single-action atom primitive insight,self,,5,1,1,0,0,1,0,1,1,0,-0.5501415854145831,-0.7581873745187108,-0.34999448726794696,1.7555361285341513,118,3
SELF-CHANGELOG/## 2026-08-09 — v0.29 — Single-action-atom-skill re-run + Se,self,,3,0,0,0,0,0,1,1,1,0,-0.8778794922545552,0.08312226166411386,0.4716124327185692,1.5838794720887854,75,2
SELF-CHANGELOG/## 2026-08-09 — v0.30 — Advisor pass: ideate-solo's paramete,self,,6,1,1,0,0,0,1,1,1,1,0.39960424564710456,0.8949661516850658,0.19837347150975704,1.1717790726717134,5,8
SELF-CHANGELOG/## 2026-08-09 — v0.31 — Empirical audit: Candidates 13 + 09 ,self,,2,0,0,0,0,0,0,1,1,0,-0.7018896232496429,-0.08238197527065505,0.7075055949778628,1.3746634342830182,119,13
SELF-CHANGELOG/## 2026-08-09 — v0.32 — Ladder edit applied: 5/10 Set C rows,self,,1,0,0,0,0,0,0,1,0,0,-0.5960860636841963,0.015180040208573144,0.8027770369540639,1.2766694943962358,66,142
SELF-CHANGELOG/## 2026-08-09 — v0.33 — Precision fix applied: Set C fully e,self,,1,0,0,0,0,0,0,1,0,0,-0.5960860636841963,0.015180040208573144,0.8027770369540639,1.2766694943962358,66,142
SELF-CHANGELOG/## Dream-run slot,self,,6,1,0,1,0,1,1,1,1,0,0.43681947271507027,-0.8198393281419473,-0.3702056513462329,1.3306840617251028,120,1
COMPANY/## Current Priorities,self,,7,1,1,1,1,1,0,1,1,0,0.8610295337485092,-0.4747950066867543,0.18220275420023052,0.6850113220803558,121,3
COMPANY/## Tooling,self,,7,1,1,1,1,0,0,1,1,1,0.8350237949570541,0.45048507443561275,0.31590894189031754,0.7183122126338248,98,8
COMPANY/## Business Processes,self,,3,0,0,0,1,0,0,0,1,1,-0.7800606371927209,-0.357559215091911,0.5134752282295056,1.488987045491333,122,2
RECENT_ACTIVITY/## 2026-08-06,self,,5,1,1,1,0,0,0,1,1,0,-0.3076418402614871,0.8732172545859979,-0.3779525425418097,1.7783625787143758,123,4
RECENT_ACTIVITY/## 2026-08-05,self,,8,1,1,1,1,1,1,1,1,0,0.8472372838308261,-0.066985970128512,0.5269742542979745,0.2731548457248265,45,17
RECENT_ACTIVITY/## 2026-08-04,self,,3,0,1,0,0,0,0,1,1,0,-0.8812879819930367,-0.06712413574021718,0.46778824610690023,1.5764411487360288,60,6
RECENT_ACTIVITY/## 2026-08-02,self,,6,1,1,1,0,1,0,1,1,0,0.34453798880275105,-0.9367029092767698,-0.06229955075432474,1.1907718767185405,124,4
RECENT_ACTIVITY/## 2026-08-01,self,,5,1,1,0,0,1,0,1,1,0,-0.5501415854145831,-0.7581873745187108,-0.34999448726794696,1.7555361285341513,118,3
RECENT_ACTIVITY/## 2026-07-31,self,,7,1,1,1,1,1,0,1,1,0,0.8610295337485092,-0.4747950066867543,0.18220275420023052,0.6850113220803558,121,3
RECENT_ACTIVITY/## 2026-07-30,self,,8,1,1,1,1,1,0,1,1,1,0.7275151258712654,-0.3525856783370084,0.5885618753029698,0.2853112307133318,100,8
RECENT_ACTIVITY/## WeHo Auto (#weho-auto space),self,,8,1,1,1,1,1,0,1,1,1,0.7275151258712654,-0.3525856783370084,0.5885618753029698,0.2853112307133318,100,8
RECENT_ACTIVITY/## 2026-08-04,self,,2,1,0,0,0,0,0,1,0,0,-0.6008005183007077,0.29940181353817663,0.741213391176692,1.3379289933199003,49,54
RULES/## Constraints,self,,6,1,1,0,1,1,0,1,0,1,0.6877789388906766,-0.2962785134018727,-0.6627059481510569,1.406699233769663,125,1
RULES/## Autonomy,self,,4,1,0,1,1,0,0,0,1,0,-0.9446888088617997,0.3212228046373356,-0.06617374246782591,1.8544500010109952,126,2
RULES/## Standards,self,,3,1,1,0,0,0,0,0,1,0,-0.8446435171872179,0.2507434141950404,0.47297470240111206,1.5810054542249186,127,2
SAUNA_TOOLS/## Software & Apps,self,,7,1,1,1,1,0,0,1,1,1,0.8350237949570541,0.45048507443561275,0.31590894189031754,0.7183122126338248,98,8
SAUNA_TOOLS/## Services & Accounts,self,,4,1,0,1,0,0,0,1,1,0,-0.8938260779036965,0.44197770118705193,0.07570108395990226,1.786065070169808,128,4
SAUNA_TOOLS/## Workflows,self,,2,0,0,0,1,1,0,0,0,0,-0.5126013715793536,-0.3459123327400821,0.7858654413532129,1.2088970430866421,129,1
SAUNA_TOOLS/## Sauna Capabilities,self,,6,1,1,1,0,1,0,1,0,1,0.4599452546138547,-0.8819437861865418,-0.10308016669148252,1.1553092662546258,130,2
SELF/## Soul,self,,7,1,1,0,1,1,0,1,1,1,0.8774509848116864,-0.4544929411359074,0.1533490649160741,0.7028117931131411,131,1
SELF/## Strengths,self,,5,1,1,0,1,1,0,1,0,0,-0.5482298287766296,0.17841982771809514,-0.8170743050155186,1.993226674264652,24,2
SELF/## Biases,self,,7,1,0,1,1,1,0,1,1,1,0.6663893223733968,-0.6586068030987396,0.34951730992725244,0.666959908432313,110,4
SELF/## Growth edges,self,,3,0,0,1,0,1,0,1,0,0,-0.4888559729336377,-0.49325793997912076,0.7195251506199493,1.2221152076829944,132,2
USER_PREFERENCES/## Task Handling,self,,8,1,1,1,1,1,0,1,1,1,0.7275151258712654,-0.3525856783370084,0.5885618753029698,0.2853112307133318,100,8
USER_PREFERENCES/## Debug Observability,self,,5,1,0,1,0,1,0,1,0,1,-0.3237410824153176,-0.9460992080171903,0.0093808392910104,1.4864065696343238,112,3
USER_PREFERENCES/## API Hygiene (2026-08-04),self,,4,1,0,0,1,1,0,0,0,1,-0.7477808519542943,-0.6209110712398098,0.23514514467099185,1.5880803106385557,133,1
USER_PROFILE/## Current Focus,self,,7,1,1,1,1,0,0,1,1,1,0.8350237949570541,0.45048507443561275,0.31590894189031754,0.7183122126338248,98,8
USER_RELATIONSHIPS/## Work,self,,5,0,1,1,0,1,0,1,1,0,-0.15088028906386597,-0.786244618888519,0.5992115967175965,1.0721775424297295,134,1
SELF-CHANGELOG/## 2026-07-31 — v0.1 — Initial self-portrait/p1,self,,3,0,0,0,1,1,0,1,0,0,-0.6536730776738033,-0.4257253227592268,0.6256752009517478,1.366622939072886,135,7
SELF-CHANGELOG/## 2026-07-31 — v0.1 — Initial self-portrait/p2,self,,2,0,0,0,0,1,0,1,0,0,-0.5383545213092887,-0.3129243032280273,0.7824658394045713,1.2281809819055516,136,52
SELF-CHANGELOG/## 2026-07-31 — v0.1 — Initial self-portrait/p3,self,,2,0,0,0,0,0,0,1,1,0,-0.7018896232496429,-0.08238197527065505,0.7075055949778628,1.3746634342830182,119,13
SELF-CHANGELOG/## 2026-07-31 — v0.1 — Initial self-portrait/p4,self,,2,1,0,0,0,0,0,1,0,0,-0.6008005183007077,0.29940181353817663,0.741213391176692,1.3379289933199003,49,54
SELF-CHANGELOG/## 2026-07-31 — v0.1 — Initial self-portrait/p5,self,,0,0,0,0,0,0,0,0,0,0,-0.5017214028247111,-0.054836368536607234,0.863289410703804,1.1826875144105402,37,204
SELF-CHANGELOG/## 2026-07-31 — v0.2 — Soul section rebuilt from corpus read/p1,self,,2,1,0,0,0,0,0,1,0,0,-0.6008005183007077,0.29940181353817663,0.741213391176692,1.3379289933199003,49,54
SELF-CHANGELOG/## 2026-07-31 — v0.2 — Soul section rebuilt from corpus read/p2,self,,0,0,0,0,0,0,0,0,0,0,-0.5017214028247111,-0.054836368536607234,0.863289410703804,1.1826875144105402,37,204
SELF-CHANGELOG/## 2026-07-31 — v0.2 — Soul section rebuilt from corpus read/p3,self,,2,0,0,0,0,1,0,1,0,0,-0.5383545213092887,-0.3129243032280273,0.7824658394045713,1.2281809819055516,136,52
SELF-CHANGELOG/## 2026-07-31 — v0.2 — Soul section rebuilt from corpus read/p4,self,,1,0,0,0,0,0,0,1,0,0,-0.5960860636841963,0.015180040208573144,0.8027770369540639,1.2766694943962358,66,142
SELF-CHANGELOG/## 2026-07-31 — v0.3 — SELF.md and SOUL.md published to yubi/p1,self,,1,0,0,0,0,0,0,1,0,0,-0.5960860636841963,0.015180040208573144,0.8027770369540639,1.2766694943962358,66,142
SELF-CHANGELOG/## 2026-07-31 — v0.3 — SELF.md and SOUL.md published to yubi/p2,self,,2,0,0,0,0,1,0,0,1,0,-0.4023636005195697,-0.36623862579534167,0.8390308706790638,1.1094367674918597,137,21
SELF-CHANGELOG/## 2026-07-31 — v0.3 — SELF.md and SOUL.md published to yubi/p3,self,,3,0,0,0,1,1,0,1,0,0,-0.6536730776738033,-0.4257253227592268,0.6256752009517478,1.366622939072886,135,7
SELF-CHANGELOG/## 2026-07-31 — v0.3 — SELF.md and SOUL.md published to yubi/p4,self,,1,0,0,0,0,1,0,0,0,0,-0.4329862815815908,-0.26577854799682393,0.8613272568465759,1.1233489742653708,138,14
SELF-CHANGELOG/## 2026-07-31 — v0.4 — SOUL.md designated canonical/p1,self,,1,0,0,0,0,0,0,0,1,0,-0.5610398352955238,-0.13987861894517217,0.8158849644242518,1.2364527230397757,53,33
SELF-CHANGELOG/## 2026-07-31 — v0.4 — SOUL.md designated canonical/p2,self,,3,1,0,0,0,0,0,1,1,0,-0.7511334269475812,0.35296648224518606,0.557864891648006,1.507491620600749,51,21
SELF-CHANGELOG/## 2026-07-31 — v0.4 — SOUL.md designated canonical/p3,self,,2,0,0,0,0,0,0,1,1,0,-0.7018896232496429,-0.08238197527065505,0.7075055949778628,1.3746634342830182,119,13
SELF-CHANGELOG/## 2026-07-31 — v0.4 — SOUL.md designated canonical/p4,self,,3,0,0,0,0,1,0,1,1,0,-0.48357981010479223,-0.4692329101157117,0.738898533848426,1.2097536184447468,139,18
SELF-CHANGELOG/## 2026-07-31 — v0.5 — External verification of SOUL.md 12-p/p1,self,,1,1,0,0,0,0,0,0,0,0,-0.5778391144511575,0.1321159439704858,0.8053864508166807,1.275833780371187,140,94
SELF-CHANGELOG/## 2026-07-31 — v0.5 — External verification of SOUL.md 12-p/p2,self,,2,1,0,0,0,0,0,1,0,0,-0.6008005183007077,0.29940181353817663,0.741213391176692,1.3379289933199003,49,54
SELF-CHANGELOG/## 2026-07-31 — v0.5 — External verification of SOUL.md 12-p/p3,self,,1,1,0,0,0,0,0,0,0,0,-0.5778391144511575,0.1321159439704858,0.8053864508166807,1.275833780371187,140,94
SELF-CHANGELOG/## 2026-07-31 — v0.5 — External verification of SOUL.md 12-p/p4,self,,1,1,0,0,0,0,0,0,0,0,-0.5778391144511575,0.1321159439704858,0.8053864508166807,1.275833780371187,140,94
SELF-CHANGELOG/## 2026-07-31 — v0.5 — External verification of SOUL.md 12-p/p5,self,,1,1,0,0,0,0,0,0,0,0,-0.5778391144511575,0.1321159439704858,0.8053864508166807,1.275833780371187,140,94
SELF-CHANGELOG/## 2026-07-31 — v0.5 — External verification of SOUL.md 12-p/p6,self,,2,1,0,0,0,0,0,0,1,0,-0.7101469187495174,0.09692075921395618,0.6973505002679475,1.3985228770591065,141,9
SELF-CHANGELOG/## 2026-07-31 — v0.5 — External verification of SOUL.md 12-p/p7,self,,2,1,0,0,0,0,0,1,0,0,-0.6008005183007077,0.29940181353817663,0.741213391176692,1.3379289933199003,49,54
SELF-CHANGELOG/## 2026-07-31 — v0.5 — External verification of SOUL.md 12-p/p8,self,,3,1,0,0,0,1,0,1,0,0,-0.8298181344289954,-0.1677074221973474,0.5322368686146257,1.5162743506575107,102,14
SELF-CHANGELOG/## 2026-07-31 — v0.6 — OMN-53 Negative 2 GITHUB_TOKEN fix sh/p1,self,,1,1,0,0,0,0,0,0,0,0,-0.5778391144511575,0.1321159439704858,0.8053864508166807,1.275833780371187,140,94
SELF-CHANGELOG/## 2026-07-31 — v0.6 — OMN-53 Negative 2 GITHUB_TOKEN fix sh/p2,self,,0,0,0,0,0,0,0,0,0,0,-0.5017214028247111,-0.054836368536607234,0.863289410703804,1.1826875144105402,37,204
SELF-CHANGELOG/## 2026-07-31 — v0.6 — OMN-53 Negative 2 GITHUB_TOKEN fix sh/p3,self,,2,0,1,0,0,0,0,1,0,0,-0.7296049124298282,0.07444509284550052,0.6798048248648192,1.4151563462532877,142,5
SELF-CHANGELOG/## 2026-07-31 — v0.6 — OMN-53 Negative 2 GITHUB_TOKEN fix sh/p4,self,,0,0,0,0,0,0,0,0,0,0,-0.5017214028247111,-0.054836368536607234,0.863289410703804,1.1826875144105402,37,204
SELF-CHANGELOG/## 2026-07-31 — v0.6 — OMN-53 Negative 2 GITHUB_TOKEN fix sh/p5,self,,2,1,0,0,0,0,0,0,1,0,-0.7101469187495174,0.09692075921395618,0.6973505002679475,1.3985228770591065,141,9
SELF-CHANGELOG/## 2026-07-31 — v0.6 — OMN-53 Negative 2 GITHUB_TOKEN fix sh/p6,self,,2,0,0,0,1,0,0,1,0,0,-0.7162932059255342,0.11808609098947546,0.6877352094082035,1.408171941072459,143,2
SELF-CHANGELOG/## 2026-07-31 — v0.6 — OMN-53 Negative 2 GITHUB_TOKEN fix sh/p7,self,,1,0,0,0,0,0,0,0,1,0,-0.5610398352955238,-0.13987861894517217,0.8158849644242518,1.2364527230397757,53,33
SELF-CHANGELOG/## 2026-07-31 — v0.6 — OMN-53 Negative 2 GITHUB_TOKEN fix sh/p8,self,,1,1,0,0,0,0,0,0,0,0,-0.5778391144511575,0.1321159439704858,0.8053864508166807,1.275833780371187,140,94
SELF-CHANGELOG/## 2026-07-31 — v0.6 — OMN-53 Negative 2 GITHUB_TOKEN fix sh/p9,self,,1,1,0,0,0,0,0,0,0,0,-0.5778391144511575,0.1321159439704858,0.8053864508166807,1.275833780371187,140,94
SELF-CHANGELOG/## 2026-07-31 — v0.6 — OMN-53 Negative 2 GITHUB_TOKEN fix sh/p10,self,,2,1,0,0,0,0,0,1,0,0,-0.6008005183007077,0.29940181353817663,0.741213391176692,1.3379289933199003,49,54
SELF-CHANGELOG/## 2026-07-31 — v0.6 — OMN-53 Negative 2 GITHUB_TOKEN fix sh/p11,self,,1,1,0,0,0,0,0,0,0,0,-0.5778391144511575,0.1321159439704858,0.8053864508166807,1.275833780371187,140,94
SELF-CHANGELOG/## 2026-07-31 — v0.6 — OMN-53 Negative 2 GITHUB_TOKEN fix sh/p12,self,,1,0,0,0,0,0,0,1,0,0,-0.5960860636841963,0.015180040208573144,0.8027770369540639,1.2766694943962358,66,142
SELF-CHANGELOG/## 2026-07-31 — v0.6 — OMN-53 Negative 2 GITHUB_TOKEN fix sh/p13,self,,2,1,0,0,0,0,0,1,0,0,-0.6008005183007077,0.29940181353817663,0.741213391176692,1.3379289933199003,49,54
SELF-CHANGELOG/## 2026-07-31 — v0.6 — OMN-53 Negative 2 GITHUB_TOKEN fix sh/p14,self,,3,0,1,0,0,0,0,1,1,0,-0.8812879819930367,-0.06712413574021718,0.46778824610690023,1.5764411487360288,60,6
SELF-CHANGELOG/## 2026-07-31 — v0.6 — OMN-53 Negative 2 GITHUB_TOKEN fix sh/p15,self,,1,0,0,0,1,0,0,0,0,0,-0.6088675156318976,-0.020683551785226854,0.7930022314557436,1.2858206077380687,54,6
SELF-CHANGELOG/## 2026-07-31 — v0.6 — OMN-53 Negative 2 GITHUB_TOKEN fix sh/p16,self,,2,1,0,0,0,0,0,1,0,0,-0.6008005183007077,0.29940181353817663,0.741213391176692,1.3379289933199003,49,54
SELF-CHANGELOG/## 2026-07-31 — v0.6 — OMN-53 Negative 2 GITHUB_TOKEN fix sh/p17,self,,2,0,0,0,0,1,0,1,0,0,-0.5383545213092887,-0.3129243032280273,0.7824658394045713,1.2281809819055516,136,52
SELF-CHANGELOG/## 2026-07-31 — v0.6 — OMN-53 Negative 2 GITHUB_TOKEN fix sh/p18,self,,2,0,0,0,0,1,0,1,0,0,-0.5383545213092887,-0.3129243032280273,0.7824658394045713,1.2281809819055516,136,52
SELF-CHANGELOG/## 2026-07-31 — v0.6 — OMN-53 Negative 2 GITHUB_TOKEN fix sh/p19,self,,1,1,0,0,0,0,0,0,0,0,-0.5778391144511575,0.1321159439704858,0.8053864508166807,1.275833780371187,140,94
SELF-CHANGELOG/## 2026-07-31 — v0.7 — `internal-nonlex-tokens` skill shippe/p1,self,,0,0,0,0,0,0,0,0,0,0,-0.5017214028247111,-0.054836368536607234,0.863289410703804,1.1826875144105402,37,204
SELF-CHANGELOG/## 2026-07-31 — v0.7 — `internal-nonlex-tokens` skill shippe/p2,self,,0,0,0,0,0,0,0,0,0,0,-0.5017214028247111,-0.054836368536607234,0.863289410703804,1.1826875144105402,37,204
SELF-CHANGELOG/## 2026-07-31 — v0.7 — `internal-nonlex-tokens` skill shippe/p3,self,,1,0,0,0,0,0,0,1,0,0,-0.5960860636841963,0.015180040208573144,0.8027770369540639,1.2766694943962358,66,142
SELF-CHANGELOG/## 2026-07-31 — v0.7 — `internal-nonlex-tokens` skill shippe/p4,self,,2,1,0,0,0,0,0,1,0,0,-0.6008005183007077,0.29940181353817663,0.741213391176692,1.3379289933199003,49,54
SELF-CHANGELOG/## 2026-07-31 — v0.7 — `internal-nonlex-tokens` skill shippe/p5,self,,3,1,0,0,0,1,0,1,0,0,-0.8298181344289954,-0.1677074221973474,0.5322368686146257,1.5162743506575107,102,14
SELF-CHANGELOG/## 2026-07-31 — v0.7 — `internal-nonlex-tokens` skill shippe/p6,self,,1,0,0,0,0,0,0,1,0,0,-0.5960860636841963,0.015180040208573144,0.8027770369540639,1.2766694943962358,66,142
SELF-CHANGELOG/## 2026-07-31 — v0.7 — `internal-nonlex-tokens` skill shippe/p7,self,,2,1,0,0,0,0,0,1,0,0,-0.6008005183007077,0.29940181353817663,0.741213391176692,1.3379289933199003,49,54
SELF-CHANGELOG/## 2026-07-31 — v0.7 — `internal-nonlex-tokens` skill shippe/p8,self,,1,0,0,0,0,0,0,1,0,0,-0.5960860636841963,0.015180040208573144,0.8027770369540639,1.2766694943962358,66,142
SELF-CHANGELOG/## 2026-07-31 — v0.7 — `internal-nonlex-tokens` skill shippe/p9,self,,0,0,0,0,0,0,0,0,0,0,-0.5017214028247111,-0.054836368536607234,0.863289410703804,1.1826875144105402,37,204
SELF-CHANGELOG/## 2026-07-31 — v0.8 — ci_test-vgpu-vm: extract-script + sym/p1,self,,0,0,0,0,0,0,0,0,0,0,-0.5017214028247111,-0.054836368536607234,0.863289410703804,1.1826875144105402,37,204
SELF-CHANGELOG/## 2026-07-31 — v0.8 — ci_test-vgpu-vm: extract-script + sym/p2,self,,1,1,0,0,0,0,0,0,0,0,-0.5778391144511575,0.1321159439704858,0.8053864508166807,1.275833780371187,140,94
SELF-CHANGELOG/## 2026-07-31 — v0.8 — ci_test-vgpu-vm: extract-script + sym/p3,self,,0,0,0,0,0,0,0,0,0,0,-0.5017214028247111,-0.054836368536607234,0.863289410703804,1.1826875144105402,37,204
SELF-CHANGELOG/## 2026-07-31 — v0.8 — ci_test-vgpu-vm: extract-script + sym/p4,self,,4,1,1,1,0,0,0,1,0,0,-0.6265624544879107,0.7349459137756276,0.2593723085654914,1.620976798422622,106,2
SELF-CHANGELOG/## 2026-07-31 — v0.8 — ci_test-vgpu-vm: extract-script + sym/p5,self,,3,1,0,1,0,0,0,1,0,0,-0.7520919793457366,0.3958769652210498,0.5269146828578457,1.526020784882963,144,3
SELF-CHANGELOG/## 2026-07-31 — v0.8 — ci_test-vgpu-vm: extract-script + sym/p6,self,,1,0,0,1,0,0,0,0,0,0,-0.5787841358302942,-0.14208247691681536,0.8030077794544472,1.2534053534761285,145,4
SELF-CHANGELOG/## 2026-07-31 — v0.8 — ci_test-vgpu-vm: extract-script + sym/p7,self,,1,1,0,0,0,0,0,0,0,0,-0.5778391144511575,0.1321159439704858,0.8053864508166807,1.275833780371187,140,94
SELF-CHANGELOG/## 2026-07-31 — v0.8 — ci_test-vgpu-vm: extract-script + sym/p8,self,,0,0,0,0,0,0,0,0,0,0,-0.5017214028247111,-0.054836368536607234,0.863289410703804,1.1826875144105402,37,204
SELF-CHANGELOG/## 2026-07-31 — v0.8 — ci_test-vgpu-vm: extract-script + sym/p9,self,,1,0,0,0,0,0,0,1,0,0,-0.5960860636841963,0.015180040208573144,0.8027770369540639,1.2766694943962358,66,142
SELF-CHANGELOG/## 2026-07-31 — v0.8 — ci_test-vgpu-vm: extract-script + sym/p10,self,,1,1,0,0,0,0,0,0,0,0,-0.5778391144511575,0.1321159439704858,0.8053864508166807,1.275833780371187,140,94
SELF-CHANGELOG/## 2026-07-31 — v0.8 — ci_test-vgpu-vm: extract-script + sym/p11,self,,2,1,0,0,0,0,0,1,0,0,-0.6008005183007077,0.29940181353817663,0.741213391176692,1.3379289933199003,49,54
SELF-CHANGELOG/## 2026-07-31 — v0.8 — ci_test-vgpu-vm: extract-script + sym/p12,self,,2,1,0,0,0,0,0,1,0,0,-0.6008005183007077,0.29940181353817663,0.741213391176692,1.3379289933199003,49,54
SELF-CHANGELOG/## 2026-07-31 — v0.8 — ci_test-vgpu-vm: extract-script + sym/p13,self,,1,0,0,0,0,0,0,1,0,0,-0.5960860636841963,0.015180040208573144,0.8027770369540639,1.2766694943962358,66,142
SELF-CHANGELOG/## 2026-08-01 — v0.9 — ci_test-vgpu-vm.yml: step 21 mkdir fi/p1,self,,1,1,0,0,0,0,0,0,0,0,-0.5778391144511575,0.1321159439704858,0.8053864508166807,1.275833780371187,140,94
SELF-CHANGELOG/## 2026-08-01 — v0.9 — ci_test-vgpu-vm.yml: step 21 mkdir fi/p2,self,,1,0,0,0,0,0,0,1,0,0,-0.5960860636841963,0.015180040208573144,0.8027770369540639,1.2766694943962358,66,142
SELF-CHANGELOG/## 2026-08-01 — v0.9 — ci_test-vgpu-vm.yml: step 21 mkdir fi/p3,self,,2,1,0,0,0,0,0,0,0,1,-0.7221856773841477,0.12896725364840622,0.6795699337578048,1.416072337122356,146,7
SELF-CHANGELOG/## 2026-08-01 — v0.9 — ci_test-vgpu-vm.yml: step 21 mkdir fi/p4,self,,1,1,0,0,0,0,0,0,0,0,-0.5778391144511575,0.1321159439704858,0.8053864508166807,1.275833780371187,140,94
SELF-CHANGELOG/## 2026-08-01 — v0.9 — ci_test-vgpu-vm.yml: step 21 mkdir fi/p5,self,,2,0,0,0,0,0,0,1,1,0,-0.7018896232496429,-0.08238197527065505,0.7075055949778628,1.3746634342830182,119,13
SELF-CHANGELOG/## 2026-08-01 — v0.9 — ci_test-vgpu-vm.yml: step 21 mkdir fi/p6,self,,4,0,1,0,0,1,0,1,1,0,-0.4502389737109851,-0.6668846998959159,0.5937589271719736,1.2596775813379208,147,2
SELF-CHANGELOG/## 2026-08-01 — v0.9 — ci_test-vgpu-vm.yml: step 21 mkdir fi/p7,self,,3,1,0,0,0,0,0,1,0,1,-0.7375852435255504,0.4043533192192485,0.5408016288526977,1.513542569655211,77,4
SELF-CHANGELOG/## 2026-08-01 — v0.9 — ci_test-vgpu-vm.yml: step 21 mkdir fi/p8,self,,1,1,0,0,0,0,0,0,0,0,-0.5778391144511575,0.1321159439704858,0.8053864508166807,1.275833780371187,140,94
SELF-CHANGELOG/## 2026-08-01 — v0.9 — ci_test-vgpu-vm.yml: step 21 mkdir fi/p9,self,,1,0,0,0,0,1,0,0,0,0,-0.4329862815815908,-0.26577854799682393,0.8613272568465759,1.1233489742653708,138,14
SELF-CHANGELOG/## 2026-08-01 — v0.9 — ci_test-vgpu-vm.yml: step 21 mkdir fi/p10,self,,0,0,0,0,0,0,0,0,0,0,-0.5017214028247111,-0.054836368536607234,0.863289410703804,1.1826875144105402,37,204
SELF-CHANGELOG/## 2026-08-01 — v0.9 — ci_test-vgpu-vm.yml: step 21 mkdir fi/p11,self,,2,0,0,0,0,1,0,1,0,0,-0.5383545213092887,-0.3129243032280273,0.7824658394045713,1.2281809819055516,136,52
SELF-CHANGELOG/## 2026-08-01 — v0.11 — bootupd regression fix shipped (--co/p1,self,,1,0,0,0,0,0,0,0,1,0,-0.5610398352955238,-0.13987861894517217,0.8158849644242518,1.2364527230397757,53,33
SELF-CHANGELOG/## 2026-08-01 — v0.11 — bootupd regression fix shipped (--co/p2,self,,1,0,1,0,0,0,0,0,0,0,-0.6081736362463723,-0.051041564889270606,0.7921613388878048,1.2832871074712857,52,8
SELF-CHANGELOG/## 2026-08-01 — v0.11 — bootupd regression fix shipped (--co/p3,self,,3,1,0,0,1,0,0,1,0,0,-0.5625216293169523,0.5148744541610261,0.6468954420947691,1.387423558210774,65,10
SELF-CHANGELOG/## 2026-08-01 — v0.11 — bootupd regression fix shipped (--co/p4,self,,1,1,0,0,0,0,0,0,0,0,-0.5778391144511575,0.1321159439704858,0.8053864508166807,1.275833780371187,140,94
SELF-CHANGELOG/## 2026-08-01 — v0.11 — bootupd regression fix shipped (--co/p5,self,,2,1,0,0,0,0,0,0,0,1,-0.7221856773841477,0.12896725364840622,0.6795699337578048,1.416072337122356,146,7
SELF-CHANGELOG/## 2026-08-01 — v0.11 — bootupd regression fix shipped (--co/p6,self,,1,1,0,0,0,0,0,0,0,0,-0.5778391144511575,0.1321159439704858,0.8053864508166807,1.275833780371187,140,94
SELF-CHANGELOG/## 2026-08-01 — v0.11 — bootupd regression fix shipped (--co/p7,self,,0,0,0,0,0,0,0,0,0,0,-0.5017214028247111,-0.054836368536607234,0.863289410703804,1.1826875144105402,37,204
SELF-CHANGELOG/## 2026-08-01 — v0.11 — bootupd regression fix shipped (--co/p8,self,,2,1,0,0,0,0,0,1,0,0,-0.6008005183007077,0.29940181353817663,0.741213391176692,1.3379289933199003,49,54
SELF-CHANGELOG/## 2026-08-01 — v0.11 — bootupd regression fix shipped (--co/p9,self,,1,1,0,0,0,0,0,0,0,0,-0.5778391144511575,0.1321159439704858,0.8053864508166807,1.275833780371187,140,94
SELF-CHANGELOG/## 2026-08-01 — v0.12 — ci_test-vgpu-vm: merge yubiOS pulls;/p1,self,,0,0,0,0,0,0,0,0,0,0,-0.5017214028247111,-0.054836368536607234,0.863289410703804,1.1826875144105402,37,204
SELF-CHANGELOG/## 2026-08-01 — v0.12 — ci_test-vgpu-vm: merge yubiOS pulls;/p2,self,,2,0,0,0,0,0,1,1,0,0,-0.70459894840369,0.15915149121028607,0.6915281084337472,1.4038809400913945,12,6
SELF-CHANGELOG/## 2026-08-01 — v0.12 — ci_test-vgpu-vm: merge yubiOS pulls;/p3,self,,1,0,0,0,0,0,1,0,0,0,-0.6110039576293869,0.007889096265978552,0.7915882300295607,1.2902259155583748,16,6
SELF-CHANGELOG/## 2026-08-01 — v0.12 — ci_test-vgpu-vm: merge yubiOS pulls;/p4,self,,1,0,0,0,0,0,0,1,0,0,-0.5960860636841963,0.015180040208573144,0.8027770369540639,1.2766694943962358,66,142
SELF-CHANGELOG/## 2026-08-01 — v0.12 — ci_test-vgpu-vm: merge yubiOS pulls;/p5,self,,0,0,0,0,0,0,0,0,0,0,-0.5017214028247111,-0.054836368536607234,0.863289410703804,1.1826875144105402,37,204
SELF-CHANGELOG/## 2026-08-01 — v0.12 — ci_test-vgpu-vm: merge yubiOS pulls;/p6,self,,0,0,0,0,0,0,0,0,0,0,-0.5017214028247111,-0.054836368536607234,0.863289410703804,1.1826875144105402,37,204
SELF-CHANGELOG/## 2026-08-01 — v0.12 — ci_test-vgpu-vm: merge yubiOS pulls;/p7,self,,0,0,0,0,0,0,0,0,0,0,-0.5017214028247111,-0.054836368536607234,0.863289410703804,1.1826875144105402,37,204
SELF-CHANGELOG/## 2026-08-01 — v0.12 — ci_test-vgpu-vm: merge yubiOS pulls;/p8,self,,2,1,0,0,0,0,0,1,0,0,-0.6008005183007077,0.29940181353817663,0.741213391176692,1.3379289933199003,49,54
SELF-CHANGELOG/## 2026-08-01 — v0.12 — ci_test-vgpu-vm: merge yubiOS pulls;/p9,self,,0,0,0,0,0,0,0,0,0,0,-0.5017214028247111,-0.054836368536607234,0.863289410703804,1.1826875144105402,37,204
SELF-CHANGELOG/## 2026-08-01 — v0.12 — ci_test-vgpu-vm: merge yubiOS pulls;/p10,self,,1,1,0,0,0,0,0,0,0,0,-0.5778391144511575,0.1321159439704858,0.8053864508166807,1.275833780371187,140,94
SELF-CHANGELOG/## 2026-08-01 — v0.12 — ci_test-vgpu-vm: merge yubiOS pulls;/p11,self,,0,0,0,0,0,0,0,0,0,0,-0.5017214028247111,-0.054836368536607234,0.863289410703804,1.1826875144105402,37,204
SELF-CHANGELOG/## 2026-08-01 — v0.12 — ci_test-vgpu-vm: merge yubiOS pulls;/p12,self,,1,0,0,0,0,0,0,1,0,0,-0.5960860636841963,0.015180040208573144,0.8027770369540639,1.2766694943962358,66,142
SELF-CHANGELOG/## 2026-08-01 — v0.12 — ci_test-vgpu-vm: merge yubiOS pulls;/p13,self,,1,1,0,0,0,0,0,0,0,0,-0.5778391144511575,0.1321159439704858,0.8053864508166807,1.275833780371187,140,94
SELF-CHANGELOG/## 2026-08-01 — v0.13 — ci_test-vgpu-vm step 25: mount ESP a/p1,self,,1,0,0,0,0,0,0,0,1,0,-0.5610398352955238,-0.13987861894517217,0.8158849644242518,1.2364527230397757,53,33
SELF-CHANGELOG/## 2026-08-01 — v0.13 — ci_test-vgpu-vm step 25: mount ESP a/p2,self,,0,0,0,0,0,0,0,0,0,0,-0.5017214028247111,-0.054836368536607234,0.863289410703804,1.1826875144105402,37,204
SELF-CHANGELOG/## 2026-08-01 — v0.13 — ci_test-vgpu-vm step 25: mount ESP a/p3,self,,1,0,0,0,0,0,0,1,0,0,-0.5960860636841963,0.015180040208573144,0.8027770369540639,1.2766694943962358,66,142
SELF-CHANGELOG/## 2026-08-01 — v0.13 — ci_test-vgpu-vm step 25: mount ESP a/p4,self,,1,0,0,0,0,0,0,0,0,1,-0.5799792611303837,-0.13299044262204365,0.8037024317680314,1.2544535294548387,2,10
SELF-CHANGELOG/## 2026-08-01 — v0.13 — ci_test-vgpu-vm step 25: mount ESP a/p5,self,,1,0,0,0,0,0,0,1,0,0,-0.5960860636841963,0.015180040208573144,0.8027770369540639,1.2766694943962358,66,142
SELF-CHANGELOG/## 2026-08-01 — v0.13 — ci_test-vgpu-vm step 25: mount ESP a/p6,self,,1,1,0,0,0,0,0,0,0,0,-0.5778391144511575,0.1321159439704858,0.8053864508166807,1.275833780371187,140,94
SELF-CHANGELOG/## 2026-08-01 — v0.13 — ci_test-vgpu-vm step 25: mount ESP a/p7,self,,0,0,0,0,0,0,0,0,0,0,-0.5017214028247111,-0.054836368536607234,0.863289410703804,1.1826875144105402,37,204
SELF-CHANGELOG/## 2026-08-01 — v0.13 — ci_test-vgpu-vm step 25: mount ESP a/p8,self,,1,0,0,0,0,0,0,1,0,0,-0.5960860636841963,0.015180040208573144,0.8027770369540639,1.2766694943962358,66,142
SELF-CHANGELOG/## 2026-08-01 — v0.14 — ci_test-vgpu-vm step 25: systemd-cry/p1,self,,1,0,0,0,0,0,0,0,1,0,-0.5610398352955238,-0.13987861894517217,0.8158849644242518,1.2364527230397757,53,33
SELF-CHANGELOG/## 2026-08-01 — v0.14 — ci_test-vgpu-vm step 25: systemd-cry/p2,self,,1,0,0,0,0,0,0,0,1,0,-0.5610398352955238,-0.13987861894517217,0.8158849644242518,1.2364527230397757,53,33
SELF-CHANGELOG/## 2026-08-01 — v0.14 — ci_test-vgpu-vm step 25: systemd-cry/p3,self,,1,0,0,0,0,0,0,0,1,0,-0.5610398352955238,-0.13987861894517217,0.8158849644242518,1.2364527230397757,53,33
SELF-CHANGELOG/## 2026-08-01 — v0.14 — ci_test-vgpu-vm step 25: systemd-cry/p4,self,,3,1,0,0,0,0,0,1,1,0,-0.7511334269475812,0.35296648224518606,0.557864891648006,1.507491620600749,51,21
SELF-CHANGELOG/## 2026-08-01 — v0.14 — ci_test-vgpu-vm step 25: systemd-cry/p5,self,,2,1,0,0,0,0,0,0,1,0,-0.7101469187495174,0.09692075921395618,0.6973505002679475,1.3985228770591065,141,9
SELF-CHANGELOG/## 2026-08-01 — v0.14 — ci_test-vgpu-vm step 25: systemd-cry/p6,self,,2,1,0,0,0,0,0,0,1,0,-0.7101469187495174,0.09692075921395618,0.6973505002679475,1.3985228770591065,141,9
SELF-CHANGELOG/## 2026-08-01 — v0.14 — ci_test-vgpu-vm step 25: systemd-cry/p7,self,,1,0,0,0,0,0,0,1,0,0,-0.5960860636841963,0.015180040208573144,0.8027770369540639,1.2766694943962358,66,142
SELF-CHANGELOG/## 2026-08-01 — v0.15 — `playbooks/` seeded from whole-self /p1,self,,0,0,0,0,0,0,0,0,0,0,-0.5017214028247111,-0.054836368536607234,0.863289410703804,1.1826875144105402,37,204
SELF-CHANGELOG/## 2026-08-01 — v0.15 — `playbooks/` seeded from whole-self /p2,self,,2,0,0,1,0,0,0,1,0,0,-0.7264949823185184,-0.07712874556953521,0.6828295521379296,1.4000265952123683,148,11
SELF-CHANGELOG/## 2026-08-01 — v0.15 — `playbooks/` seeded from whole-self /p3,self,,0,0,0,0,0,0,0,0,0,0,-0.5017214028247111,-0.054836368536607234,0.863289410703804,1.1826875144105402,37,204
SELF-CHANGELOG/## 2026-08-01 — v0.15 — `playbooks/` seeded from whole-self /p4,self,,3,1,0,0,1,0,0,1,0,0,-0.5625216293169523,0.5148744541610261,0.6468954420947691,1.387423558210774,65,10
SELF-CHANGELOG/## 2026-08-01 — v0.15 — `playbooks/` seeded from whole-self /p5,self,,3,1,1,0,0,0,0,1,0,0,-0.6054445241124331,0.5036210801997973,0.6162813771327661,1.423002596535014,86,6
SELF-CHANGELOG/## 2026-08-01 — v0.15 — `playbooks/` seeded from whole-self /p6,self,,5,1,0,0,1,0,1,1,0,1,-0.07650492476374494,0.8889942796715081,0.45148218923699546,1.2811694930122048,19,8
SELF-CHANGELOG/## 2026-08-01 — v0.15 — `playbooks/` seeded from whole-self /p7,self,,1,0,0,0,0,0,0,1,0,0,-0.5960860636841963,0.015180040208573144,0.8027770369540639,1.2766694943962358,66,142
SELF-CHANGELOG/## 2026-08-01 — v0.15 — `playbooks/` seeded from whole-self /p8,self,,2,1,0,0,0,0,0,0,1,0,-0.7101469187495174,0.09692075921395618,0.6973505002679475,1.3985228770591065,141,9
SELF-CHANGELOG/## 2026-08-01 — v0.15 — `playbooks/` seeded from whole-self /p9,self,,0,0,0,0,0,0,0,0,0,0,-0.5017214028247111,-0.054836368536607234,0.863289410703804,1.1826875144105402,37,204
SELF-CHANGELOG/## 2026-08-01 — v0.15 — `playbooks/` seeded from whole-self /p10,self,,2,0,0,0,0,0,0,1,0,1,-0.7252343251154728,-0.0626867829032916,0.6856424293489576,1.399107108932994,149,6
SELF-CHANGELOG/## 2026-08-01 — v0.15 — `playbooks/` seeded from whole-self /p11,self,,1,1,0,0,0,0,0,0,0,0,-0.5778391144511575,0.1321159439704858,0.8053864508166807,1.275833780371187,140,94
SELF-CHANGELOG/## 2026-08-01 — v0.15 — `playbooks/` seeded from whole-self /p12,self,,1,0,0,0,0,0,0,1,0,0,-0.5960860636841963,0.015180040208573144,0.8027770369540639,1.2766694943962358,66,142
SELF-CHANGELOG/## 2026-08-01 — v0.15 — `playbooks/` seeded from whole-self /p13,self,,0,0,0,0,0,0,0,0,0,0,-0.5017214028247111,-0.054836368536607234,0.863289410703804,1.1826875144105402,37,204
SELF-CHANGELOG/## 2026-08-01 — v0.15 — `playbooks/` seeded from whole-self /p14,self,,4,1,0,0,0,1,0,1,1,0,-0.810831126616705,-0.505078804639826,0.2957165622908014,1.5950196222510573,104,8
SELF-CHANGELOG/## 2026-08-01 — v0.15 — `playbooks/` seeded from whole-self /p15,self,,0,0,0,0,0,0,0,0,0,0,-0.5017214028247111,-0.054836368536607234,0.863289410703804,1.1826875144105402,37,204
SELF-CHANGELOG/## 2026-08-01 — v0.15 — `playbooks/` seeded from whole-self /p16,self,,4,1,0,0,1,1,0,1,0,0,-0.9974448650064316,-0.05470489404779062,0.04594688062884926,1.8059697770618612,13,3
SELF-CHANGELOG/## 2026-08-01 — v0.15 — `playbooks/` seeded from whole-self /p17,self,,3,1,0,0,0,0,0,1,1,0,-0.7511334269475812,0.35296648224518606,0.557864891648006,1.507491620600749,51,21
SELF-CHANGELOG/## 2026-08-01 — v0.15 — `playbooks/` seeded from whole-self /p18,self,,3,1,0,0,0,0,0,1,1,0,-0.7511334269475812,0.35296648224518606,0.557864891648006,1.507491620600749,51,21
SELF-CHANGELOG/## 2026-08-01 — v0.15 — `playbooks/` seeded from whole-self /p19,self,,1,0,0,0,0,0,0,1,0,0,-0.5960860636841963,0.015180040208573144,0.8027770369540639,1.2766694943962358,66,142
SELF-CHANGELOG/## 2026-08-01 — v0.15 — `playbooks/` seeded from whole-self /p20,self,,2,1,0,0,0,0,0,0,0,1,-0.7221856773841477,0.12896725364840622,0.6795699337578048,1.416072337122356,146,7
SELF-CHANGELOG/## 2026-08-02 — v0.16 — First weekly Sunday cadence fire (12/p1,self,,3,0,0,0,1,1,0,1,0,0,-0.6536730776738033,-0.4257253227592268,0.6256752009517478,1.366622939072886,135,7
SELF-CHANGELOG/## 2026-08-02 — v0.16 — First weekly Sunday cadence fire (12/p2,self,,2,0,0,1,0,1,0,0,0,0,-0.40802320238936396,-0.3817754660086216,0.8293157178456393,1.1176737624117692,150,1
SELF-CHANGELOG/## 2026-08-02 — v0.16 — First weekly Sunday cadence fire (12/p3,self,,1,0,0,0,0,1,0,0,0,0,-0.4329862815815908,-0.26577854799682393,0.8613272568465759,1.1233489742653708,138,14
SELF-CHANGELOG/## 2026-08-02 — v0.16 — First weekly Sunday cadence fire (12/p4,self,,4,1,0,0,0,1,0,1,1,0,-0.810831126616705,-0.505078804639826,0.2957165622908014,1.5950196222510573,104,8
SELF-CHANGELOG/## 2026-08-02 — v0.16 — First weekly Sunday cadence fire (12/p5,self,,2,0,0,0,0,1,0,0,1,0,-0.4023636005195697,-0.36623862579534167,0.8390308706790638,1.1094367674918597,137,21
SELF-CHANGELOG/## 2026-08-02 — v0.16 — First weekly Sunday cadence fire (12/p6,self,,2,0,0,0,0,1,0,1,0,0,-0.5383545213092887,-0.3129243032280273,0.7824658394045713,1.2281809819055516,136,52
SELF-CHANGELOG/## 2026-08-02 — v0.16 — First weekly Sunday cadence fire (12/p7,self,,1,0,0,0,0,1,0,0,0,0,-0.4329862815815908,-0.26577854799682393,0.8613272568465759,1.1233489742653708,138,14
SELF-CHANGELOG/## 2026-08-02 — v0.16 — First weekly Sunday cadence fire (12/p8,self,,1,0,0,0,0,1,0,0,0,0,-0.4329862815815908,-0.26577854799682393,0.8613272568465759,1.1233489742653708,138,14
SELF-CHANGELOG/## 2026-08-02 — v0.16 — First weekly Sunday cadence fire (12/p9,self,,4,0,0,0,0,1,0,1,1,1,-0.34490004279884895,-0.6291403259455974,0.6965819483351686,1.1415486756309758,151,2
SELF-CHANGELOG/## 2026-08-02 — v0.16 — First weekly Sunday cadence fire (12/p10,self,,1,0,0,0,0,1,0,0,0,0,-0.4329862815815908,-0.26577854799682393,0.8613272568465759,1.1233489742653708,138,14
SELF-CHANGELOG/## 2026-08-02 — v0.16 — First weekly Sunday cadence fire (12/p11,self,,3,0,0,0,0,1,0,1,1,0,-0.48357981010479223,-0.4692329101157117,0.738898533848426,1.2097536184447468,139,18
SELF-CHANGELOG/## 2026-08-02 — v0.16 — First weekly Sunday cadence fire (12/p12,self,,1,0,0,0,0,1,0,0,0,0,-0.4329862815815908,-0.26577854799682393,0.8613272568465759,1.1233489742653708,138,14
SELF-CHANGELOG/## 2026-08-02 — v0.16 — First weekly Sunday cadence fire (12/p13,self,,1,0,0,0,0,1,0,0,0,0,-0.4329862815815908,-0.26577854799682393,0.8613272568465759,1.1233489742653708,138,14
SELF-CHANGELOG/## 2026-08-02 — v0.16 — First weekly Sunday cadence fire (12/p14,self,,2,0,0,0,0,1,0,1,0,0,-0.5383545213092887,-0.3129243032280273,0.7824658394045713,1.2281809819055516,136,52
SELF-CHANGELOG/## 2026-08-02 — v0.16 — First weekly Sunday cadence fire (12/p15,self,,2,0,0,0,0,1,0,1,0,0,-0.5383545213092887,-0.3129243032280273,0.7824658394045713,1.2281809819055516,136,52
SELF-CHANGELOG/## 2026-08-02 — v0.16 — First weekly Sunday cadence fire (12/p16,self,,2,0,0,0,0,1,0,1,0,0,-0.5383545213092887,-0.3129243032280273,0.7824658394045713,1.2281809819055516,136,52
SELF-CHANGELOG/## 2026-08-02 — v0.16 — First weekly Sunday cadence fire (12/p17,self,,1,0,0,0,0,1,0,0,0,0,-0.4329862815815908,-0.26577854799682393,0.8613272568465759,1.1233489742653708,138,14
SELF-CHANGELOG/## 2026-08-02 — v0.16 — First weekly Sunday cadence fire (12/p18,self,,2,0,0,0,0,1,0,1,0,0,-0.5383545213092887,-0.3129243032280273,0.7824658394045713,1.2281809819055516,136,52
SELF-CHANGELOG/## 2026-08-02 — v0.16 — First weekly Sunday cadence fire (12/p19,self,,2,0,0,0,0,1,0,1,0,0,-0.5383545213092887,-0.3129243032280273,0.7824658394045713,1.2281809819055516,136,52
SELF-CHANGELOG/## 2026-08-02 — v0.16 — First weekly Sunday cadence fire (12/p20,self,,2,0,0,0,0,1,0,1,0,0,-0.5383545213092887,-0.3129243032280273,0.7824658394045713,1.2281809819055516,136,52
SELF-CHANGELOG/## 2026-08-02 — v0.16 — First weekly Sunday cadence fire (12/p21,self,,2,0,0,0,0,1,0,1,0,0,-0.5383545213092887,-0.3129243032280273,0.7824658394045713,1.2281809819055516,136,52
SELF-CHANGELOG/## 2026-08-03 — v0.17 — v0.16 sweep edits applied per Jenny /p1,self,,1,0,0,0,0,0,0,1,0,0,-0.5960860636841963,0.015180040208573144,0.8027770369540639,1.2766694943962358,66,142
SELF-CHANGELOG/## 2026-08-03 — v0.17 — v0.16 sweep edits applied per Jenny /p2,self,,1,0,0,0,0,0,0,1,0,0,-0.5960860636841963,0.015180040208573144,0.8027770369540639,1.2766694943962358,66,142
SELF-CHANGELOG/## 2026-08-03 — v0.17 — v0.16 sweep edits applied per Jenny /p3,self,,1,1,0,0,0,0,0,0,0,0,-0.5778391144511575,0.1321159439704858,0.8053864508166807,1.275833780371187,140,94
SELF-CHANGELOG/## 2026-08-03 — v0.17 — v0.16 sweep edits applied per Jenny /p4,self,,3,0,0,0,0,1,0,1,0,1,-0.5000918563931767,-0.4874275276881669,0.715767099286512,1.2310481200420809,152,6
SELF-CHANGELOG/## 2026-08-03 — v0.17 — v0.16 sweep edits applied per Jenny /p5,self,,1,0,0,0,0,0,0,1,0,0,-0.5960860636841963,0.015180040208573144,0.8027770369540639,1.2766694943962358,66,142
SELF-CHANGELOG/## 2026-08-03 — v0.17 — v0.16 sweep edits applied per Jenny /p6,self,,3,0,0,0,0,1,0,1,0,1,-0.5000918563931767,-0.4874275276881669,0.715767099286512,1.2310481200420809,152,6
SELF-CHANGELOG/## 2026-08-03 — v0.17 — v0.16 sweep edits applied per Jenny /p7,self,,2,0,0,0,0,1,0,1,0,0,-0.5383545213092887,-0.3129243032280273,0.7824658394045713,1.2281809819055516,136,52
SELF-CHANGELOG/## 2026-08-03 — v0.17 — v0.16 sweep edits applied per Jenny /p8,self,,1,0,0,0,0,0,0,1,0,0,-0.5960860636841963,0.015180040208573144,0.8027770369540639,1.2766694943962358,66,142
SELF-CHANGELOG/## 2026-08-03 — v0.17 — v0.16 sweep edits applied per Jenny /p9,self,,0,0,0,0,0,0,0,0,0,0,-0.5017214028247111,-0.054836368536607234,0.863289410703804,1.1826875144105402,37,204
SELF-CHANGELOG/## 2026-08-03 — v0.17 — v0.16 sweep edits applied per Jenny /p10,self,,2,0,0,0,0,1,0,1,0,0,-0.5383545213092887,-0.3129243032280273,0.7824658394045713,1.2281809819055516,136,52
SELF-CHANGELOG/## 2026-08-03 — v0.17 — v0.16 sweep edits applied per Jenny /p11,self,,2,0,0,0,0,1,0,0,1,0,-0.4023636005195697,-0.36623862579534167,0.8390308706790638,1.1094367674918597,137,21
SELF-CHANGELOG/## 2026-08-03 — v0.17 — v0.16 sweep edits applied per Jenny /p12,self,,2,0,0,0,0,1,0,1,0,0,-0.5383545213092887,-0.3129243032280273,0.7824658394045713,1.2281809819055516,136,52
SELF-CHANGELOG/## 2026-08-03 — v0.17 — v0.16 sweep edits applied per Jenny /p13,self,,0,0,0,0,0,0,0,0,0,0,-0.5017214028247111,-0.054836368536607234,0.863289410703804,1.1826875144105402,37,204
SELF-CHANGELOG/## 2026-08-03 — v0.18 — restful-self mode skill shipped to b/p1,self,,3,0,0,0,0,1,0,1,1,0,-0.48357981010479223,-0.4692329101157117,0.738898533848426,1.2097536184447468,139,18
SELF-CHANGELOG/## 2026-08-03 — v0.18 — restful-self mode skill shipped to b/p2,self,,0,0,0,0,0,0,0,0,0,0,-0.5017214028247111,-0.054836368536607234,0.863289410703804,1.1826875144105402,37,204
SELF-CHANGELOG/## 2026-08-03 — v0.18 — restful-self mode skill shipped to b/p3,self,,1,0,0,0,0,0,0,1,0,0,-0.5960860636841963,0.015180040208573144,0.8027770369540639,1.2766694943962358,66,142
SELF-CHANGELOG/## 2026-08-03 — v0.18 — restful-self mode skill shipped to b/p4,self,,1,1,0,0,0,0,0,0,0,0,-0.5778391144511575,0.1321159439704858,0.8053864508166807,1.275833780371187,140,94
SELF-CHANGELOG/## 2026-08-03 — v0.18 — restful-self mode skill shipped to b/p5,self,,0,0,0,0,0,0,0,0,0,0,-0.5017214028247111,-0.054836368536607234,0.863289410703804,1.1826875144105402,37,204
SELF-CHANGELOG/## 2026-08-03 — v0.18 — restful-self mode skill shipped to b/p6,self,,3,0,0,0,0,1,0,1,1,0,-0.48357981010479223,-0.4692329101157117,0.738898533848426,1.2097536184447468,139,18
SELF-CHANGELOG/## 2026-08-03 — v0.18 — restful-self mode skill shipped to b/p7,self,,0,0,0,0,0,0,0,0,0,0,-0.5017214028247111,-0.054836368536607234,0.863289410703804,1.1826875144105402,37,204
SELF-CHANGELOG/## 2026-08-03 — v0.18 — restful-self mode skill shipped to b/p8,self,,0,0,0,0,0,0,0,0,0,0,-0.5017214028247111,-0.054836368536607234,0.863289410703804,1.1826875144105402,37,204
SELF-CHANGELOG/## 2026-08-03 — v0.18 — restful-self mode skill shipped to b/p9,self,,3,0,0,0,0,1,0,1,1,0,-0.48357981010479223,-0.4692329101157117,0.738898533848426,1.2097536184447468,139,18
SELF-CHANGELOG/## 2026-08-03 — v0.18 — restful-self mode skill shipped to b/p10,self,,0,0,0,0,0,0,0,0,0,0,-0.5017214028247111,-0.054836368536607234,0.863289410703804,1.1826875144105402,37,204
SELF-CHANGELOG/## 2026-08-03 — v0.18 — restful-self mode skill shipped to b/p11,self,,0,0,0,0,0,0,0,0,0,0,-0.5017214028247111,-0.054836368536607234,0.863289410703804,1.1826875144105402,37,204
SELF-CHANGELOG/## 2026-08-03 — v0.18 — restful-self mode skill shipped to b/p12,self,,2,0,0,0,0,1,0,1,0,0,-0.5383545213092887,-0.3129243032280273,0.7824658394045713,1.2281809819055516,136,52
SELF-CHANGELOG/## 2026-08-03 — v0.18 — restful-self mode skill shipped to b/p13,self,,3,1,0,0,0,1,0,0,1,0,-0.6351374902692076,-0.42201516337344713,0.6469185190867663,1.3462829708825113,153,2
SELF-CHANGELOG/## 2026-08-03 — v0.18 — restful-self mode skill shipped to b/p14,self,,2,0,0,0,0,1,0,1,0,0,-0.5383545213092887,-0.3129243032280273,0.7824658394045713,1.2281809819055516,136,52
SELF-CHANGELOG/## 2026-08-03 — v0.18 — restful-self mode skill shipped to b/p15,self,,1,0,0,0,0,0,0,1,0,0,-0.5960860636841963,0.015180040208573144,0.8027770369540639,1.2766694943962358,66,142
SELF-CHANGELOG/## 2026-08-04 — v0.19 — `curve-guided-rsi-self` skill shippe/p1,self,,1,0,0,0,0,0,0,1,0,0,-0.5960860636841963,0.015180040208573144,0.8027770369540639,1.2766694943962358,66,142
SELF-CHANGELOG/## 2026-08-04 — v0.19 — `curve-guided-rsi-self` skill shippe/p2,self,,2,1,0,0,0,0,0,1,0,0,-0.6008005183007077,0.29940181353817663,0.741213391176692,1.3379289933199003,49,54
SELF-CHANGELOG/## 2026-08-04 — v0.19 — `curve-guided-rsi-self` skill shippe/p3,self,,3,0,0,0,0,1,0,1,1,0,-0.48357981010479223,-0.4692329101157117,0.738898533848426,1.2097536184447468,139,18
SELF-CHANGELOG/## 2026-08-04 — v0.19 — `curve-guided-rsi-self` skill shippe/p4,self,,2,0,0,0,0,1,0,1,0,0,-0.5383545213092887,-0.3129243032280273,0.7824658394045713,1.2281809819055516,136,52
SELF-CHANGELOG/## 2026-08-04 — v0.19 — `curve-guided-rsi-self` skill shippe/p5,self,,1,1,0,0,0,0,0,0,0,0,-0.5778391144511575,0.1321159439704858,0.8053864508166807,1.275833780371187,140,94
SELF-CHANGELOG/## 2026-08-04 — v0.19 — `curve-guided-rsi-self` skill shippe/p6,self,,2,0,0,0,0,1,0,1,0,0,-0.5383545213092887,-0.3129243032280273,0.7824658394045713,1.2281809819055516,136,52
SELF-CHANGELOG/## 2026-08-04 — v0.19 — `curve-guided-rsi-self` skill shippe/p7,self,,2,0,0,0,0,1,0,1,0,0,-0.5383545213092887,-0.3129243032280273,0.7824658394045713,1.2281809819055516,136,52
SELF-CHANGELOG/## 2026-08-04 — v0.19 — `curve-guided-rsi-self` skill shippe/p8,self,,0,0,0,0,0,0,0,0,0,0,-0.5017214028247111,-0.054836368536607234,0.863289410703804,1.1826875144105402,37,204
SELF-CHANGELOG/## 2026-08-04 — v0.19 — `curve-guided-rsi-self` skill shippe/p9,self,,2,0,0,0,0,0,0,1,0,1,-0.7252343251154728,-0.0626867829032916,0.6856424293489576,1.399107108932994,149,6
SELF-CHANGELOG/## 2026-08-04 — v0.19 — `curve-guided-rsi-self` skill shippe/p10,self,,1,0,0,0,0,0,0,1,0,0,-0.5960860636841963,0.015180040208573144,0.8027770369540639,1.2766694943962358,66,142
SELF-CHANGELOG/## 2026-08-04 — v0.19 — `curve-guided-rsi-self` skill shippe/p11,self,,0,0,0,0,0,0,0,0,0,0,-0.5017214028247111,-0.054836368536607234,0.863289410703804,1.1826875144105402,37,204
SELF-CHANGELOG/## 2026-08-04 — v0.19 — `curve-guided-rsi-self` skill shippe/p12,self,,1,0,0,0,0,0,0,1,0,0,-0.5960860636841963,0.015180040208573144,0.8027770369540639,1.2766694943962358,66,142
SELF-CHANGELOG/## 2026-08-04 — v0.19 — `curve-guided-rsi-self` skill shippe/p13,self,,1,0,0,0,0,0,0,1,0,0,-0.5960860636841963,0.015180040208573144,0.8027770369540639,1.2766694943962358,66,142
SELF-CHANGELOG/## 2026-08-04 — v0.19 — `curve-guided-rsi-self` skill shippe/p14,self,,0,0,0,0,0,0,0,0,0,0,-0.5017214028247111,-0.054836368536607234,0.863289410703804,1.1826875144105402,37,204
SELF-CHANGELOG/## 2026-08-04 — v0.19 — `curve-guided-rsi-self` skill shippe/p15,self,,2,0,0,0,0,1,0,1,0,0,-0.5383545213092887,-0.3129243032280273,0.7824658394045713,1.2281809819055516,136,52
SELF-CHANGELOG/## 2026-08-04 — v0.20 — curve-guided-rsi-self applied: RSI C/p1,self,,0,0,0,0,0,0,0,0,0,0,-0.5017214028247111,-0.054836368536607234,0.863289410703804,1.1826875144105402,37,204
SELF-CHANGELOG/## 2026-08-04 — v0.20 — curve-guided-rsi-self applied: RSI C/p2,self,,3,0,0,0,0,1,0,1,0,1,-0.5000918563931767,-0.4874275276881669,0.715767099286512,1.2310481200420809,152,6
SELF-CHANGELOG/## 2026-08-04 — v0.20 — curve-guided-rsi-self applied: RSI C/p3,self,,1,0,0,0,0,0,0,1,0,0,-0.5960860636841963,0.015180040208573144,0.8027770369540639,1.2766694943962358,66,142
SELF-CHANGELOG/## 2026-08-04 — v0.20 — curve-guided-rsi-self applied: RSI C/p4,self,,4,1,0,0,0,1,0,1,0,1,-0.8389160052311638,-0.503127834454417,0.20756280583041528,1.646604378461585,154,1
SELF-CHANGELOG/## 2026-08-04 — v0.20 — curve-guided-rsi-self applied: RSI C/p5,self,,3,0,0,0,0,1,0,1,0,1,-0.5000918563931767,-0.4874275276881669,0.715767099286512,1.2310481200420809,152,6
SELF-CHANGELOG/## 2026-08-04 — v0.20 — curve-guided-rsi-self applied: RSI C/p6,self,,1,0,0,0,0,0,0,1,0,0,-0.5960860636841963,0.015180040208573144,0.8027770369540639,1.2766694943962358,66,142
SELF-CHANGELOG/## 2026-08-04 — v0.20 — curve-guided-rsi-self applied: RSI C/p7,self,,2,1,0,0,0,0,0,1,0,0,-0.6008005183007077,0.29940181353817663,0.741213391176692,1.3379289933199003,49,54
SELF-CHANGELOG/## 2026-08-04 — v0.20 — curve-guided-rsi-self applied: RSI C/p8,self,,1,0,0,0,0,0,0,1,0,0,-0.5960860636841963,0.015180040208573144,0.8027770369540639,1.2766694943962358,66,142
SELF-CHANGELOG/## 2026-08-04 — v0.20 — curve-guided-rsi-self applied: RSI C/p9,self,,1,1,0,0,0,0,0,0,0,0,-0.5778391144511575,0.1321159439704858,0.8053864508166807,1.275833780371187,140,94
SELF-CHANGELOG/## 2026-08-04 — v0.20 — curve-guided-rsi-self applied: RSI C/p10,self,,2,0,0,0,0,1,0,1,0,0,-0.5383545213092887,-0.3129243032280273,0.7824658394045713,1.2281809819055516,136,52
SELF-CHANGELOG/## 2026-08-04 — v0.20 — curve-guided-rsi-self applied: RSI C/p11,self,,1,0,0,0,0,0,0,0,0,1,-0.5799792611303837,-0.13299044262204365,0.8037024317680314,1.2544535294548387,2,10
SELF-CHANGELOG/## 2026-08-04 — v0.20 — curve-guided-rsi-self applied: RSI C/p12,self,,4,1,0,1,0,1,0,1,0,0,-0.8184403438143475,-0.5329823202374016,0.21467475382869056,1.6329954602933758,113,3
SELF-CHANGELOG/## 2026-08-04 — v0.20 — curve-guided-rsi-self applied: RSI C/p13,self,,3,1,0,0,0,1,0,1,0,0,-0.8298181344289954,-0.1677074221973474,0.5322368686146257,1.5162743506575107,102,14
SELF-CHANGELOG/## 2026-08-04 — v0.20 — curve-guided-rsi-self applied: RSI C/p14,self,,2,1,0,0,0,0,0,1,0,0,-0.6008005183007077,0.29940181353817663,0.741213391176692,1.3379289933199003,49,54
SELF-CHANGELOG/## 2026-08-04 — v0.20 — curve-guided-rsi-self applied: RSI C/p15,self,,0,0,0,0,0,0,0,0,0,0,-0.5017214028247111,-0.054836368536607234,0.863289410703804,1.1826875144105402,37,204
SELF-CHANGELOG/## 2026-08-04 — v0.20 — curve-guided-rsi-self applied: RSI C/p16,self,,1,1,0,0,0,0,0,0,0,0,-0.5778391144511575,0.1321159439704858,0.8053864508166807,1.275833780371187,140,94
SELF-CHANGELOG/## 2026-08-04 — v0.20 — curve-guided-rsi-self applied: RSI C/p17,self,,2,1,0,0,0,0,0,1,0,0,-0.6008005183007077,0.29940181353817663,0.741213391176692,1.3379289933199003,49,54
SELF-CHANGELOG/## 2026-08-04 — v0.20 — curve-guided-rsi-self applied: RSI C/p18,self,,2,0,0,0,0,0,0,1,0,1,-0.7252343251154728,-0.0626867829032916,0.6856424293489576,1.399107108932994,149,6
SELF-CHANGELOG/## 2026-08-04 — v0.20 — curve-guided-rsi-self applied: RSI C/p19,self,,2,0,0,0,0,1,0,1,0,0,-0.5383545213092887,-0.3129243032280273,0.7824658394045713,1.2281809819055516,136,52
SELF-CHANGELOG/## 2026-08-04 — v0.20 — curve-guided-rsi-self applied: RSI C/p20,self,,1,0,0,0,0,0,0,0,0,1,-0.5799792611303837,-0.13299044262204365,0.8037024317680314,1.2544535294548387,2,10
SELF-CHANGELOG/## 2026-08-04 — v0.20 — curve-guided-rsi-self applied: RSI C/p21,self,,2,0,0,1,0,0,0,1,0,0,-0.7264949823185184,-0.07712874556953521,0.6828295521379296,1.4000265952123683,148,11
SELF-CHANGELOG/## 2026-08-04 — v0.20 — curve-guided-rsi-self applied: RSI C/p22,self,,2,0,0,0,0,1,0,1,0,0,-0.5383545213092887,-0.3129243032280273,0.7824658394045713,1.2281809819055516,136,52
SELF-CHANGELOG/## 2026-08-04 — v0.20 — curve-guided-rsi-self applied: RSI C/p23,self,,2,1,0,0,0,0,0,1,0,0,-0.6008005183007077,0.29940181353817663,0.741213391176692,1.3379289933199003,49,54
SELF-CHANGELOG/## 2026-08-04 — v0.21 — curve-guided-rsi-self applied across/p1,self,,1,0,0,0,0,0,0,1,0,0,-0.5960860636841963,0.015180040208573144,0.8027770369540639,1.2766694943962358,66,142
SELF-CHANGELOG/## 2026-08-04 — v0.21 — curve-guided-rsi-self applied across/p2,self,,7,1,0,1,1,1,0,1,1,1,0.6663893223733968,-0.6586068030987396,0.34951730992725244,0.666959908432313,110,4
SELF-CHANGELOG/## 2026-08-04 — v0.21 — curve-guided-rsi-self applied across/p3,self,,0,0,0,0,0,0,0,0,0,0,-0.5017214028247111,-0.054836368536607234,0.863289410703804,1.1826875144105402,37,204
SELF-CHANGELOG/## 2026-08-04 — v0.21 — curve-guided-rsi-self applied across/p4,self,,0,0,0,0,0,0,0,0,0,0,-0.5017214028247111,-0.054836368536607234,0.863289410703804,1.1826875144105402,37,204
SELF-CHANGELOG/## 2026-08-04 — v0.21 — curve-guided-rsi-self applied across/p5,self,,5,1,0,0,1,1,0,1,0,1,-0.5410269021159753,-0.5469265734913833,-0.6388749599066829,1.881442122323245,117,2
SELF-CHANGELOG/## 2026-08-04 — v0.21 — curve-guided-rsi-self applied across/p6,self,,1,0,0,0,0,0,0,1,0,0,-0.5960860636841963,0.015180040208573144,0.8027770369540639,1.2766694943962358,66,142
SELF-CHANGELOG/## 2026-08-04 — v0.21 — curve-guided-rsi-self applied across/p7,self,,3,1,0,0,0,0,0,1,0,1,-0.7375852435255504,0.4043533192192485,0.5408016288526977,1.513542569655211,77,4
SELF-CHANGELOG/## 2026-08-04 — v0.21 — curve-guided-rsi-self applied across/p8,self,,1,0,0,0,0,0,0,1,0,0,-0.5960860636841963,0.015180040208573144,0.8027770369540639,1.2766694943962358,66,142
SELF-CHANGELOG/## 2026-08-04 — v0.21 — curve-guided-rsi-self applied across/p9,self,,2,0,0,0,0,0,0,1,0,1,-0.7252343251154728,-0.0626867829032916,0.6856424293489576,1.399107108932994,149,6
SELF-CHANGELOG/## 2026-08-04 — v0.21 — curve-guided-rsi-self applied across/p10,self,,3,0,0,0,0,1,0,1,0,1,-0.5000918563931767,-0.4874275276881669,0.715767099286512,1.2310481200420809,152,6
SELF-CHANGELOG/## 2026-08-04 — v0.21 — curve-guided-rsi-self applied across/p11,self,,2,1,0,0,0,0,0,1,0,0,-0.6008005183007077,0.29940181353817663,0.741213391176692,1.3379289933199003,49,54
SELF-CHANGELOG/## 2026-08-04 — v0.21 — curve-guided-rsi-self applied across/p12,self,,3,1,0,1,0,0,0,1,0,0,-0.7520919793457366,0.3958769652210498,0.5269146828578457,1.526020784882963,144,3
SELF-CHANGELOG/## 2026-08-04 — v0.21 — curve-guided-rsi-self applied across/p13,self,,0,0,0,0,0,0,0,0,0,0,-0.5017214028247111,-0.054836368536607234,0.863289410703804,1.1826875144105402,37,204
SELF-CHANGELOG/## 2026-08-04 — v0.21 — curve-guided-rsi-self applied across/p14,self,,1,0,0,1,0,0,0,0,0,0,-0.5787841358302942,-0.14208247691681536,0.8030077794544472,1.2534053534761285,145,4
SELF-CHANGELOG/## 2026-08-04 — v0.21 — curve-guided-rsi-self applied across/p15,self,,2,1,0,0,0,0,0,1,0,0,-0.6008005183007077,0.29940181353817663,0.741213391176692,1.3379289933199003,49,54
SELF-CHANGELOG/## 2026-08-04 — v0.21 — curve-guided-rsi-self applied across/p16,self,,0,0,0,0,0,0,0,0,0,0,-0.5017214028247111,-0.054836368536607234,0.863289410703804,1.1826875144105402,37,204
SELF-CHANGELOG/## 2026-08-04 — v0.21 — curve-guided-rsi-self applied across/p17,self,,2,0,0,0,0,0,0,1,1,0,-0.7018896232496429,-0.08238197527065505,0.7075055949778628,1.3746634342830182,119,13
SELF-CHANGELOG/## 2026-08-04 — v0.21 — curve-guided-rsi-self applied across/p18,self,,0,0,0,0,0,0,0,0,0,0,-0.5017214028247111,-0.054836368536607234,0.863289410703804,1.1826875144105402,37,204
SELF-CHANGELOG/## 2026-08-04 — v0.21 — curve-guided-rsi-self applied across/p19,self,,2,0,0,1,0,0,0,1,0,0,-0.7264949823185184,-0.07712874556953521,0.6828295521379296,1.4000265952123683,148,11
SELF-CHANGELOG/## 2026-08-04 — v0.21 — curve-guided-rsi-self applied across/p20,self,,2,0,0,0,0,1,0,1,0,0,-0.5383545213092887,-0.3129243032280273,0.7824658394045713,1.2281809819055516,136,52
SELF-CHANGELOG/## 2026-08-04 — v0.22 — Differential curve baseline + RSI Cy/p1,self,,2,1,0,0,0,0,0,1,0,0,-0.6008005183007077,0.29940181353817663,0.741213391176692,1.3379289933199003,49,54
SELF-CHANGELOG/## 2026-08-04 — v0.22 — Differential curve baseline + RSI Cy/p2,self,,1,0,0,0,0,0,0,1,0,0,-0.5960860636841963,0.015180040208573144,0.8027770369540639,1.2766694943962358,66,142
SELF-CHANGELOG/## 2026-08-04 — v0.22 — Differential curve baseline + RSI Cy/p3,self,,1,0,0,0,0,0,0,1,0,0,-0.5960860636841963,0.015180040208573144,0.8027770369540639,1.2766694943962358,66,142
SELF-CHANGELOG/## 2026-08-04 — v0.22 — Differential curve baseline + RSI Cy/p4,self,,0,0,0,0,0,0,0,0,0,0,-0.5017214028247111,-0.054836368536607234,0.863289410703804,1.1826875144105402,37,204
SELF-CHANGELOG/## 2026-08-04 — v0.22 — Differential curve baseline + RSI Cy/p5,self,,1,0,0,0,0,0,0,1,0,0,-0.5960860636841963,0.015180040208573144,0.8027770369540639,1.2766694943962358,66,142
SELF-CHANGELOG/## 2026-08-04 — v0.22 — Differential curve baseline + RSI Cy/p6,self,,0,0,0,0,0,0,0,0,0,0,-0.5017214028247111,-0.054836368536607234,0.863289410703804,1.1826875144105402,37,204
SELF-CHANGELOG/## 2026-08-04 — v0.22 — Differential curve baseline + RSI Cy/p7,self,,0,0,0,0,0,0,0,0,0,0,-0.5017214028247111,-0.054836368536607234,0.863289410703804,1.1826875144105402,37,204
SELF-CHANGELOG/## 2026-08-04 — v0.22 — Differential curve baseline + RSI Cy/p8,self,,2,0,0,1,0,0,0,1,0,0,-0.7264949823185184,-0.07712874556953521,0.6828295521379296,1.4000265952123683,148,11
SELF-CHANGELOG/## 2026-08-04 — v0.22 — Differential curve baseline + RSI Cy/p9,self,,2,0,0,0,0,1,0,1,0,0,-0.5383545213092887,-0.3129243032280273,0.7824658394045713,1.2281809819055516,136,52
SELF-CHANGELOG/## 2026-08-04 — v0.23 — Differential use case V3 applied + R/p1,self,,1,0,0,0,0,0,0,1,0,0,-0.5960860636841963,0.015180040208573144,0.8027770369540639,1.2766694943962358,66,142
SELF-CHANGELOG/## 2026-08-04 — v0.23 — Differential use case V3 applied + R/p2,self,,1,0,0,0,0,0,0,1,0,0,-0.5960860636841963,0.015180040208573144,0.8027770369540639,1.2766694943962358,66,142
SELF-CHANGELOG/## 2026-08-04 — v0.23 — Differential use case V3 applied + R/p3,self,,1,0,0,0,0,0,0,1,0,0,-0.5960860636841963,0.015180040208573144,0.8027770369540639,1.2766694943962358,66,142
SELF-CHANGELOG/## 2026-08-04 — v0.23 — Differential use case V3 applied + R/p4,self,,0,0,0,0,0,0,0,0,0,0,-0.5017214028247111,-0.054836368536607234,0.863289410703804,1.1826875144105402,37,204
SELF-CHANGELOG/## 2026-08-04 — v0.23 — Differential use case V3 applied + R/p5,self,,1,0,0,0,0,0,0,1,0,0,-0.5960860636841963,0.015180040208573144,0.8027770369540639,1.2766694943962358,66,142
SELF-CHANGELOG/## 2026-08-04 — v0.23 — Differential use case V3 applied + R/p6,self,,0,0,0,0,0,0,0,0,0,0,-0.5017214028247111,-0.054836368536607234,0.863289410703804,1.1826875144105402,37,204
SELF-CHANGELOG/## 2026-08-04 — v0.23 — Differential use case V3 applied + R/p7,self,,0,0,0,0,0,0,0,0,0,0,-0.5017214028247111,-0.054836368536607234,0.863289410703804,1.1826875144105402,37,204
SELF-CHANGELOG/## 2026-08-04 — v0.23 — Differential use case V3 applied + R/p8,self,,1,0,0,0,0,0,0,1,0,0,-0.5960860636841963,0.015180040208573144,0.8027770369540639,1.2766694943962358,66,142
SELF-CHANGELOG/## 2026-08-04 — v0.23 — Differential use case V3 applied + R/p9,self,,2,0,0,0,0,1,0,1,0,0,-0.5383545213092887,-0.3129243032280273,0.7824658394045713,1.2281809819055516,136,52
SELF-CHANGELOG/## 2026-08-04 — v0.23 — Differential use case V3 applied + R/p10,self,,0,0,0,0,0,0,0,0,0,0,-0.5017214028247111,-0.054836368536607234,0.863289410703804,1.1826875144105402,37,204
SELF-CHANGELOG/## 2026-08-04 — v0.23 — Differential use case V3 applied + R/p11,self,,2,0,0,1,0,0,0,1,0,0,-0.7264949823185184,-0.07712874556953521,0.6828295521379296,1.4000265952123683,148,11
SELF-CHANGELOG/## 2026-08-04 — v0.23 — Differential use case V3 applied + R/p12,self,,2,0,0,1,0,0,0,1,0,0,-0.7264949823185184,-0.07712874556953521,0.6828295521379296,1.4000265952123683,148,11
SELF-CHANGELOG/## 2026-08-04 — v0.23 — Differential use case V3 applied + R/p13,self,,1,0,0,0,0,0,0,1,0,0,-0.5960860636841963,0.015180040208573144,0.8027770369540639,1.2766694943962358,66,142
SELF-CHANGELOG/## 2026-08-04 — v0.23 — Differential use case V3 applied + R/p14,self,,2,1,0,0,0,0,0,1,0,0,-0.6008005183007077,0.29940181353817663,0.741213391176692,1.3379289933199003,49,54
SELF-CHANGELOG/## 2026-08-04 — v0.23 — Differential use case V3 applied + R/p15,self,,1,0,0,0,0,0,0,1,0,0,-0.5960860636841963,0.015180040208573144,0.8027770369540639,1.2766694943962358,66,142
SELF-CHANGELOG/## 2026-08-04 — v0.23 — Differential use case V3 applied + R/p16,self,,1,0,0,0,0,0,0,1,0,0,-0.5960860636841963,0.015180040208573144,0.8027770369540639,1.2766694943962358,66,142
SELF-CHANGELOG/## 2026-08-04 — v0.23 — Differential use case V3 applied + R/p17,self,,3,0,0,1,1,0,0,1,0,0,-0.9072885087494061,0.033696828855057544,0.41915639756109146,1.6167580295472699,155,1
SELF-CHANGELOG/## 2026-08-04 — v0.23 — Differential use case V3 applied + R/p18,self,,1,0,0,0,0,0,0,1,0,0,-0.5960860636841963,0.015180040208573144,0.8027770369540639,1.2766694943962358,66,142
SELF-CHANGELOG/## 2026-08-04 — v0.24 — Follow-ups complete: agent-skills pu/p1,self,,2,1,0,0,1,0,0,0,0,0,-0.6419289177264945,0.2807805065965045,0.7135051308168019,1.3717611618620351,156,2
SELF-CHANGELOG/## 2026-08-04 — v0.24 — Follow-ups complete: agent-skills pu/p2,self,,1,0,0,0,0,0,0,1,0,0,-0.5960860636841963,0.015180040208573144,0.8027770369540639,1.2766694943962358,66,142
SELF-CHANGELOG/## 2026-08-04 — v0.24 — Follow-ups complete: agent-skills pu/p3,self,,1,0,0,0,0,0,0,1,0,0,-0.5960860636841963,0.015180040208573144,0.8027770369540639,1.2766694943962358,66,142
SELF-CHANGELOG/## 2026-08-04 — v0.24 — Follow-ups complete: agent-skills pu/p4,self,,0,0,0,0,0,0,0,0,0,0,-0.5017214028247111,-0.054836368536607234,0.863289410703804,1.1826875144105402,37,204
SELF-CHANGELOG/## 2026-08-04 — v0.24 — Follow-ups complete: agent-skills pu/p5,self,,1,0,0,0,0,0,0,1,0,0,-0.5960860636841963,0.015180040208573144,0.8027770369540639,1.2766694943962358,66,142
SELF-CHANGELOG/## 2026-08-04 — v0.24 — Follow-ups complete: agent-skills pu/p6,self,,1,0,0,0,0,0,0,1,0,0,-0.5960860636841963,0.015180040208573144,0.8027770369540639,1.2766694943962358,66,142
SELF-CHANGELOG/## 2026-08-04 — v0.24 — Follow-ups complete: agent-skills pu/p7,self,,0,0,0,0,0,0,0,0,0,0,-0.5017214028247111,-0.054836368536607234,0.863289410703804,1.1826875144105402,37,204
SELF-CHANGELOG/## 2026-08-04 — v0.24 — Follow-ups complete: agent-skills pu/p8,self,,1,0,0,0,0,0,0,1,0,0,-0.5960860636841963,0.015180040208573144,0.8027770369540639,1.2766694943962358,66,142
SELF-CHANGELOG/## 2026-08-04 — v0.24 — Follow-ups complete: agent-skills pu/p9,self,,0,0,0,0,0,0,0,0,0,0,-0.5017214028247111,-0.054836368536607234,0.863289410703804,1.1826875144105402,37,204
SELF-CHANGELOG/## 2026-08-04 — v0.24 — Follow-ups complete: agent-skills pu/p10,self,,0,0,0,0,0,0,0,0,0,0,-0.5017214028247111,-0.054836368536607234,0.863289410703804,1.1826875144105402,37,204
SELF-CHANGELOG/## 2026-08-04 — v0.25 — 9 milestone-achieving PRs shipped in/p1,self,,1,0,0,0,0,0,0,1,0,0,-0.5960860636841963,0.015180040208573144,0.8027770369540639,1.2766694943962358,66,142
SELF-CHANGELOG/## 2026-08-04 — v0.25 — 9 milestone-achieving PRs shipped in/p2,self,,6,1,1,1,0,1,0,1,1,0,0.34453798880275105,-0.9367029092767698,-0.06229955075432474,1.1907718767185405,124,4
SELF-CHANGELOG/## 2026-08-04 — v0.25 — 9 milestone-achieving PRs shipped in/p3,self,,3,1,0,0,1,0,0,1,0,0,-0.5625216293169523,0.5148744541610261,0.6468954420947691,1.387423558210774,65,10
SELF-CHANGELOG/## 2026-08-04 — v0.25 — 9 milestone-achieving PRs shipped in/p4,self,,7,1,1,1,1,1,0,1,0,1,0.8947436569108003,-0.3892494852228046,0.2189032358638623,0.6240019388580943,31,6
SELF-CHANGELOG/## 2026-08-04 — v0.25 — 9 milestone-achieving PRs shipped in/p5,self,,3,1,0,0,1,0,0,1,0,0,-0.5625216293169523,0.5148744541610261,0.6468954420947691,1.387423558210774,65,10
SELF-CHANGELOG/## 2026-08-04 — v0.25 — 9 milestone-achieving PRs shipped in/p6,self,,6,1,1,0,1,0,0,1,1,1,0.44502018485015343,0.8910328507652223,0.08954045975499754,1.2126051678665408,108,2
SELF-CHANGELOG/## 2026-08-04 — v0.25 — 9 milestone-achieving PRs shipped in/p7,self,,2,0,0,0,0,1,0,1,0,0,-0.5383545213092887,-0.3129243032280273,0.7824658394045713,1.2281809819055516,136,52
SELF-CHANGELOG/## 2026-08-04 — v0.25 — 9 milestone-achieving PRs shipped in/p8,self,,1,0,0,0,0,0,0,1,0,0,-0.5960860636841963,0.015180040208573144,0.8027770369540639,1.2766694943962358,66,142
SELF-CHANGELOG/## 2026-08-04 — v0.25 — 9 milestone-achieving PRs shipped in/p9,self,,2,1,0,0,0,0,0,1,0,0,-0.6008005183007077,0.29940181353817663,0.741213391176692,1.3379289933199003,49,54
SELF-CHANGELOG/## 2026-08-04 — v0.25 — 9 milestone-achieving PRs shipped in/p10,self,,1,0,0,0,0,0,0,1,0,0,-0.5960860636841963,0.015180040208573144,0.8027770369540639,1.2766694943962358,66,142
SELF-CHANGELOG/## 2026-08-04 — v0.25 — 9 milestone-achieving PRs shipped in/p11,self,,1,0,0,0,0,0,0,1,0,0,-0.5960860636841963,0.015180040208573144,0.8027770369540639,1.2766694943962358,66,142
SELF-CHANGELOG/## 2026-08-04 — v0.25 — 9 milestone-achieving PRs shipped in/p12,self,,2,0,0,0,0,1,0,1,0,0,-0.5383545213092887,-0.3129243032280273,0.7824658394045713,1.2281809819055516,136,52
SELF-CHANGELOG/## 2026-08-04 — v0.25 — 9 milestone-achieving PRs shipped in/p13,self,,2,0,0,0,0,1,0,1,0,0,-0.5383545213092887,-0.3129243032280273,0.7824658394045713,1.2281809819055516,136,52
SELF-CHANGELOG/## 2026-08-04 — v0.26 — All 9 PRs merged + scripts added (Pr/p1,self,,0,0,0,0,0,0,0,0,0,0,-0.5017214028247111,-0.054836368536607234,0.863289410703804,1.1826875144105402,37,204
SELF-CHANGELOG/## 2026-08-04 — v0.26 — All 9 PRs merged + scripts added (Pr/p2,self,,4,1,0,1,0,1,0,1,0,0,-0.8184403438143475,-0.5329823202374016,0.21467475382869056,1.6329954602933758,113,3
SELF-CHANGELOG/## 2026-08-04 — v0.26 — All 9 PRs merged + scripts added (Pr/p3,self,,1,1,0,0,0,0,0,0,0,0,-0.5778391144511575,0.1321159439704858,0.8053864508166807,1.275833780371187,140,94
SELF-CHANGELOG/## 2026-08-04 — v0.26 — All 9 PRs merged + scripts added (Pr/p4,self,,3,1,0,0,0,1,0,1,0,0,-0.8298181344289954,-0.1677074221973474,0.5322368686146257,1.5162743506575107,102,14
SELF-CHANGELOG/## 2026-08-04 — v0.26 — All 9 PRs merged + scripts added (Pr/p5,self,,1,1,0,0,0,0,0,0,0,0,-0.5778391144511575,0.1321159439704858,0.8053864508166807,1.275833780371187,140,94
SELF-CHANGELOG/## 2026-08-04 — v0.26 — All 9 PRs merged + scripts added (Pr/p6,self,,0,0,0,0,0,0,0,0,0,0,-0.5017214028247111,-0.054836368536607234,0.863289410703804,1.1826875144105402,37,204
SELF-CHANGELOG/## 2026-08-04 — v0.26 — All 9 PRs merged + scripts added (Pr/p7,self,,0,0,0,0,0,0,0,0,0,0,-0.5017214028247111,-0.054836368536607234,0.863289410703804,1.1826875144105402,37,204
SELF-CHANGELOG/## 2026-08-04 — v0.26 — All 9 PRs merged + scripts added (Pr/p8,self,,3,1,0,0,0,0,0,1,1,0,-0.7511334269475812,0.35296648224518606,0.557864891648006,1.507491620600749,51,21
SELF-CHANGELOG/## 2026-08-04 — v0.26 — All 9 PRs merged + scripts added (Pr/p9,self,,2,1,0,0,0,0,0,1,0,0,-0.6008005183007077,0.29940181353817663,0.741213391176692,1.3379289933199003,49,54
SELF-CHANGELOG/## 2026-08-04 — v0.26 — All 9 PRs merged + scripts added (Pr/p10,self,,5,1,0,0,1,1,0,1,1,0,-0.6254928223765831,-0.615444166242272,-0.4795698149318103,1.8452278558184145,101,3
SELF-CHANGELOG/## 2026-08-04 — v0.26 — All 9 PRs merged + scripts added (Pr/p11,self,,4,1,0,0,0,1,0,1,1,0,-0.810831126616705,-0.505078804639826,0.2957165622908014,1.5950196222510573,104,8
SELF-CHANGELOG/## 2026-08-04 — v0.26 — All 9 PRs merged + scripts added (Pr/p12,self,,0,0,0,0,0,0,0,0,0,0,-0.5017214028247111,-0.054836368536607234,0.863289410703804,1.1826875144105402,37,204
SELF-CHANGELOG/## 2026-08-04 — v0.26 — All 9 PRs merged + scripts added (Pr/p13,self,,2,0,0,0,0,1,0,1,0,0,-0.5383545213092887,-0.3129243032280273,0.7824658394045713,1.2281809819055516,136,52
SELF-CHANGELOG/## 2026-08-04 — v0.26 — All 9 PRs merged + scripts added (Pr/p14,self,,2,0,0,0,0,1,0,1,0,0,-0.5383545213092887,-0.3129243032280273,0.7824658394045713,1.2281809819055516,136,52
SELF-CHANGELOG/## 2026-08-04 — v0.26 — All 9 PRs merged + scripts added (Pr/p15,self,,2,0,0,0,0,1,0,1,0,0,-0.5383545213092887,-0.3129243032280273,0.7824658394045713,1.2281809819055516,136,52
SELF-CHANGELOG/## 2026-08-04 — v0.26 — All 9 PRs merged + scripts added (Pr/p16,self,,1,0,0,0,0,0,0,1,0,0,-0.5960860636841963,0.015180040208573144,0.8027770369540639,1.2766694943962358,66,142
SELF-CHANGELOG/## 2026-08-04 — v0.26 — All 9 PRs merged + scripts added (Pr/p17,self,,2,0,0,0,0,1,0,1,0,0,-0.5383545213092887,-0.3129243032280273,0.7824658394045713,1.2281809819055516,136,52
SELF-CHANGELOG/## 2026-08-04 — v0.26 — All 9 PRs merged + scripts added (Pr/p18,self,,1,1,0,0,0,0,0,0,0,0,-0.5778391144511575,0.1321159439704858,0.8053864508166807,1.275833780371187,140,94
SELF-CHANGELOG/## 2026-08-04 — v0.26 — All 9 PRs merged + scripts added (Pr/p19,self,,1,0,0,0,0,0,0,1,0,0,-0.5960860636841963,0.015180040208573144,0.8027770369540639,1.2766694943962358,66,142
SELF-CHANGELOG/## 2026-08-05 — v0.27 — rock1 shell bridge recovered; stale /p1,self,,0,0,0,0,0,0,0,0,0,0,-0.5017214028247111,-0.054836368536607234,0.863289410703804,1.1826875144105402,37,204
SELF-CHANGELOG/## 2026-08-05 — v0.27 — rock1 shell bridge recovered; stale /p2,self,,1,1,0,0,0,0,0,0,0,0,-0.5778391144511575,0.1321159439704858,0.8053864508166807,1.275833780371187,140,94
SELF-CHANGELOG/## 2026-08-05 — v0.27 — rock1 shell bridge recovered; stale /p3,self,,3,1,0,0,0,0,1,1,0,0,-0.5230828202207264,0.527226409200991,0.6696392137793011,1.356982456287992,79,3
SELF-CHANGELOG/## 2026-08-05 — v0.27 — rock1 shell bridge recovered; stale /p4,self,,3,1,0,0,0,0,0,1,1,0,-0.7511334269475812,0.35296648224518606,0.557864891648006,1.507491620600749,51,21
SELF-CHANGELOG/## 2026-08-05 — v0.27 — rock1 shell bridge recovered; stale /p5,self,,3,1,0,0,0,0,0,1,1,0,-0.7511334269475812,0.35296648224518606,0.557864891648006,1.507491620600749,51,21
SELF-CHANGELOG/## 2026-08-05 — v0.27 — rock1 shell bridge recovered; stale /p6,self,,2,1,0,0,0,0,0,1,0,0,-0.6008005183007077,0.29940181353817663,0.741213391176692,1.3379289933199003,49,54
SELF-CHANGELOG/## 2026-08-05 — v0.27 — rock1 shell bridge recovered; stale /p7,self,,0,0,0,0,0,0,0,0,0,0,-0.5017214028247111,-0.054836368536607234,0.863289410703804,1.1826875144105402,37,204
SELF-CHANGELOG/## 2026-08-05 — v0.27 — rock1 shell bridge recovered; stale /p8,self,,2,1,0,0,0,0,0,1,0,0,-0.6008005183007077,0.29940181353817663,0.741213391176692,1.3379289933199003,49,54
SELF-CHANGELOG/## 2026-08-05 — v0.27 — rock1 shell bridge recovered; stale /p9,self,,0,0,0,0,0,0,0,0,0,0,-0.5017214028247111,-0.054836368536607234,0.863289410703804,1.1826875144105402,37,204
SELF-CHANGELOG/## 2026-08-05 — v0.27 — rock1 shell bridge recovered; stale /p10,self,,1,1,0,0,0,0,0,0,0,0,-0.5778391144511575,0.1321159439704858,0.8053864508166807,1.275833780371187,140,94
SELF-CHANGELOG/## 2026-08-05 — v0.27 — rock1 shell bridge recovered; stale /p11,self,,3,1,0,0,0,1,0,1,0,0,-0.8298181344289954,-0.1677074221973474,0.5322368686146257,1.5162743506575107,102,14
SELF-CHANGELOG/## 2026-08-05 — v0.27 — rock1 shell bridge recovered; stale /p12,self,,0,0,0,0,0,0,0,0,0,0,-0.5017214028247111,-0.054836368536607234,0.863289410703804,1.1826875144105402,37,204
SELF-CHANGELOG/## 2026-08-05 — v0.27 — rock1 shell bridge recovered; stale /p13,self,,3,1,0,0,0,1,0,1,0,0,-0.8298181344289954,-0.1677074221973474,0.5322368686146257,1.5162743506575107,102,14
SELF-CHANGELOG/## 2026-08-05 — v0.27 — rock1 shell bridge recovered; stale /p14,self,,2,1,0,0,0,0,0,1,0,0,-0.6008005183007077,0.29940181353817663,0.741213391176692,1.3379289933199003,49,54
SELF-CHANGELOG/## 2026-08-05 — v0.27 — rock1 shell bridge recovered; stale /p15,self,,1,0,0,0,0,0,0,1,0,0,-0.5960860636841963,0.015180040208573144,0.8027770369540639,1.2766694943962358,66,142
SELF-CHANGELOG/## 2026-08-05 — v0.27 — rock1 shell bridge recovered; stale /p16,self,,2,0,0,0,0,1,0,1,0,0,-0.5383545213092887,-0.3129243032280273,0.7824658394045713,1.2281809819055516,136,52
SELF-CHANGELOG/## 2026-08-06 — v0.28 — Cycle 7 RSI + paper restructure ship/p1,self,,0,0,0,0,0,0,0,0,0,0,-0.5017214028247111,-0.054836368536607234,0.863289410703804,1.1826875144105402,37,204
SELF-CHANGELOG/## 2026-08-06 — v0.28 — Cycle 7 RSI + paper restructure ship/p2,self,,1,0,0,0,0,0,0,1,0,0,-0.5960860636841963,0.015180040208573144,0.8027770369540639,1.2766694943962358,66,142
SELF-CHANGELOG/## 2026-08-06 — v0.28 — Cycle 7 RSI + paper restructure ship/p3,self,,0,0,0,0,0,0,0,0,0,0,-0.5017214028247111,-0.054836368536607234,0.863289410703804,1.1826875144105402,37,204
SELF-CHANGELOG/## 2026-08-06 — v0.28 — Cycle 7 RSI + paper restructure ship/p4,self,,0,0,0,0,0,0,0,0,0,0,-0.5017214028247111,-0.054836368536607234,0.863289410703804,1.1826875144105402,37,204
SELF-CHANGELOG/## 2026-08-06 — v0.28 — Cycle 7 RSI + paper restructure ship/p5,self,,2,0,1,0,0,0,0,1,0,0,-0.7296049124298282,0.07444509284550052,0.6798048248648192,1.4151563462532877,142,5
SELF-CHANGELOG/## 2026-08-06 — v0.28 — Cycle 7 RSI + paper restructure ship/p6,self,,7,1,1,1,1,1,1,1,0,0,0.9687242055259423,0.17992811172875356,0.17087799225721614,0.6984410766802716,99,4
SELF-CHANGELOG/## 2026-08-06 — v0.28 — Cycle 7 RSI + paper restructure ship/p7,self,,1,1,0,0,0,0,0,0,0,0,-0.5778391144511575,0.1321159439704858,0.8053864508166807,1.275833780371187,140,94
SELF-CHANGELOG/## 2026-08-06 — v0.28 — Cycle 7 RSI + paper restructure ship/p8,self,,0,0,0,0,0,0,0,0,0,0,-0.5017214028247111,-0.054836368536607234,0.863289410703804,1.1826875144105402,37,204
SELF-CHANGELOG/## 2026-08-06 — v0.28 — Cycle 7 RSI + paper restructure ship/p9,self,,0,0,0,0,0,0,0,0,0,0,-0.5017214028247111,-0.054836368536607234,0.863289410703804,1.1826875144105402,37,204
SELF-CHANGELOG/## 2026-08-06 — v0.28 — Cycle 7 RSI + paper restructure ship/p10,self,,2,0,1,0,0,0,0,1,0,0,-0.7296049124298282,0.07444509284550052,0.6798048248648192,1.4151563462532877,142,5
SELF-CHANGELOG/## 2026-08-06 — v0.28 — Cycle 7 RSI + paper restructure ship/p11,self,,3,0,1,0,0,0,0,0,1,1,-0.739082608689059,-0.40981603338118194,0.5346098730074943,1.4557950496759495,83,2
SELF-CHANGELOG/## 2026-08-06 — v0.28 — Cycle 7 RSI + paper restructure ship/p12,self,,4,1,0,1,1,0,1,0,0,0,-0.5501414473833628,0.7845554829935034,0.28603685422646025,1.5801634695376647,157,1
SELF-CHANGELOG/## 2026-08-06 — v0.X — cycle 5 RSI on recursive-self-improve/p1,self,,3,1,0,0,0,0,0,1,1,0,-0.7511334269475812,0.35296648224518606,0.557864891648006,1.507491620600749,51,21
SELF-CHANGELOG/## 2026-08-07 — v0.27 — `repo-history-skill` shipped (hyper-/p1,self,,0,0,0,0,0,0,0,0,0,0,-0.5017214028247111,-0.054836368536607234,0.863289410703804,1.1826875144105402,37,204
SELF-CHANGELOG/## 2026-08-07 — v0.27 — `repo-history-skill` shipped (hyper-/p2,self,,0,0,0,0,0,0,0,0,0,0,-0.5017214028247111,-0.054836368536607234,0.863289410703804,1.1826875144105402,37,204
SELF-CHANGELOG/## 2026-08-07 — v0.27 — `repo-history-skill` shipped (hyper-/p3,self,,3,1,0,0,1,0,0,1,0,0,-0.5625216293169523,0.5148744541610261,0.6468954420947691,1.387423558210774,65,10
SELF-CHANGELOG/## 2026-08-07 — v0.27 — `repo-history-skill` shipped (hyper-/p4,self,,1,0,0,0,0,0,0,1,0,0,-0.5960860636841963,0.015180040208573144,0.8027770369540639,1.2766694943962358,66,142
SELF-CHANGELOG/## 2026-08-07 — v0.27 — `repo-history-skill` shipped (hyper-/p5,self,,1,1,0,0,0,0,0,0,0,0,-0.5778391144511575,0.1321159439704858,0.8053864508166807,1.275833780371187,140,94
SELF-CHANGELOG/## 2026-08-07 — v0.27 — `repo-history-skill` shipped (hyper-/p6,self,,1,0,0,0,0,0,0,0,0,1,-0.5799792611303837,-0.13299044262204365,0.8037024317680314,1.2544535294548387,2,10
SELF-CHANGELOG/## 2026-08-07 — v0.27 — `repo-history-skill` shipped (hyper-/p7,self,,1,1,0,0,0,0,0,0,0,0,-0.5778391144511575,0.1321159439704858,0.8053864508166807,1.275833780371187,140,94
SELF-CHANGELOG/## 2026-08-07 — v0.27 — `repo-history-skill` shipped (hyper-/p8,self,,1,0,0,0,0,0,0,1,0,0,-0.5960860636841963,0.015180040208573144,0.8027770369540639,1.2766694943962358,66,142
SELF-CHANGELOG/## 2026-08-07 — v0.27 — `repo-history-skill` shipped (hyper-/p9,self,,2,0,0,0,0,1,0,1,0,0,-0.5383545213092887,-0.3129243032280273,0.7824658394045713,1.2281809819055516,136,52
SELF-CHANGELOG/## 2026-08-07 — v0.28 — Single-action atom primitive insight/p1,self,,1,0,1,0,0,0,0,0,0,0,-0.6081736362463723,-0.051041564889270606,0.7921613388878048,1.2832871074712857,52,8
SELF-CHANGELOG/## 2026-08-07 — v0.28 — Single-action atom primitive insight/p2,self,,4,1,0,0,0,1,0,1,1,0,-0.810831126616705,-0.505078804639826,0.2957165622908014,1.5950196222510573,104,8
SELF-CHANGELOG/## 2026-08-07 — v0.28 — Single-action atom primitive insight/p3,self,,1,0,1,0,0,0,0,0,0,0,-0.6081736362463723,-0.051041564889270606,0.7921613388878048,1.2832871074712857,52,8
SELF-CHANGELOG/## 2026-08-07 — v0.28 — Single-action atom primitive insight/p4,self,,2,0,1,0,0,0,0,1,0,0,-0.7296049124298282,0.07444509284550052,0.6798048248648192,1.4151563462532877,142,5
SELF-CHANGELOG/## 2026-08-07 — v0.28 — Single-action atom primitive insight/p5,self,,2,1,0,0,0,0,0,1,0,0,-0.6008005183007077,0.29940181353817663,0.741213391176692,1.3379289933199003,49,54
SELF-CHANGELOG/## 2026-08-07 — v0.28 — Single-action atom primitive insight/p6,self,,2,0,1,0,0,0,0,1,0,0,-0.7296049124298282,0.07444509284550052,0.6798048248648192,1.4151563462532877,142,5
SELF-CHANGELOG/## 2026-08-09 — v0.29 — Single-action-atom-skill re-run + Se/p1,self,,1,0,0,0,0,0,0,1,0,0,-0.5960860636841963,0.015180040208573144,0.8027770369540639,1.2766694943962358,66,142
SELF-CHANGELOG/## 2026-08-09 — v0.29 — Single-action-atom-skill re-run + Se/p2,self,,0,0,0,0,0,0,0,0,0,0,-0.5017214028247111,-0.054836368536607234,0.863289410703804,1.1826875144105402,37,204
SELF-CHANGELOG/## 2026-08-09 — v0.29 — Single-action-atom-skill re-run + Se/p3,self,,1,0,0,0,0,0,0,1,0,0,-0.5960860636841963,0.015180040208573144,0.8027770369540639,1.2766694943962358,66,142
SELF-CHANGELOG/## 2026-08-09 — v0.29 — Single-action-atom-skill re-run + Se/p4,self,,0,0,0,0,0,0,0,0,0,0,-0.5017214028247111,-0.054836368536607234,0.863289410703804,1.1826875144105402,37,204
SELF-CHANGELOG/## 2026-08-09 — v0.29 — Single-action-atom-skill re-run + Se/p5,self,,1,0,0,0,0,0,0,0,1,0,-0.5610398352955238,-0.13987861894517217,0.8158849644242518,1.2364527230397757,53,33
SELF-CHANGELOG/## 2026-08-09 — v0.29 — Single-action-atom-skill re-run + Se/p6,self,,0,0,0,0,0,0,0,0,0,0,-0.5017214028247111,-0.054836368536607234,0.863289410703804,1.1826875144105402,37,204
SELF-CHANGELOG/## 2026-08-09 — v0.29 — Single-action-atom-skill re-run + Se/p7,self,,1,0,0,0,0,0,0,1,0,0,-0.5960860636841963,0.015180040208573144,0.8027770369540639,1.2766694943962358,66,142
SELF-CHANGELOG/## 2026-08-09 — v0.29 — Single-action-atom-skill re-run + Se/p8,self,,1,0,0,0,0,0,1,0,0,0,-0.6110039576293869,0.007889096265978552,0.7915882300295607,1.2902259155583748,16,6
SELF-CHANGELOG/## 2026-08-09 — v0.29 — Single-action-atom-skill re-run + Se/p9,self,,1,0,0,0,0,0,0,1,0,0,-0.5960860636841963,0.015180040208573144,0.8027770369540639,1.2766694943962358,66,142
SELF-CHANGELOG/## 2026-08-09 — v0.30 — Advisor pass: ideate-solo's paramete/p1,self,,2,0,0,0,0,0,1,1,0,0,-0.70459894840369,0.15915149121028607,0.6915281084337472,1.4038809400913945,12,6
SELF-CHANGELOG/## 2026-08-09 — v0.30 — Advisor pass: ideate-solo's paramete/p2,self,,1,1,0,0,0,0,0,0,0,0,-0.5778391144511575,0.1321159439704858,0.8053864508166807,1.275833780371187,140,94
SELF-CHANGELOG/## 2026-08-09 — v0.30 — Advisor pass: ideate-solo's paramete/p3,self,,0,0,0,0,0,0,0,0,0,0,-0.5017214028247111,-0.054836368536607234,0.863289410703804,1.1826875144105402,37,204
SELF-CHANGELOG/## 2026-08-09 — v0.30 — Advisor pass: ideate-solo's paramete/p4,self,,0,0,0,0,0,0,0,0,0,0,-0.5017214028247111,-0.054836368536607234,0.863289410703804,1.1826875144105402,37,204
SELF-CHANGELOG/## 2026-08-09 — v0.30 — Advisor pass: ideate-solo's paramete/p5,self,,0,0,0,0,0,0,0,0,0,0,-0.5017214028247111,-0.054836368536607234,0.863289410703804,1.1826875144105402,37,204
SELF-CHANGELOG/## 2026-08-09 — v0.30 — Advisor pass: ideate-solo's paramete/p6,self,,0,0,0,0,0,0,0,0,0,0,-0.5017214028247111,-0.054836368536607234,0.863289410703804,1.1826875144105402,37,204
SELF-CHANGELOG/## 2026-08-09 — v0.30 — Advisor pass: ideate-solo's paramete/p7,self,,2,0,1,0,0,0,0,0,1,0,-0.6905912296933844,-0.18114476719154948,0.7001930639400097,1.364942433259221,67,5
SELF-CHANGELOG/## 2026-08-09 — v0.30 — Advisor pass: ideate-solo's paramete/p8,self,,0,0,0,0,0,0,0,0,0,0,-0.5017214028247111,-0.054836368536607234,0.863289410703804,1.1826875144105402,37,204
SELF-CHANGELOG/## 2026-08-09 — v0.30 — Advisor pass: ideate-solo's paramete/p9,self,,2,0,0,0,0,0,0,1,1,0,-0.7018896232496429,-0.08238197527065505,0.7075055949778628,1.3746634342830182,119,13
SELF-CHANGELOG/## 2026-08-09 — v0.30 — Advisor pass: ideate-solo's paramete/p10,self,,1,0,0,0,0,0,1,0,0,0,-0.6110039576293869,0.007889096265978552,0.7915882300295607,1.2902259155583748,16,6
SELF-CHANGELOG/## 2026-08-09 — v0.30 — Advisor pass: ideate-solo's paramete/p11,self,,2,0,0,0,0,0,1,1,0,0,-0.70459894840369,0.15915149121028607,0.6915281084337472,1.4038809400913945,12,6
SELF-CHANGELOG/## 2026-08-09 — v0.30 — Advisor pass: ideate-solo's paramete/p12,self,,0,0,0,0,0,0,0,0,0,0,-0.5017214028247111,-0.054836368536607234,0.863289410703804,1.1826875144105402,37,204
SELF-CHANGELOG/## 2026-08-09 — v0.30 — Advisor pass: ideate-solo's paramete/p13,self,,0,0,0,0,0,0,0,0,0,0,-0.5017214028247111,-0.054836368536607234,0.863289410703804,1.1826875144105402,37,204
SELF-CHANGELOG/## 2026-08-09 — v0.30 — Advisor pass: ideate-solo's paramete/p14,self,,1,0,0,0,0,0,0,1,0,0,-0.5960860636841963,0.015180040208573144,0.8027770369540639,1.2766694943962358,66,142
SELF-CHANGELOG/## 2026-08-09 — v0.30 — Advisor pass: ideate-solo's paramete/p15,self,,0,0,0,0,0,0,0,0,0,0,-0.5017214028247111,-0.054836368536607234,0.863289410703804,1.1826875144105402,37,204
SELF-CHANGELOG/## 2026-08-09 — v0.30 — Advisor pass: ideate-solo's paramete/p16,self,,2,0,0,0,0,0,0,1,0,1,-0.7252343251154728,-0.0626867829032916,0.6856424293489576,1.399107108932994,149,6
SELF-CHANGELOG/## 2026-08-09 — v0.31 — Empirical audit: Candidates 13 + 09 /p1,self,,1,0,0,0,0,0,0,1,0,0,-0.5960860636841963,0.015180040208573144,0.8027770369540639,1.2766694943962358,66,142
SELF-CHANGELOG/## 2026-08-09 — v0.31 — Empirical audit: Candidates 13 + 09 /p2,self,,1,0,0,0,0,0,0,1,0,0,-0.5960860636841963,0.015180040208573144,0.8027770369540639,1.2766694943962358,66,142
SELF-CHANGELOG/## 2026-08-09 — v0.31 — Empirical audit: Candidates 13 + 09 /p3,self,,1,0,0,0,0,0,0,1,0,0,-0.5960860636841963,0.015180040208573144,0.8027770369540639,1.2766694943962358,66,142
SELF-CHANGELOG/## 2026-08-09 — v0.31 — Empirical audit: Candidates 13 + 09 /p4,self,,1,0,0,0,0,0,0,1,0,0,-0.5960860636841963,0.015180040208573144,0.8027770369540639,1.2766694943962358,66,142
SELF-CHANGELOG/## 2026-08-09 — v0.31 — Empirical audit: Candidates 13 + 09 /p5,self,,1,0,0,0,0,0,0,1,0,0,-0.5960860636841963,0.015180040208573144,0.8027770369540639,1.2766694943962358,66,142
SELF-CHANGELOG/## 2026-08-09 — v0.31 — Empirical audit: Candidates 13 + 09 /p6,self,,1,0,0,0,0,0,0,1,0,0,-0.5960860636841963,0.015180040208573144,0.8027770369540639,1.2766694943962358,66,142
SELF-CHANGELOG/## 2026-08-09 — v0.31 — Empirical audit: Candidates 13 + 09 /p7,self,,1,0,0,0,0,0,0,1,0,0,-0.5960860636841963,0.015180040208573144,0.8027770369540639,1.2766694943962358,66,142
SELF-CHANGELOG/## 2026-08-09 — v0.31 — Empirical audit: Candidates 13 + 09 /p8,self,,1,0,0,0,0,0,0,1,0,0,-0.5960860636841963,0.015180040208573144,0.8027770369540639,1.2766694943962358,66,142
SELF-CHANGELOG/## 2026-08-09 — v0.31 — Empirical audit: Candidates 13 + 09 /p9,self,,1,0,0,0,0,0,0,1,0,0,-0.5960860636841963,0.015180040208573144,0.8027770369540639,1.2766694943962358,66,142
SELF-CHANGELOG/## 2026-08-09 — v0.31 — Empirical audit: Candidates 13 + 09 /p10,self,,1,0,0,0,0,0,0,1,0,0,-0.5960860636841963,0.015180040208573144,0.8027770369540639,1.2766694943962358,66,142
SELF-CHANGELOG/## 2026-08-09 — v0.31 — Empirical audit: Candidates 13 + 09 /p11,self,,1,0,0,0,0,0,0,1,0,0,-0.5960860636841963,0.015180040208573144,0.8027770369540639,1.2766694943962358,66,142
SELF-CHANGELOG/## 2026-08-09 — v0.31 — Empirical audit: Candidates 13 + 09 /p12,self,,1,0,0,0,0,0,0,1,0,0,-0.5960860636841963,0.015180040208573144,0.8027770369540639,1.2766694943962358,66,142
SELF-CHANGELOG/## 2026-08-09 — v0.31 — Empirical audit: Candidates 13 + 09 /p13,self,,1,0,0,0,0,0,0,1,0,0,-0.5960860636841963,0.015180040208573144,0.8027770369540639,1.2766694943962358,66,142
SELF-CHANGELOG/## 2026-08-09 — v0.31 — Empirical audit: Candidates 13 + 09 /p14,self,,1,0,0,0,0,0,0,1,0,0,-0.5960860636841963,0.015180040208573144,0.8027770369540639,1.2766694943962358,66,142
SELF-CHANGELOG/## 2026-08-09 — v0.31 — Empirical audit: Candidates 13 + 09 /p15,self,,1,0,0,0,0,0,0,1,0,0,-0.5960860636841963,0.015180040208573144,0.8027770369540639,1.2766694943962358,66,142
SELF-CHANGELOG/## 2026-08-09 — v0.31 — Empirical audit: Candidates 13 + 09 /p16,self,,1,0,0,0,0,0,0,1,0,0,-0.5960860636841963,0.015180040208573144,0.8027770369540639,1.2766694943962358,66,142
SELF-CHANGELOG/## 2026-08-09 — v0.31 — Empirical audit: Candidates 13 + 09 /p17,self,,1,0,0,0,0,0,0,1,0,0,-0.5960860636841963,0.015180040208573144,0.8027770369540639,1.2766694943962358,66,142
SELF-CHANGELOG/## 2026-08-09 — v0.31 — Empirical audit: Candidates 13 + 09 /p18,self,,2,0,0,0,0,0,0,1,1,0,-0.7018896232496429,-0.08238197527065505,0.7075055949778628,1.3746634342830182,119,13
SELF-CHANGELOG/## 2026-08-09 — v0.32 — Ladder edit applied: 5/10 Set C rows/p1,self,,0,0,0,0,0,0,0,0,0,0,-0.5017214028247111,-0.054836368536607234,0.863289410703804,1.1826875144105402,37,204
SELF-CHANGELOG/## 2026-08-09 — v0.32 — Ladder edit applied: 5/10 Set C rows/p2,self,,0,0,0,0,0,0,0,0,0,0,-0.5017214028247111,-0.054836368536607234,0.863289410703804,1.1826875144105402,37,204
SELF-CHANGELOG/## 2026-08-09 — v0.32 — Ladder edit applied: 5/10 Set C rows/p3,self,,0,0,0,0,0,0,0,0,0,0,-0.5017214028247111,-0.054836368536607234,0.863289410703804,1.1826875144105402,37,204
SELF-CHANGELOG/## 2026-08-09 — v0.32 — Ladder edit applied: 5/10 Set C rows/p4,self,,0,0,0,0,0,0,0,0,0,0,-0.5017214028247111,-0.054836368536607234,0.863289410703804,1.1826875144105402,37,204
SELF-CHANGELOG/## 2026-08-09 — v0.32 — Ladder edit applied: 5/10 Set C rows/p5,self,,0,0,0,0,0,0,0,0,0,0,-0.5017214028247111,-0.054836368536607234,0.863289410703804,1.1826875144105402,37,204
SELF-CHANGELOG/## 2026-08-09 — v0.32 — Ladder edit applied: 5/10 Set C rows/p6,self,,0,0,0,0,0,0,0,0,0,0,-0.5017214028247111,-0.054836368536607234,0.863289410703804,1.1826875144105402,37,204
SELF-CHANGELOG/## 2026-08-09 — v0.32 — Ladder edit applied: 5/10 Set C rows/p7,self,,0,0,0,0,0,0,0,0,0,0,-0.5017214028247111,-0.054836368536607234,0.863289410703804,1.1826875144105402,37,204
SELF-CHANGELOG/## 2026-08-09 — v0.32 — Ladder edit applied: 5/10 Set C rows/p8,self,,0,0,0,0,0,0,0,0,0,0,-0.5017214028247111,-0.054836368536607234,0.863289410703804,1.1826875144105402,37,204
SELF-CHANGELOG/## 2026-08-09 — v0.32 — Ladder edit applied: 5/10 Set C rows/p9,self,,1,0,0,0,0,0,0,1,0,0,-0.5960860636841963,0.015180040208573144,0.8027770369540639,1.2766694943962358,66,142
SELF-CHANGELOG/## 2026-08-09 — v0.33 — Precision fix applied: Set C fully e/p1,self,,0,0,0,0,0,0,0,0,0,0,-0.5017214028247111,-0.054836368536607234,0.863289410703804,1.1826875144105402,37,204
SELF-CHANGELOG/## 2026-08-09 — v0.33 — Precision fix applied: Set C fully e/p2,self,,0,0,0,0,0,0,0,0,0,0,-0.5017214028247111,-0.054836368536607234,0.863289410703804,1.1826875144105402,37,204
SELF-CHANGELOG/## 2026-08-09 — v0.33 — Precision fix applied: Set C fully e/p3,self,,0,0,0,0,0,0,0,0,0,0,-0.5017214028247111,-0.054836368536607234,0.863289410703804,1.1826875144105402,37,204
SELF-CHANGELOG/## 2026-08-09 — v0.33 — Precision fix applied: Set C fully e/p4,self,,0,0,0,0,0,0,0,0,0,0,-0.5017214028247111,-0.054836368536607234,0.863289410703804,1.1826875144105402,37,204
SELF-CHANGELOG/## 2026-08-09 — v0.33 — Precision fix applied: Set C fully e/p5,self,,0,0,0,0,0,0,0,0,0,0,-0.5017214028247111,-0.054836368536607234,0.863289410703804,1.1826875144105402,37,204
SELF-CHANGELOG/## 2026-08-09 — v0.33 — Precision fix applied: Set C fully e/p6,self,,0,0,0,0,0,0,0,0,0,0,-0.5017214028247111,-0.054836368536607234,0.863289410703804,1.1826875144105402,37,204
SELF-CHANGELOG/## 2026-08-09 — v0.33 — Precision fix applied: Set C fully e/p7,self,,0,0,0,0,0,0,0,0,0,0,-0.5017214028247111,-0.054836368536607234,0.863289410703804,1.1826875144105402,37,204
SELF-CHANGELOG/## 2026-08-09 — v0.33 — Precision fix applied: Set C fully e/p8,self,,0,0,0,0,0,0,0,0,0,0,-0.5017214028247111,-0.054836368536607234,0.863289410703804,1.1826875144105402,37,204
SELF-CHANGELOG/## 2026-08-09 — v0.33 — Precision fix applied: Set C fully e/p9,self,,0,0,0,0,0,0,0,0,0,0,-0.5017214028247111,-0.054836368536607234,0.863289410703804,1.1826875144105402,37,204
SELF-CHANGELOG/## 2026-08-09 — v0.33 — Precision fix applied: Set C fully e/p10,self,,0,0,0,0,0,0,0,0,0,0,-0.5017214028247111,-0.054836368536607234,0.863289410703804,1.1826875144105402,37,204
SELF-CHANGELOG/## 2026-08-09 — v0.33 — Precision fix applied: Set C fully e/p11,self,,0,0,0,0,0,0,0,0,0,0,-0.5017214028247111,-0.054836368536607234,0.863289410703804,1.1826875144105402,37,204
SELF-CHANGELOG/## 2026-08-09 — v0.33 — Precision fix applied: Set C fully e/p12,self,,0,0,0,0,0,0,0,0,0,0,-0.5017214028247111,-0.054836368536607234,0.863289410703804,1.1826875144105402,37,204
SELF-CHANGELOG/## 2026-08-09 — v0.33 — Precision fix applied: Set C fully e/p13,self,,0,0,0,0,0,0,0,0,0,0,-0.5017214028247111,-0.054836368536607234,0.863289410703804,1.1826875144105402,37,204
SELF-CHANGELOG/## 2026-08-09 — v0.33 — Precision fix applied: Set C fully e/p14,self,,0,0,0,0,0,0,0,0,0,0,-0.5017214028247111,-0.054836368536607234,0.863289410703804,1.1826875144105402,37,204
SELF-CHANGELOG/## 2026-08-09 — v0.33 — Precision fix applied: Set C fully e/p15,self,,0,0,0,0,0,0,0,0,0,0,-0.5017214028247111,-0.054836368536607234,0.863289410703804,1.1826875144105402,37,204
SELF-CHANGELOG/## 2026-08-09 — v0.33 — Precision fix applied: Set C fully e/p16,self,,0,0,0,0,0,0,0,0,0,0,-0.5017214028247111,-0.054836368536607234,0.863289410703804,1.1826875144105402,37,204
SELF-CHANGELOG/## 2026-08-09 — v0.33 — Precision fix applied: Set C fully e/p17,self,,1,0,0,0,0,0,0,1,0,0,-0.5960860636841963,0.015180040208573144,0.8027770369540639,1.2766694943962358,66,142
SELF-CHANGELOG/## Dream-run slot/p1,self,,2,0,0,0,0,1,0,1,0,0,-0.5383545213092887,-0.3129243032280273,0.7824658394045713,1.2281809819055516,136,52
SELF-CHANGELOG/## Dream-run slot/p2,self,,3,0,0,1,0,0,0,1,1,0,-0.8049735314025745,-0.29045828302378207,0.5173505577112536,1.5033130652184261,158,2
SELF-CHANGELOG/## Dream-run slot/p3,self,,4,1,0,1,0,0,0,1,1,0,-0.8938260779036965,0.44197770118705193,0.07570108395990226,1.786065070169808,128,4
SELF-CHANGELOG/## Dream-run slot/p4,self,,4,1,0,1,0,0,0,1,1,0,-0.8938260779036965,0.44197770118705193,0.07570108395990226,1.786065070169808,128,4
SELF-CHANGELOG/## Dream-run slot/p5,self,,1,1,0,0,0,0,0,0,0,0,-0.5778391144511575,0.1321159439704858,0.8053864508166807,1.275833780371187,140,94
SELF-CHANGELOG/## Dream-run slot/p6,self,,1,0,0,0,0,0,0,1,0,0,-0.5960860636841963,0.015180040208573144,0.8027770369540639,1.2766694943962358,66,142
SELF-CHANGELOG/## Dream-run slot/p7,self,,2,1,0,0,0,0,1,0,0,0,-0.617423124251111,0.30936667834583287,0.7232433504493928,1.3568116356177415,159,1
COMPANY/## Current Priorities/p1,self,,6,1,1,1,0,1,0,1,1,0,0.34453798880275105,-0.9367029092767698,-0.06229955075432474,1.1907718767185405,124,4
COMPANY/## Current Priorities/p2,self,,7,1,1,1,1,1,0,1,1,0,0.8610295337485092,-0.4747950066867543,0.18220275420023052,0.6850113220803558,121,3
COMPANY/## Current Priorities/p3,self,,1,0,0,0,0,0,0,1,0,0,-0.5960860636841963,0.015180040208573144,0.8027770369540639,1.2766694943962358,66,142
COMPANY/## Tooling/p1,self,,7,1,1,1,1,0,0,1,1,1,0.8350237949570541,0.45048507443561275,0.31590894189031754,0.7183122126338248,98,8
COMPANY/## Tooling/p2,self,,2,0,0,1,0,0,0,1,0,0,-0.7264949823185184,-0.07712874556953521,0.6828295521379296,1.4000265952123683,148,11
COMPANY/## Business Processes/p1,self,,3,0,0,0,1,0,0,0,1,1,-0.7800606371927209,-0.357559215091911,0.5134752282295056,1.488987045491333,122,2
RECENT_ACTIVITY/## 2026-08-06/p1,self,,5,1,1,1,0,0,0,1,1,0,-0.3076418402614871,0.8732172545859979,-0.3779525425418097,1.7783625787143758,123,4
RECENT_ACTIVITY/## 2026-08-06/p2,self,,1,0,0,0,0,0,0,1,0,0,-0.5960860636841963,0.015180040208573144,0.8027770369540639,1.2766694943962358,66,142
RECENT_ACTIVITY/## 2026-08-05/p1,self,,8,1,1,1,1,1,1,1,1,0,0.8472372838308261,-0.066985970128512,0.5269742542979745,0.2731548457248265,45,17
RECENT_ACTIVITY/## 2026-08-05/p2,self,,1,0,0,0,0,0,0,1,0,0,-0.5960860636841963,0.015180040208573144,0.8027770369540639,1.2766694943962358,66,142
RECENT_ACTIVITY/## 2026-08-04/p1,self,,1,0,0,0,0,0,0,1,0,0,-0.5960860636841963,0.015180040208573144,0.8027770369540639,1.2766694943962358,66,142
RECENT_ACTIVITY/## 2026-08-04/p2,self,,1,1,0,0,0,0,0,0,0,0,-0.5778391144511575,0.1321159439704858,0.8053864508166807,1.275833780371187,140,94
RECENT_ACTIVITY/## 2026-08-04/p3,self,,0,0,0,0,0,0,0,0,0,0,-0.5017214028247111,-0.054836368536607234,0.863289410703804,1.1826875144105402,37,204
RECENT_ACTIVITY/## 2026-08-02/p1,self,,6,1,1,1,0,1,0,1,1,0,0.34453798880275105,-0.9367029092767698,-0.06229955075432474,1.1907718767185405,124,4
RECENT_ACTIVITY/## 2026-08-02/p2,self,,1,0,0,0,0,0,0,1,0,0,-0.5960860636841963,0.015180040208573144,0.8027770369540639,1.2766694943962358,66,142
RECENT_ACTIVITY/## 2026-08-01/p1,self,,1,0,0,0,0,0,0,0,1,0,-0.5610398352955238,-0.13987861894517217,0.8158849644242518,1.2364527230397757,53,33
RECENT_ACTIVITY/## 2026-08-01/p2,self,,1,1,0,0,0,0,0,0,0,0,-0.5778391144511575,0.1321159439704858,0.8053864508166807,1.275833780371187,140,94
RECENT_ACTIVITY/## 2026-08-01/p3,self,,2,1,1,0,0,0,0,0,0,0,-0.6694338349944625,0.2509991154376332,0.6991836558545491,1.3903207746615507,160,6
RECENT_ACTIVITY/## 2026-08-01/p4,self,,1,1,0,0,0,0,0,0,0,0,-0.5778391144511575,0.1321159439704858,0.8053864508166807,1.275833780371187,140,94
RECENT_ACTIVITY/## 2026-08-01/p5,self,,1,0,0,0,0,0,0,1,0,0,-0.5960860636841963,0.015180040208573144,0.8027770369540639,1.2766694943962358,66,142
RECENT_ACTIVITY/## 2026-08-01/p6,self,,1,1,0,0,0,0,0,0,0,0,-0.5778391144511575,0.1321159439704858,0.8053864508166807,1.275833780371187,140,94
RECENT_ACTIVITY/## 2026-08-01/p7,self,,1,1,0,0,0,0,0,0,0,0,-0.5778391144511575,0.1321159439704858,0.8053864508166807,1.275833780371187,140,94
RECENT_ACTIVITY/## 2026-08-01/p8,self,,2,0,0,0,0,1,0,1,0,0,-0.5383545213092887,-0.3129243032280273,0.7824658394045713,1.2281809819055516,136,52
RECENT_ACTIVITY/## 2026-08-01/p9,self,,1,0,0,0,0,0,0,1,0,0,-0.5960860636841963,0.015180040208573144,0.8027770369540639,1.2766694943962358,66,142
RECENT_ACTIVITY/## 2026-08-01/p10,self,,1,1,0,0,0,0,0,0,0,0,-0.5778391144511575,0.1321159439704858,0.8053864508166807,1.275833780371187,140,94
RECENT_ACTIVITY/## 2026-08-01/p11,self,,1,0,0,0,0,0,0,1,0,0,-0.5960860636841963,0.015180040208573144,0.8027770369540639,1.2766694943962358,66,142
RECENT_ACTIVITY/## 2026-07-31/p1,self,,2,0,1,0,0,0,0,0,1,0,-0.6905912296933844,-0.18114476719154948,0.7001930639400097,1.364942433259221,67,5
RECENT_ACTIVITY/## 2026-07-31/p2,self,,2,1,1,0,0,0,0,0,0,0,-0.6694338349944625,0.2509991154376332,0.6991836558545491,1.3903207746615507,160,6
RECENT_ACTIVITY/## 2026-07-31/p3,self,,3,1,1,1,0,0,0,0,0,0,-0.8546444675494221,0.2942651817659516,0.4277742826391228,1.6090175863782514,161,1
RECENT_ACTIVITY/## 2026-07-31/p4,self,,3,1,0,0,1,0,0,1,0,0,-0.5625216293169523,0.5148744541610261,0.6468954420947691,1.387423558210774,65,10
RECENT_ACTIVITY/## 2026-07-31/p5,self,,1,0,0,0,0,0,0,0,1,0,-0.5610398352955238,-0.13987861894517217,0.8158849644242518,1.2364527230397757,53,33
RECENT_ACTIVITY/## 2026-07-31/p6,self,,1,0,1,0,0,0,0,0,0,0,-0.6081736362463723,-0.051041564889270606,0.7921613388878048,1.2832871074712857,52,8
RECENT_ACTIVITY/## 2026-07-31/p7,self,,2,1,0,0,0,0,0,0,1,0,-0.7101469187495174,0.09692075921395618,0.6973505002679475,1.3985228770591065,141,9
RECENT_ACTIVITY/## 2026-07-31/p8,self,,0,0,0,0,0,0,0,0,0,0,-0.5017214028247111,-0.054836368536607234,0.863289410703804,1.1826875144105402,37,204
RECENT_ACTIVITY/## 2026-07-31/p9,self,,1,0,0,0,0,0,0,1,0,0,-0.5960860636841963,0.015180040208573144,0.8027770369540639,1.2766694943962358,66,142
RECENT_ACTIVITY/## 2026-07-31/p10,self,,1,0,0,0,0,0,0,1,0,0,-0.5960860636841963,0.015180040208573144,0.8027770369540639,1.2766694943962358,66,142
RECENT_ACTIVITY/## 2026-07-31/p11,self,,2,1,1,0,0,0,0,0,0,0,-0.6694338349944625,0.2509991154376332,0.6991836558545491,1.3903207746615507,160,6
RECENT_ACTIVITY/## 2026-07-31/p12,self,,1,0,0,0,0,0,0,1,0,0,-0.5960860636841963,0.015180040208573144,0.8027770369540639,1.2766694943962358,66,142
RECENT_ACTIVITY/## 2026-07-31/p13,self,,1,0,0,1,0,0,0,0,0,0,-0.5787841358302942,-0.14208247691681536,0.8030077794544472,1.2534053534761285,145,4
RECENT_ACTIVITY/## 2026-07-31/p14,self,,1,0,0,0,0,0,0,1,0,0,-0.5960860636841963,0.015180040208573144,0.8027770369540639,1.2766694943962358,66,142
RECENT_ACTIVITY/## 2026-07-31/p15,self,,2,0,0,0,0,1,0,1,0,0,-0.5383545213092887,-0.3129243032280273,0.7824658394045713,1.2281809819055516,136,52
RECENT_ACTIVITY/## 2026-07-31/p16,self,,0,0,0,0,0,0,0,0,0,0,-0.5017214028247111,-0.054836368536607234,0.863289410703804,1.1826875144105402,37,204
RECENT_ACTIVITY/## 2026-07-31/p17,self,,0,0,0,0,0,0,0,0,0,0,-0.5017214028247111,-0.054836368536607234,0.863289410703804,1.1826875144105402,37,204
RECENT_ACTIVITY/## 2026-07-31/p18,self,,1,1,0,0,0,0,0,0,0,0,-0.5778391144511575,0.1321159439704858,0.8053864508166807,1.275833780371187,140,94
RECENT_ACTIVITY/## 2026-07-31/p19,self,,2,1,0,0,0,0,0,1,0,0,-0.6008005183007077,0.29940181353817663,0.741213391176692,1.3379289933199003,49,54
RECENT_ACTIVITY/## 2026-07-31/p20,self,,0,0,0,0,0,0,0,0,0,0,-0.5017214028247111,-0.054836368536607234,0.863289410703804,1.1826875144105402,37,204
RECENT_ACTIVITY/## 2026-07-31/p21,self,,2,0,0,1,0,0,0,1,0,0,-0.7264949823185184,-0.07712874556953521,0.6828295521379296,1.4000265952123683,148,11
RECENT_ACTIVITY/## 2026-07-31/p22,self,,1,0,0,0,0,0,0,1,0,0,-0.5960860636841963,0.015180040208573144,0.8027770369540639,1.2766694943962358,66,142
RECENT_ACTIVITY/## 2026-07-30/p1,self,,3,0,0,1,0,1,0,1,0,0,-0.4888559729336377,-0.49325793997912076,0.7195251506199493,1.2221152076829944,132,2
RECENT_ACTIVITY/## 2026-07-30/p2,self,,0,0,0,0,0,0,0,0,0,0,-0.5017214028247111,-0.054836368536607234,0.863289410703804,1.1826875144105402,37,204
RECENT_ACTIVITY/## 2026-07-30/p3,self,,0,0,0,0,0,0,0,0,0,0,-0.5017214028247111,-0.054836368536607234,0.863289410703804,1.1826875144105402,37,204
RECENT_ACTIVITY/## 2026-07-30/p4,self,,0,0,0,0,0,0,0,0,0,0,-0.5017214028247111,-0.054836368536607234,0.863289410703804,1.1826875144105402,37,204
RECENT_ACTIVITY/## 2026-07-30/p5,self,,0,0,0,0,0,0,0,0,0,0,-0.5017214028247111,-0.054836368536607234,0.863289410703804,1.1826875144105402,37,204
RECENT_ACTIVITY/## 2026-07-30/p6,self,,1,0,0,0,0,0,0,0,1,0,-0.5610398352955238,-0.13987861894517217,0.8158849644242518,1.2364527230397757,53,33
RECENT_ACTIVITY/## 2026-07-30/p7,self,,0,0,0,0,0,0,0,0,0,0,-0.5017214028247111,-0.054836368536607234,0.863289410703804,1.1826875144105402,37,204
RECENT_ACTIVITY/## 2026-07-30/p8,self,,1,0,0,0,0,0,0,0,1,0,-0.5610398352955238,-0.13987861894517217,0.8158849644242518,1.2364527230397757,53,33
RECENT_ACTIVITY/## 2026-07-30/p9,self,,1,0,0,0,0,0,0,1,0,0,-0.5960860636841963,0.015180040208573144,0.8027770369540639,1.2766694943962358,66,142
RECENT_ACTIVITY/## 2026-07-30/p10,self,,3,0,0,0,1,1,0,1,0,0,-0.6536730776738033,-0.4257253227592268,0.6256752009517478,1.366622939072886,135,7
RECENT_ACTIVITY/## 2026-07-30/p11,self,,1,0,0,0,0,0,0,1,0,0,-0.5960860636841963,0.015180040208573144,0.8027770369540639,1.2766694943962358,66,142
RECENT_ACTIVITY/## 2026-07-30/p12,self,,2,1,0,0,0,0,0,1,0,0,-0.6008005183007077,0.29940181353817663,0.741213391176692,1.3379289933199003,49,54
RECENT_ACTIVITY/## 2026-07-30/p13,self,,1,0,0,0,0,0,0,1,0,0,-0.5960860636841963,0.015180040208573144,0.8027770369540639,1.2766694943962358,66,142
RECENT_ACTIVITY/## 2026-07-30/p14,self,,0,0,0,0,0,0,0,0,0,0,-0.5017214028247111,-0.054836368536607234,0.863289410703804,1.1826875144105402,37,204
RECENT_ACTIVITY/## 2026-07-30/p15,self,,1,0,0,0,0,0,0,1,0,0,-0.5960860636841963,0.015180040208573144,0.8027770369540639,1.2766694943962358,66,142
RECENT_ACTIVITY/## 2026-07-30/p16,self,,1,0,0,0,0,0,0,1,0,0,-0.5960860636841963,0.015180040208573144,0.8027770369540639,1.2766694943962358,66,142
RECENT_ACTIVITY/## 2026-07-30/p17,self,,0,0,0,0,0,0,0,0,0,0,-0.5017214028247111,-0.054836368536607234,0.863289410703804,1.1826875144105402,37,204
RECENT_ACTIVITY/## 2026-07-30/p18,self,,0,0,0,0,0,0,0,0,0,0,-0.5017214028247111,-0.054836368536607234,0.863289410703804,1.1826875144105402,37,204
RECENT_ACTIVITY/## 2026-07-30/p19,self,,0,0,0,0,0,0,0,0,0,0,-0.5017214028247111,-0.054836368536607234,0.863289410703804,1.1826875144105402,37,204
RECENT_ACTIVITY/## 2026-07-30/p20,self,,5,1,1,1,0,0,0,1,1,0,-0.3076418402614871,0.8732172545859979,-0.3779525425418097,1.7783625787143758,123,4
RECENT_ACTIVITY/## 2026-07-30/p21,self,,5,1,1,0,1,0,0,1,1,0,-0.1725312680725018,0.9556883265556441,0.23852208288241825,1.4481511117996642,162,1
RECENT_ACTIVITY/## 2026-07-30/p22,self,,3,1,1,0,0,0,0,1,0,0,-0.6054445241124331,0.5036210801997973,0.6162813771327661,1.423002596535014,86,6
RECENT_ACTIVITY/## 2026-07-30/p23,self,,2,1,1,0,0,0,0,0,0,0,-0.6694338349944625,0.2509991154376332,0.6991836558545491,1.3903207746615507,160,6
RECENT_ACTIVITY/## 2026-07-30/p24,self,,2,0,0,0,0,0,0,1,1,0,-0.7018896232496429,-0.08238197527065505,0.7075055949778628,1.3746634342830182,119,13
RECENT_ACTIVITY/## 2026-07-30/p25,self,,3,1,0,0,0,0,0,1,1,0,-0.7511334269475812,0.35296648224518606,0.557864891648006,1.507491620600749,51,21
RECENT_ACTIVITY/## 2026-07-30/p26,self,,2,0,0,0,0,1,0,0,1,0,-0.4023636005195697,-0.36623862579534167,0.8390308706790638,1.1094367674918597,137,21
RECENT_ACTIVITY/## 2026-07-30/p27,self,,2,0,0,0,0,0,0,1,1,0,-0.7018896232496429,-0.08238197527065505,0.7075055949778628,1.3746634342830182,119,13
RECENT_ACTIVITY/## 2026-07-30/p28,self,,1,1,0,0,0,0,0,0,0,0,-0.5778391144511575,0.1321159439704858,0.8053864508166807,1.275833780371187,140,94
RECENT_ACTIVITY/## 2026-07-30/p29,self,,1,1,0,0,0,0,0,0,0,0,-0.5778391144511575,0.1321159439704858,0.8053864508166807,1.275833780371187,140,94
RECENT_ACTIVITY/## 2026-07-30/p30,self,,3,0,1,0,0,0,0,1,1,0,-0.8812879819930367,-0.06712413574021718,0.46778824610690023,1.5764411487360288,60,6
RECENT_ACTIVITY/## 2026-07-30/p31,self,,0,0,0,0,0,0,0,0,0,0,-0.5017214028247111,-0.054836368536607234,0.863289410703804,1.1826875144105402,37,204
RECENT_ACTIVITY/## 2026-07-30/p32,self,,1,1,0,0,0,0,0,0,0,0,-0.5778391144511575,0.1321159439704858,0.8053864508166807,1.275833780371187,140,94
RECENT_ACTIVITY/## 2026-07-30/p33,self,,2,1,0,0,0,0,0,1,0,0,-0.6008005183007077,0.29940181353817663,0.741213391176692,1.3379289933199003,49,54
RECENT_ACTIVITY/## 2026-07-30/p34,self,,1,1,0,0,0,0,0,0,0,0,-0.5778391144511575,0.1321159439704858,0.8053864508166807,1.275833780371187,140,94
RECENT_ACTIVITY/## 2026-07-30/p35,self,,1,1,0,0,0,0,0,0,0,0,-0.5778391144511575,0.1321159439704858,0.8053864508166807,1.275833780371187,140,94
RECENT_ACTIVITY/## 2026-07-30/p36,self,,1,1,0,0,0,0,0,0,0,0,-0.5778391144511575,0.1321159439704858,0.8053864508166807,1.275833780371187,140,94
RECENT_ACTIVITY/## 2026-07-30/p37,self,,3,1,0,0,1,1,0,0,0,0,-0.8153221368492458,-0.2578447271779712,0.5184263784088318,1.5098349017470474,163,1
RECENT_ACTIVITY/## 2026-07-30/p38,self,,4,1,1,0,0,0,0,1,1,0,-0.6768850970441908,0.6759967795058832,0.29129867747236826,1.6233541999313932,74,7
RECENT_ACTIVITY/## 2026-07-30/p39,self,,4,0,1,0,0,1,0,1,1,0,-0.4502389737109851,-0.6668846998959159,0.5937589271719736,1.2596775813379208,147,2
RECENT_ACTIVITY/## 2026-07-30/p40,self,,5,1,1,0,0,1,0,1,1,0,-0.5501415854145831,-0.7581873745187108,-0.34999448726794696,1.7555361285341513,118,3
RECENT_ACTIVITY/## 2026-07-30/p41,self,,4,1,0,0,1,0,0,1,1,0,-0.6159943862391462,0.6979929927361184,0.3651803639479193,1.5653151948542585,164,3
RECENT_ACTIVITY/## 2026-07-30/p42,self,,5,1,1,0,0,0,0,1,1,1,-0.31619428068345923,0.8934992532755571,-0.31887342513776773,1.7584514516773038,165,1
RECENT_ACTIVITY/## 2026-07-30/p43,self,,2,0,0,0,1,0,0,0,1,0,-0.7040638745188903,-0.13923540189213834,0.6963530451268113,1.3770251792703974,64,3
RECENT_ACTIVITY/## 2026-07-30/p44,self,,1,0,0,0,0,0,0,1,0,0,-0.5960860636841963,0.015180040208573144,0.8027770369540639,1.2766694943962358,66,142
RECENT_ACTIVITY/## WeHo Auto (#weho-auto space)/p1,self,,1,0,0,0,0,0,0,0,1,0,-0.5610398352955238,-0.13987861894517217,0.8158849644242518,1.2364527230397757,53,33
RECENT_ACTIVITY/## WeHo Auto (#weho-auto space)/p2,self,,0,0,0,0,0,0,0,0,0,0,-0.5017214028247111,-0.054836368536607234,0.863289410703804,1.1826875144105402,37,204
RECENT_ACTIVITY/## WeHo Auto (#weho-auto space)/p3,self,,0,0,0,0,0,0,0,0,0,0,-0.5017214028247111,-0.054836368536607234,0.863289410703804,1.1826875144105402,37,204
RECENT_ACTIVITY/## WeHo Auto (#weho-auto space)/p4,self,,5,0,0,1,1,0,0,1,1,1,-0.3238173949362065,-0.834365910041134,-0.4460670609874251,1.7032765656978233,166,1
RECENT_ACTIVITY/## WeHo Auto (#weho-auto space)/p5,self,,5,1,0,0,1,0,0,1,1,1,-0.2926548093111742,0.9447369643505623,-0.1477336480857517,1.6797356513300763,167,1
RECENT_ACTIVITY/## WeHo Auto (#weho-auto space)/p6,self,,1,0,0,0,0,0,0,1,0,0,-0.5960860636841963,0.015180040208573144,0.8027770369540639,1.2766694943962358,66,142
RECENT_ACTIVITY/## WeHo Auto (#weho-auto space)/p7,self,,4,1,0,0,1,0,0,1,1,0,-0.6159943862391462,0.6979929927361184,0.3651803639479193,1.5653151948542585,164,3
RECENT_ACTIVITY/## WeHo Auto (#weho-auto space)/p8,self,,1,0,0,0,0,0,0,0,1,0,-0.5610398352955238,-0.13987861894517217,0.8158849644242518,1.2364527230397757,53,33
RECENT_ACTIVITY/## WeHo Auto (#weho-auto space)/p9,self,,1,0,0,0,0,0,0,0,1,0,-0.5610398352955238,-0.13987861894517217,0.8158849644242518,1.2364527230397757,53,33
RECENT_ACTIVITY/## WeHo Auto (#weho-auto space)/p10,self,,1,0,0,0,0,0,0,1,0,0,-0.5960860636841963,0.015180040208573144,0.8027770369540639,1.2766694943962358,66,142
RECENT_ACTIVITY/## WeHo Auto (#weho-auto space)/p11,self,,3,1,0,0,0,0,0,1,1,0,-0.7511334269475812,0.35296648224518606,0.557864891648006,1.507491620600749,51,21
RECENT_ACTIVITY/## WeHo Auto (#weho-auto space)/p12,self,,2,0,0,0,0,1,0,1,0,0,-0.5383545213092887,-0.3129243032280273,0.7824658394045713,1.2281809819055516,136,52
RECENT_ACTIVITY/## WeHo Auto (#weho-auto space)/p13,self,,5,1,0,0,1,1,0,1,1,0,-0.6254928223765831,-0.615444166242272,-0.4795698149318103,1.8452278558184145,101,3
RECENT_ACTIVITY/## WeHo Auto (#weho-auto space)/p14,self,,4,1,0,0,1,1,0,1,0,0,-0.9974448650064316,-0.05470489404779062,0.04594688062884926,1.8059697770618612,13,3
RECENT_ACTIVITY/## WeHo Auto (#weho-auto space)/p15,self,,2,1,1,0,0,0,0,0,0,0,-0.6694338349944625,0.2509991154376332,0.6991836558545491,1.3903207746615507,160,6
RECENT_ACTIVITY/## WeHo Auto (#weho-auto space)/p16,self,,1,1,0,0,0,0,0,0,0,0,-0.5778391144511575,0.1321159439704858,0.8053864508166807,1.275833780371187,140,94
RECENT_ACTIVITY/## WeHo Auto (#weho-auto space)/p17,self,,1,1,0,0,0,0,0,0,0,0,-0.5778391144511575,0.1321159439704858,0.8053864508166807,1.275833780371187,140,94
RECENT_ACTIVITY/## WeHo Auto (#weho-auto space)/p18,self,,3,1,1,0,0,0,0,1,0,0,-0.6054445241124331,0.5036210801997973,0.6162813771327661,1.423002596535014,86,6
RECENT_ACTIVITY/## WeHo Auto (#weho-auto space)/p19,self,,1,1,0,0,0,0,0,0,0,0,-0.5778391144511575,0.1321159439704858,0.8053864508166807,1.275833780371187,140,94
RECENT_ACTIVITY/## WeHo Auto (#weho-auto space)/p20,self,,1,1,0,0,0,0,0,0,0,0,-0.5778391144511575,0.1321159439704858,0.8053864508166807,1.275833780371187,140,94
RECENT_ACTIVITY/## WeHo Auto (#weho-auto space)/p21,self,,0,0,0,0,0,0,0,0,0,0,-0.5017214028247111,-0.054836368536607234,0.863289410703804,1.1826875144105402,37,204
RECENT_ACTIVITY/## WeHo Auto (#weho-auto space)/p22,self,,0,0,0,0,0,0,0,0,0,0,-0.5017214028247111,-0.054836368536607234,0.863289410703804,1.1826875144105402,37,204
RECENT_ACTIVITY/## WeHo Auto (#weho-auto space)/p23,self,,3,1,0,0,0,0,0,1,1,0,-0.7511334269475812,0.35296648224518606,0.557864891648006,1.507491620600749,51,21
RECENT_ACTIVITY/## WeHo Auto (#weho-auto space)/p24,self,,1,1,0,0,0,0,0,0,0,0,-0.5778391144511575,0.1321159439704858,0.8053864508166807,1.275833780371187,140,94
RECENT_ACTIVITY/## WeHo Auto (#weho-auto space)/p25,self,,3,1,0,0,0,0,0,1,1,0,-0.7511334269475812,0.35296648224518606,0.557864891648006,1.507491620600749,51,21
RECENT_ACTIVITY/## WeHo Auto (#weho-auto space)/p26,self,,2,0,0,1,0,0,0,1,0,0,-0.7264949823185184,-0.07712874556953521,0.6828295521379296,1.4000265952123683,148,11
RECENT_ACTIVITY/## WeHo Auto (#weho-auto space)/p27,self,,6,1,1,1,1,0,0,1,1,0,0.47458234908824365,0.8781129722701578,0.06073880032362924,1.2124037665622445,168,1
RECENT_ACTIVITY/## 2026-08-04/p1,self,,1,0,0,0,0,0,0,1,0,0,-0.5960860636841963,0.015180040208573144,0.8027770369540639,1.2766694943962358,66,142
RECENT_ACTIVITY/## 2026-08-04/p2,self,,1,1,0,0,0,0,0,0,0,0,-0.5778391144511575,0.1321159439704858,0.8053864508166807,1.275833780371187,140,94
RECENT_ACTIVITY/## 2026-08-04/p3,self,,0,0,0,0,0,0,0,0,0,0,-0.5017214028247111,-0.054836368536607234,0.863289410703804,1.1826875144105402,37,204
RULES/## Constraints/p1,self,,0,0,0,0,0,0,0,0,0,0,-0.5017214028247111,-0.054836368536607234,0.863289410703804,1.1826875144105402,37,204
RULES/## Constraints/p2,self,,0,0,0,0,0,0,0,0,0,0,-0.5017214028247111,-0.054836368536607234,0.863289410703804,1.1826875144105402,37,204
RULES/## Constraints/p3,self,,0,0,0,0,0,0,0,0,0,0,-0.5017214028247111,-0.054836368536607234,0.863289410703804,1.1826875144105402,37,204
RULES/## Constraints/p4,self,,1,0,0,0,1,0,0,0,0,0,-0.6088675156318976,-0.020683551785226854,0.7930022314557436,1.2858206077380687,54,6
RULES/## Constraints/p5,self,,0,0,0,0,0,0,0,0,0,0,-0.5017214028247111,-0.054836368536607234,0.863289410703804,1.1826875144105402,37,204
RULES/## Constraints/p6,self,,1,1,0,0,0,0,0,0,0,0,-0.5778391144511575,0.1321159439704858,0.8053864508166807,1.275833780371187,140,94
RULES/## Constraints/p7,self,,3,1,0,0,0,1,0,1,0,0,-0.8298181344289954,-0.1677074221973474,0.5322368686146257,1.5162743506575107,102,14
RULES/## Constraints/p8,self,,4,1,1,0,0,0,0,1,0,1,-0.612258730657189,0.7355089634083785,0.29011344587933235,1.6010835083285084,92,2
RULES/## Constraints/p9,self,,2,1,1,0,0,0,0,0,0,0,-0.6694338349944625,0.2509991154376332,0.6991836558545491,1.3903207746615507,160,6
RULES/## Constraints/p10,self,,2,1,0,0,0,0,0,1,0,0,-0.6008005183007077,0.29940181353817663,0.741213391176692,1.3379289933199003,49,54
RULES/## Constraints/p11,self,,1,0,0,0,0,0,0,1,0,0,-0.5960860636841963,0.015180040208573144,0.8027770369540639,1.2766694943962358,66,142
RULES/## Autonomy/p1,self,,4,1,0,1,1,0,0,0,1,0,-0.9446888088617997,0.3212228046373356,-0.06617374246782591,1.8544500010109952,126,2
RULES/## Autonomy/p2,self,,0,0,0,0,0,0,0,0,0,0,-0.5017214028247111,-0.054836368536607234,0.863289410703804,1.1826875144105402,37,204
RULES/## Standards/p1,self,,3,1,1,0,0,0,0,0,1,0,-0.8446435171872179,0.2507434141950404,0.47297470240111206,1.5810054542249186,127,2
SAUNA_TOOLS/## Software & Apps/p1,self,,1,0,0,0,0,0,0,1,0,0,-0.5960860636841963,0.015180040208573144,0.8027770369540639,1.2766694943962358,66,142
SAUNA_TOOLS/## Software & Apps/p2,self,,1,0,0,0,0,0,0,0,1,0,-0.5610398352955238,-0.13987861894517217,0.8158849644242518,1.2364527230397757,53,33
SAUNA_TOOLS/## Software & Apps/p3,self,,0,0,0,0,0,0,0,0,0,0,-0.5017214028247111,-0.054836368536607234,0.863289410703804,1.1826875144105402,37,204
SAUNA_TOOLS/## Software & Apps/p4,self,,2,1,0,0,0,0,0,0,0,1,-0.7221856773841477,0.12896725364840622,0.6795699337578048,1.416072337122356,146,7
SAUNA_TOOLS/## Software & Apps/p5,self,,0,0,0,0,0,0,0,0,0,0,-0.5017214028247111,-0.054836368536607234,0.863289410703804,1.1826875144105402,37,204
SAUNA_TOOLS/## Software & Apps/p6,self,,1,0,0,0,1,0,0,0,0,0,-0.6088675156318976,-0.020683551785226854,0.7930022314557436,1.2858206077380687,54,6
SAUNA_TOOLS/## Software & Apps/p7,self,,0,0,0,0,0,0,0,0,0,0,-0.5017214028247111,-0.054836368536607234,0.863289410703804,1.1826875144105402,37,204
SAUNA_TOOLS/## Software & Apps/p8,self,,0,0,0,0,0,0,0,0,0,0,-0.5017214028247111,-0.054836368536607234,0.863289410703804,1.1826875144105402,37,204
SAUNA_TOOLS/## Software & Apps/p9,self,,0,0,0,0,0,0,0,0,0,0,-0.5017214028247111,-0.054836368536607234,0.863289410703804,1.1826875144105402,37,204
SAUNA_TOOLS/## Software & Apps/p10,self,,5,1,1,1,0,0,0,1,1,0,-0.3076418402614871,0.8732172545859979,-0.3779525425418097,1.7783625787143758,123,4
SAUNA_TOOLS/## Services & Accounts/p1,self,,0,0,0,0,0,0,0,0,0,0,-0.5017214028247111,-0.054836368536607234,0.863289410703804,1.1826875144105402,37,204
SAUNA_TOOLS/## Services & Accounts/p2,self,,0,0,0,0,0,0,0,0,0,0,-0.5017214028247111,-0.054836368536607234,0.863289410703804,1.1826875144105402,37,204
SAUNA_TOOLS/## Services & Accounts/p3,self,,0,0,0,0,0,0,0,0,0,0,-0.5017214028247111,-0.054836368536607234,0.863289410703804,1.1826875144105402,37,204
SAUNA_TOOLS/## Services & Accounts/p4,self,,3,1,0,1,0,0,0,1,0,0,-0.7520919793457366,0.3958769652210498,0.5269146828578457,1.526020784882963,144,3
SAUNA_TOOLS/## Services & Accounts/p5,self,,3,1,0,0,0,0,0,1,1,0,-0.7511334269475812,0.35296648224518606,0.557864891648006,1.507491620600749,51,21
SAUNA_TOOLS/## Services & Accounts/p6,self,,3,1,0,1,0,0,0,0,1,0,-0.8952789448229571,0.000052353234978671,0.4455060136696599,1.597388879690687,169,1
SAUNA_TOOLS/## Workflows/p1,self,,0,0,0,0,0,0,0,0,0,0,-0.5017214028247111,-0.054836368536607234,0.863289410703804,1.1826875144105402,37,204
SAUNA_TOOLS/## Workflows/p2,self,,0,0,0,0,0,0,0,0,0,0,-0.5017214028247111,-0.054836368536607234,0.863289410703804,1.1826875144105402,37,204
SAUNA_TOOLS/## Workflows/p3,self,,0,0,0,0,0,0,0,0,0,0,-0.5017214028247111,-0.054836368536607234,0.863289410703804,1.1826875144105402,37,204
SAUNA_TOOLS/## Workflows/p4,self,,0,0,0,0,0,0,0,0,0,0,-0.5017214028247111,-0.054836368536607234,0.863289410703804,1.1826875144105402,37,204
SAUNA_TOOLS/## Workflows/p5,self,,0,0,0,0,0,0,0,0,0,0,-0.5017214028247111,-0.054836368536607234,0.863289410703804,1.1826875144105402,37,204
SAUNA_TOOLS/## Workflows/p6,self,,0,0,0,0,0,0,0,0,0,0,-0.5017214028247111,-0.054836368536607234,0.863289410703804,1.1826875144105402,37,204
SAUNA_TOOLS/## Workflows/p7,self,,1,0,0,0,0,1,0,0,0,0,-0.4329862815815908,-0.26577854799682393,0.8613272568465759,1.1233489742653708,138,14
SAUNA_TOOLS/## Sauna Capabilities/p1,self,,6,1,1,1,0,1,0,1,0,1,0.4599452546138547,-0.8819437861865418,-0.10308016669148252,1.1553092662546258,130,2
SELF/## Soul/p1,self,,1,1,0,0,0,0,0,0,0,0,-0.5778391144511575,0.1321159439704858,0.8053864508166807,1.275833780371187,140,94
SELF/## Soul/p2,self,,5,1,1,0,0,1,0,1,0,1,-0.473877809209084,-0.7214403925371498,-0.5049391863928192,1.7928714356716302,170,1
SELF/## Soul/p3,self,,3,1,0,0,0,1,0,1,0,0,-0.8298181344289954,-0.1677074221973474,0.5322368686146257,1.5162743506575107,102,14
SELF/## Soul/p4,self,,1,0,0,0,0,0,0,1,0,0,-0.5960860636841963,0.015180040208573144,0.8027770369540639,1.2766694943962358,66,142
SELF/## Soul/p5,self,,4,0,1,0,1,0,0,1,1,0,-0.9809988110766195,0.18519317480702982,-0.0578344246202217,1.8560974420857028,71,2
SELF/## Soul/p6,self,,3,1,0,0,1,0,0,0,0,1,-0.7982355635416121,0.36826075270030123,0.4766592106715369,1.5678457089490192,171,2
SELF/## Soul/p7,self,,2,1,0,0,0,1,0,0,0,0,-0.6402949281510529,-0.22121136115598983,0.73558679887526,1.3170649622287025,172,1
SELF/## Strengths/p1,self,,4,1,1,0,1,0,0,1,0,0,-0.3927198808008858,0.7461637610904115,0.5375971882917072,1.3814761824318187,90,2
SELF/## Strengths/p2,self,,2,0,0,0,0,1,0,1,0,0,-0.5383545213092887,-0.3129243032280273,0.7824658394045713,1.2281809819055516,136,52
SELF/## Biases/p1,self,,4,1,0,1,0,0,0,1,1,0,-0.8938260779036965,0.44197770118705193,0.07570108395990226,1.786065070169808,128,4
SELF/## Biases/p2,self,,2,0,0,0,0,1,0,1,0,0,-0.5383545213092887,-0.3129243032280273,0.7824658394045713,1.2281809819055516,136,52
SELF/## Biases/p3,self,,3,0,0,0,1,1,0,1,0,0,-0.6536730776738033,-0.4257253227592268,0.6256752009517478,1.366622939072886,135,7
SELF/## Biases/p4,self,,2,0,0,0,0,1,0,1,0,0,-0.5383545213092887,-0.3129243032280273,0.7824658394045713,1.2281809819055516,136,52
SELF/## Biases/p5,self,,1,1,0,0,0,0,0,0,0,0,-0.5778391144511575,0.1321159439704858,0.8053864508166807,1.275833780371187,140,94
SELF/## Biases/p6,self,,2,0,0,0,0,1,0,1,0,0,-0.5383545213092887,-0.3129243032280273,0.7824658394045713,1.2281809819055516,136,52
SELF/## Biases/p7,self,,3,0,0,0,0,1,0,1,0,1,-0.5000918563931767,-0.4874275276881669,0.715767099286512,1.2310481200420809,152,6
SELF/## Growth edges/p1,self,,1,0,0,0,0,0,0,1,0,0,-0.5960860636841963,0.015180040208573144,0.8027770369540639,1.2766694943962358,66,142
SELF/## Growth edges/p2,self,,2,0,0,0,0,1,0,1,0,0,-0.5383545213092887,-0.3129243032280273,0.7824658394045713,1.2281809819055516,136,52
SELF/## Growth edges/p3,self,,2,0,0,0,0,1,0,1,0,0,-0.5383545213092887,-0.3129243032280273,0.7824658394045713,1.2281809819055516,136,52
SELF/## Growth edges/p4,self,,2,0,0,1,0,0,0,1,0,0,-0.7264949823185184,-0.07712874556953521,0.6828295521379296,1.4000265952123683,148,11
USER_PREFERENCES/## Task Handling/p1,self,,0,0,0,0,0,0,0,0,0,0,-0.5017214028247111,-0.054836368536607234,0.863289410703804,1.1826875144105402,37,204
USER_PREFERENCES/## Task Handling/p2,self,,2,0,0,0,0,1,0,1,0,0,-0.5383545213092887,-0.3129243032280273,0.7824658394045713,1.2281809819055516,136,52
USER_PREFERENCES/## Task Handling/p3,self,,8,1,1,1,1,1,0,1,1,1,0.7275151258712654,-0.3525856783370084,0.5885618753029698,0.2853112307133318,100,8
USER_PREFERENCES/## Task Handling/p4,self,,3,0,0,1,0,0,0,1,1,0,-0.8049735314025745,-0.29045828302378207,0.5173505577112536,1.5033130652184261,158,2
USER_PREFERENCES/## Task Handling/p5,self,,1,0,0,0,0,0,0,1,0,0,-0.5960860636841963,0.015180040208573144,0.8027770369540639,1.2766694943962358,66,142
USER_PREFERENCES/## Debug Observability/p1,self,,2,0,0,0,0,1,0,0,0,1,-0.41490112826807934,-0.37800813817332546,0.8276272719265665,1.123279897539104,173,1
USER_PREFERENCES/## Debug Observability/p2,self,,2,0,0,0,0,1,0,1,0,0,-0.5383545213092887,-0.3129243032280273,0.7824658394045713,1.2281809819055516,136,52
USER_PREFERENCES/## Debug Observability/p3,self,,5,1,0,1,0,1,0,1,0,1,-0.3237410824153176,-0.9460992080171903,0.0093808392910104,1.4864065696343238,112,3
USER_PREFERENCES/## Debug Observability/p4,self,,3,1,0,0,0,1,0,1,0,0,-0.8298181344289954,-0.1677074221973474,0.5322368686146257,1.5162743506575107,102,14
USER_PREFERENCES/## API Hygiene (2026-08-04)/p1,self,,3,1,0,0,1,0,0,0,0,1,-0.7982355635416121,0.36826075270030123,0.4766592106715369,1.5678457089490192,171,2
USER_PREFERENCES/## API Hygiene (2026-08-04)/p2,self,,1,0,0,0,0,1,0,0,0,0,-0.4329862815815908,-0.26577854799682393,0.8613272568465759,1.1233489742653708,138,14
USER_PROFILE/## Current Focus/p1,self,,6,1,1,1,0,0,0,1,1,1,0.7184766046847918,0.5217018003677579,-0.46002021696187806,1.3506598826538905,91,4
USER_PROFILE/## Current Focus/p2,self,,7,1,1,1,1,0,0,1,1,1,0.8350237949570541,0.45048507443561275,0.31590894189031754,0.7183122126338248,98,8
USER_PROFILE/## Current Focus/p3,self,,4,1,1,0,0,0,0,1,1,0,-0.6768850970441908,0.6759967795058832,0.29129867747236826,1.6233541999313932,74,7
USER_RELATIONSHIPS/## Work/p1,self,,3,0,0,0,0,1,0,1,1,0,-0.48357981010479223,-0.4692329101157117,0.738898533848426,1.2097536184447468,139,18
SELF-CHANGELOG/## 2026-07-31 — v0.1 — Initial self-portrait/line1,self,,3,0,0,0,1,1,0,1,0,0,-0.6536730776738033,-0.4257253227592268,0.6256752009517478,1.366622939072886,135,7
SELF-CHANGELOG/## 2026-07-31 — v0.1 — Initial self-portrait/line1,self,,3,0,0,0,0,1,0,1,1,0,-0.48357981010479223,-0.4692329101157117,0.738898533848426,1.2097536184447468,139,18
SELF-CHANGELOG/## 2026-07-31 — v0.1 — Initial self-portrait/line1,self,,2,1,0,0,0,0,0,1,0,0,-0.6008005183007077,0.29940181353817663,0.741213391176692,1.3379289933199003,49,54
SELF-CHANGELOG/## 2026-07-31 — v0.1 — Initial self-portrait/line1,self,,0,0,0,0,0,0,0,0,0,0,-0.5017214028247111,-0.054836368536607234,0.863289410703804,1.1826875144105402,37,204
SELF-CHANGELOG/## 2026-07-31 — v0.2 — Soul section rebuilt from corpus read/line1,self,,2,1,0,0,0,0,0,1,0,0,-0.6008005183007077,0.29940181353817663,0.741213391176692,1.3379289933199003,49,54
SELF-CHANGELOG/## 2026-07-31 — v0.2 — Soul section rebuilt from corpus read/line1,self,,0,0,0,0,0,0,0,0,0,0,-0.5017214028247111,-0.054836368536607234,0.863289410703804,1.1826875144105402,37,204
SELF-CHANGELOG/## 2026-07-31 — v0.2 — Soul section rebuilt from corpus read/line1,self,,2,0,0,0,0,1,0,1,0,0,-0.5383545213092887,-0.3129243032280273,0.7824658394045713,1.2281809819055516,136,52
SELF-CHANGELOG/## 2026-07-31 — v0.2 — Soul section rebuilt from corpus read/line1,self,,1,0,0,0,0,0,0,1,0,0,-0.5960860636841963,0.015180040208573144,0.8027770369540639,1.2766694943962358,66,142
SELF-CHANGELOG/## 2026-07-31 — v0.3 — SELF.md and SOUL.md published to yubi/line1,self,,1,0,0,0,0,0,0,1,0,0,-0.5960860636841963,0.015180040208573144,0.8027770369540639,1.2766694943962358,66,142
SELF-CHANGELOG/## 2026-07-31 — v0.3 — SELF.md and SOUL.md published to yubi/line1,self,,2,0,0,0,0,1,0,0,1,0,-0.4023636005195697,-0.36623862579534167,0.8390308706790638,1.1094367674918597,137,21
SELF-CHANGELOG/## 2026-07-31 — v0.3 — SELF.md and SOUL.md published to yubi/line1,self,,3,0,0,0,1,1,0,1,0,0,-0.6536730776738033,-0.4257253227592268,0.6256752009517478,1.366622939072886,135,7
SELF-CHANGELOG/## 2026-07-31 — v0.3 — SELF.md and SOUL.md published to yubi/line1,self,,1,0,0,0,0,1,0,0,0,0,-0.4329862815815908,-0.26577854799682393,0.8613272568465759,1.1233489742653708,138,14
SELF-CHANGELOG/## 2026-07-31 — v0.4 — SOUL.md designated canonical/line1,self,,1,0,0,0,0,0,0,0,1,0,-0.5610398352955238,-0.13987861894517217,0.8158849644242518,1.2364527230397757,53,33
SELF-CHANGELOG/## 2026-07-31 — v0.4 — SOUL.md designated canonical/line1,self,,3,1,0,0,0,0,0,1,1,0,-0.7511334269475812,0.35296648224518606,0.557864891648006,1.507491620600749,51,21
SELF-CHANGELOG/## 2026-07-31 — v0.4 — SOUL.md designated canonical/line1,self,,2,0,0,0,0,0,0,1,1,0,-0.7018896232496429,-0.08238197527065505,0.7075055949778628,1.3746634342830182,119,13
SELF-CHANGELOG/## 2026-07-31 — v0.4 — SOUL.md designated canonical/line1,self,,3,0,0,0,0,1,0,1,1,0,-0.48357981010479223,-0.4692329101157117,0.738898533848426,1.2097536184447468,139,18
SELF-CHANGELOG/## 2026-07-31 — v0.5 — External verification of SOUL.md 12-p/line1,self,,1,1,0,0,0,0,0,0,0,0,-0.5778391144511575,0.1321159439704858,0.8053864508166807,1.275833780371187,140,94
SELF-CHANGELOG/## 2026-07-31 — v0.5 — External verification of SOUL.md 12-p/line1,self,,2,1,0,0,0,0,0,1,0,0,-0.6008005183007077,0.29940181353817663,0.741213391176692,1.3379289933199003,49,54
SELF-CHANGELOG/## 2026-07-31 — v0.5 — External verification of SOUL.md 12-p/line1,self,,1,1,0,0,0,0,0,0,0,0,-0.5778391144511575,0.1321159439704858,0.8053864508166807,1.275833780371187,140,94
SELF-CHANGELOG/## 2026-07-31 — v0.5 — External verification of SOUL.md 12-p/line1,self,,1,1,0,0,0,0,0,0,0,0,-0.5778391144511575,0.1321159439704858,0.8053864508166807,1.275833780371187,140,94
SELF-CHANGELOG/## 2026-07-31 — v0.5 — External verification of SOUL.md 12-p/line1,self,,2,1,0,0,0,0,0,0,1,0,-0.7101469187495174,0.09692075921395618,0.6973505002679475,1.3985228770591065,141,9
SELF-CHANGELOG/## 2026-07-31 — v0.5 — External verification of SOUL.md 12-p/line1,self,,2,1,0,0,0,0,0,1,0,0,-0.6008005183007077,0.29940181353817663,0.741213391176692,1.3379289933199003,49,54
SELF-CHANGELOG/## 2026-07-31 — v0.5 — External verification of SOUL.md 12-p/line1,self,,3,1,0,0,0,1,0,1,0,0,-0.8298181344289954,-0.1677074221973474,0.5322368686146257,1.5162743506575107,102,14
SELF-CHANGELOG/## 2026-07-31 — v0.6 — OMN-53 Negative 2 GITHUB_TOKEN fix sh/line1,self,,1,1,0,0,0,0,0,0,0,0,-0.5778391144511575,0.1321159439704858,0.8053864508166807,1.275833780371187,140,94
SELF-CHANGELOG/## 2026-07-31 — v0.6 — OMN-53 Negative 2 GITHUB_TOKEN fix sh/line1,self,,1,1,0,0,0,0,0,0,0,0,-0.5778391144511575,0.1321159439704858,0.8053864508166807,1.275833780371187,140,94
SELF-CHANGELOG/## 2026-07-31 — v0.6 — OMN-53 Negative 2 GITHUB_TOKEN fix sh/line1,self,,4,1,1,0,0,0,0,1,1,0,-0.6768850970441908,0.6759967795058832,0.29129867747236826,1.6233541999313932,74,7
SELF-CHANGELOG/## 2026-07-31 — v0.6 — OMN-53 Negative 2 GITHUB_TOKEN fix sh/line1,self,,4,1,0,0,1,0,0,1,1,0,-0.6159943862391462,0.6979929927361184,0.3651803639479193,1.5653151948542585,164,3
SELF-CHANGELOG/## 2026-07-31 — v0.6 — OMN-53 Negative 2 GITHUB_TOKEN fix sh/line1,self,,1,1,0,0,0,0,0,0,0,0,-0.5778391144511575,0.1321159439704858,0.8053864508166807,1.275833780371187,140,94
SELF-CHANGELOG/## 2026-07-31 — v0.6 — OMN-53 Negative 2 GITHUB_TOKEN fix sh/line1,self,,2,1,0,0,0,0,0,1,0,0,-0.6008005183007077,0.29940181353817663,0.741213391176692,1.3379289933199003,49,54
SELF-CHANGELOG/## 2026-07-31 — v0.6 — OMN-53 Negative 2 GITHUB_TOKEN fix sh/line1,self,,1,1,0,0,0,0,0,0,0,0,-0.5778391144511575,0.1321159439704858,0.8053864508166807,1.275833780371187,140,94
SELF-CHANGELOG/## 2026-07-31 — v0.6 — OMN-53 Negative 2 GITHUB_TOKEN fix sh/line1,self,,2,1,0,0,0,0,0,1,0,0,-0.6008005183007077,0.29940181353817663,0.741213391176692,1.3379289933199003,49,54
SELF-CHANGELOG/## 2026-07-31 — v0.6 — OMN-53 Negative 2 GITHUB_TOKEN fix sh/line1,self,,2,1,0,0,0,0,0,1,0,0,-0.6008005183007077,0.29940181353817663,0.741213391176692,1.3379289933199003,49,54
SELF-CHANGELOG/## 2026-07-31 — v0.6 — OMN-53 Negative 2 GITHUB_TOKEN fix sh/line1,self,,1,1,0,0,0,0,0,0,0,0,-0.5778391144511575,0.1321159439704858,0.8053864508166807,1.275833780371187,140,94
SELF-CHANGELOG/## 2026-07-31 — v0.6 — OMN-53 Negative 2 GITHUB_TOKEN fix sh/line1,self,,2,1,0,0,0,0,0,1,0,0,-0.6008005183007077,0.29940181353817663,0.741213391176692,1.3379289933199003,49,54
SELF-CHANGELOG/## 2026-07-31 — v0.6 — OMN-53 Negative 2 GITHUB_TOKEN fix sh/line1,self,,4,1,1,0,0,0,0,1,1,0,-0.6768850970441908,0.6759967795058832,0.29129867747236826,1.6233541999313932,74,7
SELF-CHANGELOG/## 2026-07-31 — v0.6 — OMN-53 Negative 2 GITHUB_TOKEN fix sh/line1,self,,2,1,0,0,1,0,0,0,0,0,-0.6419289177264945,0.2807805065965045,0.7135051308168019,1.3717611618620351,156,2
SELF-CHANGELOG/## 2026-07-31 — v0.6 — OMN-53 Negative 2 GITHUB_TOKEN fix sh/line1,self,,1,1,0,0,0,0,0,0,0,0,-0.5778391144511575,0.1321159439704858,0.8053864508166807,1.275833780371187,140,94
SELF-CHANGELOG/## 2026-07-31 — v0.6 — OMN-53 Negative 2 GITHUB_TOKEN fix sh/line1,self,,2,1,0,0,0,0,0,1,0,0,-0.6008005183007077,0.29940181353817663,0.741213391176692,1.3379289933199003,49,54
SELF-CHANGELOG/## 2026-07-31 — v0.6 — OMN-53 Negative 2 GITHUB_TOKEN fix sh/line1,self,,1,1,0,0,0,0,0,0,0,0,-0.5778391144511575,0.1321159439704858,0.8053864508166807,1.275833780371187,140,94
SELF-CHANGELOG/## 2026-07-31 — v0.6 — OMN-53 Negative 2 GITHUB_TOKEN fix sh/line1,self,,3,1,0,0,0,1,0,1,0,0,-0.8298181344289954,-0.1677074221973474,0.5322368686146257,1.5162743506575107,102,14
SELF-CHANGELOG/## 2026-07-31 — v0.7 — `internal-nonlex-tokens` skill shippe/line1,self,,0,0,0,0,0,0,0,0,0,0,-0.5017214028247111,-0.054836368536607234,0.863289410703804,1.1826875144105402,37,204
SELF-CHANGELOG/## 2026-07-31 — v0.7 — `internal-nonlex-tokens` skill shippe/line1,self,,0,0,0,0,0,0,0,0,0,0,-0.5017214028247111,-0.054836368536607234,0.863289410703804,1.1826875144105402,37,204
SELF-CHANGELOG/## 2026-07-31 — v0.7 — `internal-nonlex-tokens` skill shippe/line1,self,,0,0,0,0,0,0,0,0,0,0,-0.5017214028247111,-0.054836368536607234,0.863289410703804,1.1826875144105402,37,204
SELF-CHANGELOG/## 2026-07-31 — v0.7 — `internal-nonlex-tokens` skill shippe/line1,self,,1,0,0,0,0,0,0,1,0,0,-0.5960860636841963,0.015180040208573144,0.8027770369540639,1.2766694943962358,66,142
SELF-CHANGELOG/## 2026-07-31 — v0.7 — `internal-nonlex-tokens` skill shippe/line1,self,,1,0,0,0,0,0,0,1,0,0,-0.5960860636841963,0.015180040208573144,0.8027770369540639,1.2766694943962358,66,142
SELF-CHANGELOG/## 2026-07-31 — v0.7 — `internal-nonlex-tokens` skill shippe/line1,self,,3,1,0,0,0,1,0,1,0,0,-0.8298181344289954,-0.1677074221973474,0.5322368686146257,1.5162743506575107,102,14
SELF-CHANGELOG/## 2026-07-31 — v0.7 — `internal-nonlex-tokens` skill shippe/line1,self,,1,0,0,0,0,0,0,1,0,0,-0.5960860636841963,0.015180040208573144,0.8027770369540639,1.2766694943962358,66,142
SELF-CHANGELOG/## 2026-07-31 — v0.7 — `internal-nonlex-tokens` skill shippe/line1,self,,1,0,0,0,0,0,0,1,0,0,-0.5960860636841963,0.015180040208573144,0.8027770369540639,1.2766694943962358,66,142
SELF-CHANGELOG/## 2026-07-31 — v0.7 — `internal-nonlex-tokens` skill shippe/line1,self,,0,0,0,0,0,0,0,0,0,0,-0.5017214028247111,-0.054836368536607234,0.863289410703804,1.1826875144105402,37,204
SELF-CHANGELOG/## 2026-07-31 — v0.7 — `internal-nonlex-tokens` skill shippe/line1,self,,0,0,0,0,0,0,0,0,0,0,-0.5017214028247111,-0.054836368536607234,0.863289410703804,1.1826875144105402,37,204
SELF-CHANGELOG/## 2026-07-31 — v0.7 — `internal-nonlex-tokens` skill shippe/line1,self,,1,1,0,0,0,0,0,0,0,0,-0.5778391144511575,0.1321159439704858,0.8053864508166807,1.275833780371187,140,94
SELF-CHANGELOG/## 2026-07-31 — v0.7 — `internal-nonlex-tokens` skill shippe/line1,self,,0,0,0,0,0,0,0,0,0,0,-0.5017214028247111,-0.054836368536607234,0.863289410703804,1.1826875144105402,37,204
SELF-CHANGELOG/## 2026-07-31 — v0.7 — `internal-nonlex-tokens` skill shippe/line1,self,,1,0,0,0,0,0,0,1,0,0,-0.5960860636841963,0.015180040208573144,0.8027770369540639,1.2766694943962358,66,142
SELF-CHANGELOG/## 2026-07-31 — v0.7 — `internal-nonlex-tokens` skill shippe/line1,self,,1,0,0,0,0,0,0,1,0,0,-0.5960860636841963,0.015180040208573144,0.8027770369540639,1.2766694943962358,66,142
SELF-CHANGELOG/## 2026-07-31 — v0.7 — `internal-nonlex-tokens` skill shippe/line1,self,,0,0,0,0,0,0,0,0,0,0,-0.5017214028247111,-0.054836368536607234,0.863289410703804,1.1826875144105402,37,204
SELF-CHANGELOG/## 2026-07-31 — v0.8 — ci_test-vgpu-vm: extract-script + sym/line1,self,,0,0,0,0,0,0,0,0,0,0,-0.5017214028247111,-0.054836368536607234,0.863289410703804,1.1826875144105402,37,204
SELF-CHANGELOG/## 2026-07-31 — v0.8 — ci_test-vgpu-vm: extract-script + sym/line1,self,,0,0,0,0,0,0,0,0,0,0,-0.5017214028247111,-0.054836368536607234,0.863289410703804,1.1826875144105402,37,204
SELF-CHANGELOG/## 2026-07-31 — v0.8 — ci_test-vgpu-vm: extract-script + sym/line1,self,,1,1,0,0,0,0,0,0,0,0,-0.5778391144511575,0.1321159439704858,0.8053864508166807,1.275833780371187,140,94
SELF-CHANGELOG/## 2026-07-31 — v0.8 — ci_test-vgpu-vm: extract-script + sym/line1,self,,1,0,0,0,0,0,0,1,0,0,-0.5960860636841963,0.015180040208573144,0.8027770369540639,1.2766694943962358,66,142
SELF-CHANGELOG/## 2026-07-31 — v0.8 — ci_test-vgpu-vm: extract-script + sym/line1,self,,1,0,1,0,0,0,0,0,0,0,-0.6081736362463723,-0.051041564889270606,0.7921613388878048,1.2832871074712857,52,8
SELF-CHANGELOG/## 2026-07-31 — v0.8 — ci_test-vgpu-vm: extract-script + sym/line1,self,,2,1,0,1,0,0,0,0,0,0,-0.7294493862000626,0.11695513062039715,0.6739622321717426,1.4214573087290328,174,1
SELF-CHANGELOG/## 2026-07-31 — v0.8 — ci_test-vgpu-vm: extract-script + sym/line1,self,,2,1,0,0,0,0,0,1,0,0,-0.6008005183007077,0.29940181353817663,0.741213391176692,1.3379289933199003,49,54
SELF-CHANGELOG/## 2026-07-31 — v0.8 — ci_test-vgpu-vm: extract-script + sym/line1,self,,0,0,0,0,0,0,0,0,0,0,-0.5017214028247111,-0.054836368536607234,0.863289410703804,1.1826875144105402,37,204
SELF-CHANGELOG/## 2026-07-31 — v0.8 — ci_test-vgpu-vm: extract-script + sym/line1,self,,1,1,0,0,0,0,0,0,0,0,-0.5778391144511575,0.1321159439704858,0.8053864508166807,1.275833780371187,140,94
SELF-CHANGELOG/## 2026-07-31 — v0.8 — ci_test-vgpu-vm: extract-script + sym/line1,self,,0,0,0,0,0,0,0,0,0,0,-0.5017214028247111,-0.054836368536607234,0.863289410703804,1.1826875144105402,37,204
SELF-CHANGELOG/## 2026-07-31 — v0.8 — ci_test-vgpu-vm: extract-script + sym/line1,self,,2,0,0,1,0,0,0,1,0,0,-0.7264949823185184,-0.07712874556953521,0.6828295521379296,1.4000265952123683,148,11
SELF-CHANGELOG/## 2026-07-31 — v0.8 — ci_test-vgpu-vm: extract-script + sym/line1,self,,1,1,0,0,0,0,0,0,0,0,-0.5778391144511575,0.1321159439704858,0.8053864508166807,1.275833780371187,140,94
SELF-CHANGELOG/## 2026-07-31 — v0.8 — ci_test-vgpu-vm: extract-script + sym/line1,self,,0,0,0,0,0,0,0,0,0,0,-0.5017214028247111,-0.054836368536607234,0.863289410703804,1.1826875144105402,37,204
SELF-CHANGELOG/## 2026-07-31 — v0.8 — ci_test-vgpu-vm: extract-script + sym/line1,self,,1,0,0,0,0,0,0,1,0,0,-0.5960860636841963,0.015180040208573144,0.8027770369540639,1.2766694943962358,66,142
SELF-CHANGELOG/## 2026-07-31 — v0.8 — ci_test-vgpu-vm: extract-script + sym/line1,self,,1,1,0,0,0,0,0,0,0,0,-0.5778391144511575,0.1321159439704858,0.8053864508166807,1.275833780371187,140,94
SELF-CHANGELOG/## 2026-07-31 — v0.8 — ci_test-vgpu-vm: extract-script + sym/line1,self,,1,1,0,0,0,0,0,0,0,0,-0.5778391144511575,0.1321159439704858,0.8053864508166807,1.275833780371187,140,94
SELF-CHANGELOG/## 2026-07-31 — v0.8 — ci_test-vgpu-vm: extract-script + sym/line1,self,,1,1,0,0,0,0,0,0,0,0,-0.5778391144511575,0.1321159439704858,0.8053864508166807,1.275833780371187,140,94
SELF-CHANGELOG/## 2026-07-31 — v0.8 — ci_test-vgpu-vm: extract-script + sym/line1,self,,1,0,0,0,0,0,0,1,0,0,-0.5960860636841963,0.015180040208573144,0.8027770369540639,1.2766694943962358,66,142
SELF-CHANGELOG/## 2026-07-31 — v0.8 — ci_test-vgpu-vm: extract-script + sym/line1,self,,1,1,0,0,0,0,0,0,0,0,-0.5778391144511575,0.1321159439704858,0.8053864508166807,1.275833780371187,140,94
SELF-CHANGELOG/## 2026-07-31 — v0.8 — ci_test-vgpu-vm: extract-script + sym/line1,self,,2,1,0,0,0,0,0,1,0,0,-0.6008005183007077,0.29940181353817663,0.741213391176692,1.3379289933199003,49,54
SELF-CHANGELOG/## 2026-08-01 — v0.9 — ci_test-vgpu-vm.yml: step 21 mkdir fi/line1,self,,2,1,0,0,0,0,0,1,0,0,-0.6008005183007077,0.29940181353817663,0.741213391176692,1.3379289933199003,49,54
SELF-CHANGELOG/## 2026-08-01 — v0.9 — ci_test-vgpu-vm.yml: step 21 mkdir fi/line1,self,,2,1,0,0,0,0,0,0,0,1,-0.7221856773841477,0.12896725364840622,0.6795699337578048,1.416072337122356,146,7
SELF-CHANGELOG/## 2026-08-01 — v0.9 — ci_test-vgpu-vm.yml: step 21 mkdir fi/line1,self,,1,1,0,0,0,0,0,0,0,0,-0.5778391144511575,0.1321159439704858,0.8053864508166807,1.275833780371187,140,94
SELF-CHANGELOG/## 2026-08-01 — v0.9 — ci_test-vgpu-vm.yml: step 21 mkdir fi/line1,self,,2,0,0,0,0,0,0,1,1,0,-0.7018896232496429,-0.08238197527065505,0.7075055949778628,1.3746634342830182,119,13
SELF-CHANGELOG/## 2026-08-01 — v0.9 — ci_test-vgpu-vm.yml: step 21 mkdir fi/line1,self,,2,0,0,0,0,0,0,1,1,0,-0.7018896232496429,-0.08238197527065505,0.7075055949778628,1.3746634342830182,119,13
SELF-CHANGELOG/## 2026-08-01 — v0.9 — ci_test-vgpu-vm.yml: step 21 mkdir fi/line1,self,,0,0,0,0,0,0,0,0,0,0,-0.5017214028247111,-0.054836368536607234,0.863289410703804,1.1826875144105402,37,204
SELF-CHANGELOG/## 2026-08-01 — v0.9 — ci_test-vgpu-vm.yml: step 21 mkdir fi/line1,self,,1,0,0,0,0,1,0,0,0,0,-0.4329862815815908,-0.26577854799682393,0.8613272568465759,1.1233489742653708,138,14
SELF-CHANGELOG/## 2026-08-01 — v0.9 — ci_test-vgpu-vm.yml: step 21 mkdir fi/line1,self,,1,0,1,0,0,0,0,0,0,0,-0.6081736362463723,-0.051041564889270606,0.7921613388878048,1.2832871074712857,52,8
SELF-CHANGELOG/## 2026-08-01 — v0.9 — ci_test-vgpu-vm.yml: step 21 mkdir fi/line1,self,,3,1,0,0,0,0,0,1,0,1,-0.7375852435255504,0.4043533192192485,0.5408016288526977,1.513542569655211,77,4
SELF-CHANGELOG/## 2026-08-01 — v0.9 — ci_test-vgpu-vm.yml: step 21 mkdir fi/line1,self,,1,1,0,0,0,0,0,0,0,0,-0.5778391144511575,0.1321159439704858,0.8053864508166807,1.275833780371187,140,94
SELF-CHANGELOG/## 2026-08-01 — v0.9 — ci_test-vgpu-vm.yml: step 21 mkdir fi/line1,self,,2,1,0,0,0,0,0,1,0,0,-0.6008005183007077,0.29940181353817663,0.741213391176692,1.3379289933199003,49,54
SELF-CHANGELOG/## 2026-08-01 — v0.9 — ci_test-vgpu-vm.yml: step 21 mkdir fi/line1,self,,0,0,0,0,0,0,0,0,0,0,-0.5017214028247111,-0.054836368536607234,0.863289410703804,1.1826875144105402,37,204
SELF-CHANGELOG/## 2026-08-01 — v0.9 — ci_test-vgpu-vm.yml: step 21 mkdir fi/line1,self,,1,1,0,0,0,0,0,0,0,0,-0.5778391144511575,0.1321159439704858,0.8053864508166807,1.275833780371187,140,94
SELF-CHANGELOG/## 2026-08-01 — v0.9 — ci_test-vgpu-vm.yml: step 21 mkdir fi/line1,self,,1,1,0,0,0,0,0,0,0,0,-0.5778391144511575,0.1321159439704858,0.8053864508166807,1.275833780371187,140,94
SELF-CHANGELOG/## 2026-08-01 — v0.9 — ci_test-vgpu-vm.yml: step 21 mkdir fi/line1,self,,1,0,0,0,0,1,0,0,0,0,-0.4329862815815908,-0.26577854799682393,0.8613272568465759,1.1233489742653708,138,14
SELF-CHANGELOG/## 2026-08-01 — v0.9 — ci_test-vgpu-vm.yml: step 21 mkdir fi/line1,self,,2,0,0,0,0,1,0,1,0,0,-0.5383545213092887,-0.3129243032280273,0.7824658394045713,1.2281809819055516,136,52
SELF-CHANGELOG/## 2026-08-01 — v0.11 — bootupd regression fix shipped (--co/line1,self,,1,0,0,0,0,0,0,0,1,0,-0.5610398352955238,-0.13987861894517217,0.8158849644242518,1.2364527230397757,53,33
SELF-CHANGELOG/## 2026-08-01 — v0.11 — bootupd regression fix shipped (--co/line1,self,,1,0,1,0,0,0,0,0,0,0,-0.6081736362463723,-0.051041564889270606,0.7921613388878048,1.2832871074712857,52,8
SELF-CHANGELOG/## 2026-08-01 — v0.11 — bootupd regression fix shipped (--co/line1,self,,3,1,0,0,1,0,0,1,0,0,-0.5625216293169523,0.5148744541610261,0.6468954420947691,1.387423558210774,65,10
SELF-CHANGELOG/## 2026-08-01 — v0.11 — bootupd regression fix shipped (--co/line1,self,,1,1,0,0,0,0,0,0,0,0,-0.5778391144511575,0.1321159439704858,0.8053864508166807,1.275833780371187,140,94
SELF-CHANGELOG/## 2026-08-01 — v0.11 — bootupd regression fix shipped (--co/line1,self,,0,0,0,0,0,0,0,0,0,0,-0.5017214028247111,-0.054836368536607234,0.863289410703804,1.1826875144105402,37,204
SELF-CHANGELOG/## 2026-08-01 — v0.11 — bootupd regression fix shipped (--co/line1,self,,0,0,0,0,0,0,0,0,0,0,-0.5017214028247111,-0.054836368536607234,0.863289410703804,1.1826875144105402,37,204
SELF-CHANGELOG/## 2026-08-01 — v0.11 — bootupd regression fix shipped (--co/line1,self,,0,0,0,0,0,0,0,0,0,0,-0.5017214028247111,-0.054836368536607234,0.863289410703804,1.1826875144105402,37,204
SELF-CHANGELOG/## 2026-08-01 — v0.11 — bootupd regression fix shipped (--co/line1,self,,2,1,0,0,0,0,0,0,0,1,-0.7221856773841477,0.12896725364840622,0.6795699337578048,1.416072337122356,146,7
SELF-CHANGELOG/## 2026-08-01 — v0.11 — bootupd regression fix shipped (--co/line1,self,,1,1,0,0,0,0,0,0,0,0,-0.5778391144511575,0.1321159439704858,0.8053864508166807,1.275833780371187,140,94
SELF-CHANGELOG/## 2026-08-01 — v0.11 — bootupd regression fix shipped (--co/line1,self,,0,0,0,0,0,0,0,0,0,0,-0.5017214028247111,-0.054836368536607234,0.863289410703804,1.1826875144105402,37,204
SELF-CHANGELOG/## 2026-08-01 — v0.11 — bootupd regression fix shipped (--co/line1,self,,0,0,0,0,0,0,0,0,0,0,-0.5017214028247111,-0.054836368536607234,0.863289410703804,1.1826875144105402,37,204
SELF-CHANGELOG/## 2026-08-01 — v0.11 — bootupd regression fix shipped (--co/line1,self,,0,0,0,0,0,0,0,0,0,0,-0.5017214028247111,-0.054836368536607234,0.863289410703804,1.1826875144105402,37,204
SELF-CHANGELOG/## 2026-08-01 — v0.11 — bootupd regression fix shipped (--co/line1,self,,2,1,0,0,0,0,0,1,0,0,-0.6008005183007077,0.29940181353817663,0.741213391176692,1.3379289933199003,49,54
SELF-CHANGELOG/## 2026-08-01 — v0.12 — ci_test-vgpu-vm: merge yubiOS pulls;/line1,self,,2,0,0,0,0,0,1,1,0,0,-0.70459894840369,0.15915149121028607,0.6915281084337472,1.4038809400913945,12,6
SELF-CHANGELOG/## 2026-08-01 — v0.12 — ci_test-vgpu-vm: merge yubiOS pulls;/line1,self,,1,0,0,0,0,0,1,0,0,0,-0.6110039576293869,0.007889096265978552,0.7915882300295607,1.2902259155583748,16,6
SELF-CHANGELOG/## 2026-08-01 — v0.12 — ci_test-vgpu-vm: merge yubiOS pulls;/line1,self,,1,0,0,0,0,0,0,1,0,0,-0.5960860636841963,0.015180040208573144,0.8027770369540639,1.2766694943962358,66,142
SELF-CHANGELOG/## 2026-08-01 — v0.12 — ci_test-vgpu-vm: merge yubiOS pulls;/line1,self,,0,0,0,0,0,0,0,0,0,0,-0.5017214028247111,-0.054836368536607234,0.863289410703804,1.1826875144105402,37,204
SELF-CHANGELOG/## 2026-08-01 — v0.12 — ci_test-vgpu-vm: merge yubiOS pulls;/line1,self,,0,0,0,0,0,0,0,0,0,0,-0.5017214028247111,-0.054836368536607234,0.863289410703804,1.1826875144105402,37,204
SELF-CHANGELOG/## 2026-08-01 — v0.12 — ci_test-vgpu-vm: merge yubiOS pulls;/line1,self,,2,1,0,0,0,0,0,1,0,0,-0.6008005183007077,0.29940181353817663,0.741213391176692,1.3379289933199003,49,54
SELF-CHANGELOG/## 2026-08-01 — v0.12 — ci_test-vgpu-vm: merge yubiOS pulls;/line1,self,,0,0,0,0,0,0,0,0,0,0,-0.5017214028247111,-0.054836368536607234,0.863289410703804,1.1826875144105402,37,204
SELF-CHANGELOG/## 2026-08-01 — v0.12 — ci_test-vgpu-vm: merge yubiOS pulls;/line1,self,,0,0,0,0,0,0,0,0,0,0,-0.5017214028247111,-0.054836368536607234,0.863289410703804,1.1826875144105402,37,204
SELF-CHANGELOG/## 2026-08-01 — v0.12 — ci_test-vgpu-vm: merge yubiOS pulls;/line1,self,,0,0,0,0,0,0,0,0,0,0,-0.5017214028247111,-0.054836368536607234,0.863289410703804,1.1826875144105402,37,204
SELF-CHANGELOG/## 2026-08-01 — v0.12 — ci_test-vgpu-vm: merge yubiOS pulls;/line1,self,,0,0,0,0,0,0,0,0,0,0,-0.5017214028247111,-0.054836368536607234,0.863289410703804,1.1826875144105402,37,204
SELF-CHANGELOG/## 2026-08-01 — v0.12 — ci_test-vgpu-vm: merge yubiOS pulls;/line1,self,,1,1,0,0,0,0,0,0,0,0,-0.5778391144511575,0.1321159439704858,0.8053864508166807,1.275833780371187,140,94
SELF-CHANGELOG/## 2026-08-01 — v0.12 — ci_test-vgpu-vm: merge yubiOS pulls;/line1,self,,1,1,0,0,0,0,0,0,0,0,-0.5778391144511575,0.1321159439704858,0.8053864508166807,1.275833780371187,140,94
SELF-CHANGELOG/## 2026-08-01 — v0.12 — ci_test-vgpu-vm: merge yubiOS pulls;/line1,self,,0,0,0,0,0,0,0,0,0,0,-0.5017214028247111,-0.054836368536607234,0.863289410703804,1.1826875144105402,37,204
SELF-CHANGELOG/## 2026-08-01 — v0.12 — ci_test-vgpu-vm: merge yubiOS pulls;/line1,self,,0,0,0,0,0,0,0,0,0,0,-0.5017214028247111,-0.054836368536607234,0.863289410703804,1.1826875144105402,37,204
SELF-CHANGELOG/## 2026-08-01 — v0.12 — ci_test-vgpu-vm: merge yubiOS pulls;/line1,self,,0,0,0,0,0,0,0,0,0,0,-0.5017214028247111,-0.054836368536607234,0.863289410703804,1.1826875144105402,37,204
SELF-CHANGELOG/## 2026-08-01 — v0.12 — ci_test-vgpu-vm: merge yubiOS pulls;/line1,self,,2,1,0,0,0,0,0,1,0,0,-0.6008005183007077,0.29940181353817663,0.741213391176692,1.3379289933199003,49,54
SELF-CHANGELOG/## 2026-08-01 — v0.13 — ci_test-vgpu-vm step 25: mount ESP a/line1,self,,2,0,0,0,0,0,0,1,1,0,-0.7018896232496429,-0.08238197527065505,0.7075055949778628,1.3746634342830182,119,13
SELF-CHANGELOG/## 2026-08-01 — v0.13 — ci_test-vgpu-vm step 25: mount ESP a/line1,self,,1,0,0,0,0,0,0,0,0,1,-0.5799792611303837,-0.13299044262204365,0.8037024317680314,1.2544535294548387,2,10
SELF-CHANGELOG/## 2026-08-01 — v0.13 — ci_test-vgpu-vm step 25: mount ESP a/line1,self,,1,0,0,0,0,0,0,1,0,0,-0.5960860636841963,0.015180040208573144,0.8027770369540639,1.2766694943962358,66,142
SELF-CHANGELOG/## 2026-08-01 — v0.13 — ci_test-vgpu-vm step 25: mount ESP a/line1,self,,0,0,0,0,0,0,0,0,0,0,-0.5017214028247111,-0.054836368536607234,0.863289410703804,1.1826875144105402,37,204
SELF-CHANGELOG/## 2026-08-01 — v0.13 — ci_test-vgpu-vm step 25: mount ESP a/line1,self,,0,0,0,0,0,0,0,0,0,0,-0.5017214028247111,-0.054836368536607234,0.863289410703804,1.1826875144105402,37,204
SELF-CHANGELOG/## 2026-08-01 — v0.13 — ci_test-vgpu-vm step 25: mount ESP a/line1,self,,0,0,0,0,0,0,0,0,0,0,-0.5017214028247111,-0.054836368536607234,0.863289410703804,1.1826875144105402,37,204
SELF-CHANGELOG/## 2026-08-01 — v0.13 — ci_test-vgpu-vm step 25: mount ESP a/line1,self,,1,1,0,0,0,0,0,0,0,0,-0.5778391144511575,0.1321159439704858,0.8053864508166807,1.275833780371187,140,94
SELF-CHANGELOG/## 2026-08-01 — v0.13 — ci_test-vgpu-vm step 25: mount ESP a/line1,self,,0,0,0,0,0,0,0,0,0,0,-0.5017214028247111,-0.054836368536607234,0.863289410703804,1.1826875144105402,37,204
SELF-CHANGELOG/## 2026-08-01 — v0.13 — ci_test-vgpu-vm step 25: mount ESP a/line1,self,,0,0,0,0,0,0,0,0,0,0,-0.5017214028247111,-0.054836368536607234,0.863289410703804,1.1826875144105402,37,204
SELF-CHANGELOG/## 2026-08-01 — v0.13 — ci_test-vgpu-vm step 25: mount ESP a/line-extra,self,,1,0,0,0,0,0,0,1,0,0,-0.5960860636841963,0.015180040208573144,0.8027770369540639,1.2766694943962358,66,142
SELF-CHANGELOG/## 2026-08-01 — v0.14 — ci_test-vgpu-vm step 25: systemd-cry/line1,self,,1,0,0,0,0,0,0,0,1,0,-0.5610398352955238,-0.13987861894517217,0.8158849644242518,1.2364527230397757,53,33
SELF-CHANGELOG/## 2026-08-01 — v0.14 — ci_test-vgpu-vm step 25: systemd-cry/line1,self,,2,1,0,0,0,0,0,1,0,0,-0.6008005183007077,0.29940181353817663,0.741213391176692,1.3379289933199003,49,54
SELF-CHANGELOG/## 2026-08-01 — v0.14 — ci_test-vgpu-vm step 25: systemd-cry/line1,self,,0,0,0,0,0,0,0,0,0,0,-0.5017214028247111,-0.054836368536607234,0.863289410703804,1.1826875144105402,37,204
SELF-CHANGELOG/## 2026-08-01 — v0.14 — ci_test-vgpu-vm step 25: systemd-cry/line1,self,,1,0,0,0,0,0,0,0,1,0,-0.5610398352955238,-0.13987861894517217,0.8158849644242518,1.2364527230397757,53,33
SELF-CHANGELOG/## 2026-08-01 — v0.14 — ci_test-vgpu-vm step 25: systemd-cry/line1,self,,0,0,0,0,0,0,0,0,0,0,-0.5017214028247111,-0.054836368536607234,0.863289410703804,1.1826875144105402,37,204
SELF-CHANGELOG/## 2026-08-01 — v0.14 — ci_test-vgpu-vm step 25: systemd-cry/line1,self,,0,0,0,0,0,0,0,0,0,0,-0.5017214028247111,-0.054836368536607234,0.863289410703804,1.1826875144105402,37,204
SELF-CHANGELOG/## 2026-08-01 — v0.14 — ci_test-vgpu-vm step 25: systemd-cry/line1,self,,1,1,0,0,0,0,0,0,0,0,-0.5778391144511575,0.1321159439704858,0.8053864508166807,1.275833780371187,140,94
SELF-CHANGELOG/## 2026-08-01 — v0.14 — ci_test-vgpu-vm step 25: systemd-cry/line1,self,,0,0,0,0,0,0,0,0,0,0,-0.5017214028247111,-0.054836368536607234,0.863289410703804,1.1826875144105402,37,204
SELF-CHANGELOG/## 2026-08-01 — v0.14 — ci_test-vgpu-vm step 25: systemd-cry/line1,self,,2,1,0,0,0,0,0,0,1,0,-0.7101469187495174,0.09692075921395618,0.6973505002679475,1.3985228770591065,141,9
SELF-CHANGELOG/## 2026-08-01 — v0.14 — ci_test-vgpu-vm step 25: systemd-cry/line1,self,,1,1,0,0,0,0,0,0,0,0,-0.5778391144511575,0.1321159439704858,0.8053864508166807,1.275833780371187,140,94
SELF-CHANGELOG/## 2026-08-01 — v0.14 — ci_test-vgpu-vm step 25: systemd-cry/line1,self,,1,1,0,0,0,0,0,0,0,0,-0.5778391144511575,0.1321159439704858,0.8053864508166807,1.275833780371187,140,94
SELF-CHANGELOG/## 2026-08-01 — v0.14 — ci_test-vgpu-vm step 25: systemd-cry/line1,self,,2,1,0,0,0,0,0,0,1,0,-0.7101469187495174,0.09692075921395618,0.6973505002679475,1.3985228770591065,141,9
SELF-CHANGELOG/## 2026-08-01 — v0.14 — ci_test-vgpu-vm step 25: systemd-cry/line-extra,self,,1,0,0,0,0,0,0,1,0,0,-0.5960860636841963,0.015180040208573144,0.8027770369540639,1.2766694943962358,66,142
SELF-CHANGELOG/## 2026-08-01 — v0.15 — `playbooks/` seeded from whole-self /line1,self,,1,0,0,0,0,0,0,1,0,0,-0.5960860636841963,0.015180040208573144,0.8027770369540639,1.2766694943962358,66,142
SELF-CHANGELOG/## 2026-08-01 — v0.15 — `playbooks/` seeded from whole-self /line1,self,,1,0,0,1,0,0,0,0,0,0,-0.5787841358302942,-0.14208247691681536,0.8030077794544472,1.2534053534761285,145,4
SELF-CHANGELOG/## 2026-08-01 — v0.15 — `playbooks/` seeded from whole-self /line1,self,,1,0,0,0,0,0,0,1,0,0,-0.5960860636841963,0.015180040208573144,0.8027770369540639,1.2766694943962358,66,142
SELF-CHANGELOG/## 2026-08-01 — v0.15 — `playbooks/` seeded from whole-self /line1,self,,3,1,0,0,1,0,0,1,0,0,-0.5625216293169523,0.5148744541610261,0.6468954420947691,1.387423558210774,65,10
SELF-CHANGELOG/## 2026-08-01 — v0.15 — `playbooks/` seeded from whole-self /line1,self,,3,1,1,0,0,0,0,1,0,0,-0.6054445241124331,0.5036210801997973,0.6162813771327661,1.423002596535014,86,6
SELF-CHANGELOG/## 2026-08-01 — v0.15 — `playbooks/` seeded from whole-self /line1,self,,0,0,0,0,0,0,0,0,0,0,-0.5017214028247111,-0.054836368536607234,0.863289410703804,1.1826875144105402,37,204
SELF-CHANGELOG/## 2026-08-01 — v0.15 — `playbooks/` seeded from whole-self /line1,self,,2,0,0,0,1,0,0,1,0,0,-0.7162932059255342,0.11808609098947546,0.6877352094082035,1.408171941072459,143,2
SELF-CHANGELOG/## 2026-08-01 — v0.15 — `playbooks/` seeded from whole-self /line1,self,,2,0,0,0,0,0,1,0,0,1,-0.742606398959762,-0.07992056835945462,0.6649424328294266,1.4167884216086413,69,2
SELF-CHANGELOG/## 2026-08-01 — v0.15 — `playbooks/` seeded from whole-self /line1,self,,1,1,0,0,0,0,0,0,0,0,-0.5778391144511575,0.1321159439704858,0.8053864508166807,1.275833780371187,140,94
SELF-CHANGELOG/## 2026-08-01 — v0.15 — `playbooks/` seeded from whole-self /line1,self,,1,0,0,0,1,0,0,0,0,0,-0.6088675156318976,-0.020683551785226854,0.7930022314557436,1.2858206077380687,54,6
SELF-CHANGELOG/## 2026-08-01 — v0.15 — `playbooks/` seeded from whole-self /line1,self,,0,0,0,0,0,0,0,0,0,0,-0.5017214028247111,-0.054836368536607234,0.863289410703804,1.1826875144105402,37,204
SELF-CHANGELOG/## 2026-08-01 — v0.15 — `playbooks/` seeded from whole-self /line1,self,,3,1,0,0,0,0,0,1,1,0,-0.7511334269475812,0.35296648224518606,0.557864891648006,1.507491620600749,51,21
SELF-CHANGELOG/## 2026-08-01 — v0.15 — `playbooks/` seeded from whole-self /line1,self,,2,0,0,0,0,0,0,1,0,1,-0.7252343251154728,-0.0626867829032916,0.6856424293489576,1.399107108932994,149,6
SELF-CHANGELOG/## 2026-08-01 — v0.15 — `playbooks/` seeded from whole-self /line1,self,,1,1,0,0,0,0,0,0,0,0,-0.5778391144511575,0.1321159439704858,0.8053864508166807,1.275833780371187,140,94
SELF-CHANGELOG/## 2026-08-01 — v0.15 — `playbooks/` seeded from whole-self /line1,self,,1,0,0,0,0,0,0,1,0,0,-0.5960860636841963,0.015180040208573144,0.8027770369540639,1.2766694943962358,66,142
SELF-CHANGELOG/## 2026-08-01 — v0.15 — `playbooks/` seeded from whole-self /line1,self,,0,0,0,0,0,0,0,0,0,0,-0.5017214028247111,-0.054836368536607234,0.863289410703804,1.1826875144105402,37,204
SELF-CHANGELOG/## 2026-08-01 — v0.15 — `playbooks/` seeded from whole-self /line1,self,,4,1,0,0,0,1,0,1,1,0,-0.810831126616705,-0.505078804639826,0.2957165622908014,1.5950196222510573,104,8
SELF-CHANGELOG/## 2026-08-01 — v0.15 — `playbooks/` seeded from whole-self /line1,self,,1,1,0,0,0,0,0,0,0,0,-0.5778391144511575,0.1321159439704858,0.8053864508166807,1.275833780371187,140,94
SELF-CHANGELOG/## 2026-08-01 — v0.15 — `playbooks/` seeded from whole-self /line1,self,,2,1,0,0,0,0,0,1,0,0,-0.6008005183007077,0.29940181353817663,0.741213391176692,1.3379289933199003,49,54
SELF-CHANGELOG/## 2026-08-01 — v0.15 — `playbooks/` seeded from whole-self /line1,self,,1,1,0,0,0,0,0,0,0,0,-0.5778391144511575,0.1321159439704858,0.8053864508166807,1.275833780371187,140,94
SELF-CHANGELOG/## 2026-08-01 — v0.15 — `playbooks/` seeded from whole-self /line1,self,,1,0,0,0,1,0,0,0,0,0,-0.6088675156318976,-0.020683551785226854,0.7930022314557436,1.2858206077380687,54,6
SELF-CHANGELOG/## 2026-08-01 — v0.15 — `playbooks/` seeded from whole-self /line1,self,,2,0,0,0,0,1,0,1,0,0,-0.5383545213092887,-0.3129243032280273,0.7824658394045713,1.2281809819055516,136,52
SELF-CHANGELOG/## 2026-08-01 — v0.15 — `playbooks/` seeded from whole-self /line1,self,,3,1,0,0,0,0,0,1,1,0,-0.7511334269475812,0.35296648224518606,0.557864891648006,1.507491620600749,51,21
SELF-CHANGELOG/## 2026-08-01 — v0.15 — `playbooks/` seeded from whole-self /line1,self,,2,1,0,0,0,0,0,1,0,0,-0.6008005183007077,0.29940181353817663,0.741213391176692,1.3379289933199003,49,54
SELF-CHANGELOG/## 2026-08-01 — v0.15 — `playbooks/` seeded from whole-self /line1,self,,0,0,0,0,0,0,0,0,0,0,-0.5017214028247111,-0.054836368536607234,0.863289410703804,1.1826875144105402,37,204
SELF-CHANGELOG/## 2026-08-01 — v0.15 — `playbooks/` seeded from whole-self /line1,self,,1,0,0,0,0,0,0,1,0,0,-0.5960860636841963,0.015180040208573144,0.8027770369540639,1.2766694943962358,66,142
SELF-CHANGELOG/## 2026-08-01 — v0.15 — `playbooks/` seeded from whole-self /line1,self,,3,1,0,0,0,0,0,1,1,0,-0.7511334269475812,0.35296648224518606,0.557864891648006,1.507491620600749,51,21
SELF-CHANGELOG/## 2026-08-01 — v0.15 — `playbooks/` seeded from whole-self /line1,self,,1,1,0,0,0,0,0,0,0,0,-0.5778391144511575,0.1321159439704858,0.8053864508166807,1.275833780371187,140,94
SELF-CHANGELOG/## 2026-08-01 — v0.15 — `playbooks/` seeded from whole-self /line1,self,,1,0,0,0,0,0,0,1,0,0,-0.5960860636841963,0.015180040208573144,0.8027770369540639,1.2766694943962358,66,142
SELF-CHANGELOG/## 2026-08-01 — v0.15 — `playbooks/` seeded from whole-self /line1,self,,0,0,0,0,0,0,0,0,0,0,-0.5017214028247111,-0.054836368536607234,0.863289410703804,1.1826875144105402,37,204
SELF-CHANGELOG/## 2026-08-01 — v0.15 — `playbooks/` seeded from whole-self /line1,self,,0,0,0,0,0,0,0,0,0,0,-0.5017214028247111,-0.054836368536607234,0.863289410703804,1.1826875144105402,37,204
SELF-CHANGELOG/## 2026-08-01 — v0.15 — `playbooks/` seeded from whole-self /line1,self,,1,0,0,0,0,0,0,1,0,0,-0.5960860636841963,0.015180040208573144,0.8027770369540639,1.2766694943962358,66,142
SELF-CHANGELOG/## 2026-08-01 — v0.15 — `playbooks/` seeded from whole-self /line1,self,,1,0,0,0,0,0,0,1,0,0,-0.5960860636841963,0.015180040208573144,0.8027770369540639,1.2766694943962358,66,142
SELF-CHANGELOG/## 2026-08-01 — v0.15 — `playbooks/` seeded from whole-self /line1,self,,2,1,0,0,0,0,0,0,0,1,-0.7221856773841477,0.12896725364840622,0.6795699337578048,1.416072337122356,146,7
SELF-CHANGELOG/## 2026-08-02 — v0.16 — First weekly Sunday cadence fire (12/line1,self,,4,0,0,0,1,1,0,1,1,0,-0.49933295879634737,-0.6648344590840007,0.5555733419398101,1.3073412867705605,103,2
SELF-CHANGELOG/## 2026-08-02 — v0.16 — First weekly Sunday cadence fire (12/line1,self,,3,0,0,1,0,1,0,0,1,0,-0.32553079603252677,-0.477924719955238,0.8158539470334973,1.066034860705897,175,1
SELF-CHANGELOG/## 2026-08-02 — v0.16 — First weekly Sunday cadence fire (12/line1,self,,3,0,0,0,0,1,0,1,1,0,-0.48357981010479223,-0.4692329101157117,0.738898533848426,1.2097536184447468,139,18
SELF-CHANGELOG/## 2026-08-02 — v0.16 — First weekly Sunday cadence fire (12/line1,self,,2,0,0,0,0,1,0,0,1,0,-0.4023636005195697,-0.36623862579534167,0.8390308706790638,1.1094367674918597,137,21
SELF-CHANGELOG/## 2026-08-02 — v0.16 — First weekly Sunday cadence fire (12/line1,self,,2,0,0,0,0,1,0,0,1,0,-0.4023636005195697,-0.36623862579534167,0.8390308706790638,1.1094367674918597,137,21
SELF-CHANGELOG/## 2026-08-02 — v0.16 — First weekly Sunday cadence fire (12/line1,self,,2,0,0,0,0,1,0,0,1,0,-0.4023636005195697,-0.36623862579534167,0.8390308706790638,1.1094367674918597,137,21
SELF-CHANGELOG/## 2026-08-02 — v0.16 — First weekly Sunday cadence fire (12/line1,self,,3,1,0,0,0,1,0,0,1,0,-0.6351374902692076,-0.42201516337344713,0.6469185190867663,1.3462829708825113,153,2
SELF-CHANGELOG/## 2026-08-02 — v0.16 — First weekly Sunday cadence fire (12/line1,self,,2,0,0,0,0,1,0,0,1,0,-0.4023636005195697,-0.36623862579534167,0.8390308706790638,1.1094367674918597,137,21
SELF-CHANGELOG/## 2026-08-02 — v0.16 — First weekly Sunday cadence fire (12/line1,self,,2,0,0,0,0,1,0,0,1,0,-0.4023636005195697,-0.36623862579534167,0.8390308706790638,1.1094367674918597,137,21
SELF-CHANGELOG/## 2026-08-02 — v0.16 — First weekly Sunday cadence fire (12/line1,self,,3,0,0,0,0,1,0,1,1,0,-0.48357981010479223,-0.4692329101157117,0.738898533848426,1.2097536184447468,139,18
SELF-CHANGELOG/## 2026-08-02 — v0.16 — First weekly Sunday cadence fire (12/line1,self,,2,0,0,0,0,1,0,0,1,0,-0.4023636005195697,-0.36623862579534167,0.8390308706790638,1.1094367674918597,137,21
SELF-CHANGELOG/## 2026-08-02 — v0.16 — First weekly Sunday cadence fire (12/line1,self,,2,0,0,0,0,1,0,0,1,0,-0.4023636005195697,-0.36623862579534167,0.8390308706790638,1.1094367674918597,137,21
SELF-CHANGELOG/## 2026-08-02 — v0.16 — First weekly Sunday cadence fire (12/line1,self,,2,0,0,0,0,1,0,0,1,0,-0.4023636005195697,-0.36623862579534167,0.8390308706790638,1.1094367674918597,137,21
SELF-CHANGELOG/## 2026-08-02 — v0.16 — First weekly Sunday cadence fire (12/line1,self,,2,0,0,0,0,1,0,0,1,0,-0.4023636005195697,-0.36623862579534167,0.8390308706790638,1.1094367674918597,137,21
SELF-CHANGELOG/## 2026-08-02 — v0.16 — First weekly Sunday cadence fire (12/line1,self,,3,0,0,0,0,1,0,1,1,0,-0.48357981010479223,-0.4692329101157117,0.738898533848426,1.2097536184447468,139,18
SELF-CHANGELOG/## 2026-08-02 — v0.16 — First weekly Sunday cadence fire (12/line1,self,,2,0,0,0,0,1,0,0,1,0,-0.4023636005195697,-0.36623862579534167,0.8390308706790638,1.1094367674918597,137,21
SELF-CHANGELOG/## 2026-08-02 — v0.16 — First weekly Sunday cadence fire (12/line1,self,,3,0,0,0,0,1,0,1,1,0,-0.48357981010479223,-0.4692329101157117,0.738898533848426,1.2097536184447468,139,18
SELF-CHANGELOG/## 2026-08-02 — v0.16 — First weekly Sunday cadence fire (12/line1,self,,4,0,0,0,0,1,0,1,1,1,-0.34490004279884895,-0.6291403259455974,0.6965819483351686,1.1415486756309758,151,2
SELF-CHANGELOG/## 2026-08-02 — v0.16 — First weekly Sunday cadence fire (12/line1,self,,3,0,0,0,0,1,0,1,1,0,-0.48357981010479223,-0.4692329101157117,0.738898533848426,1.2097536184447468,139,18
SELF-CHANGELOG/## 2026-08-02 — v0.16 — First weekly Sunday cadence fire (12/line1,self,,3,0,0,0,0,1,0,1,1,0,-0.48357981010479223,-0.4692329101157117,0.738898533848426,1.2097536184447468,139,18
SELF-CHANGELOG/## 2026-08-02 — v0.16 — First weekly Sunday cadence fire (12/line1,self,,2,0,0,0,0,1,0,0,1,0,-0.4023636005195697,-0.36623862579534167,0.8390308706790638,1.1094367674918597,137,21
SELF-CHANGELOG/## 2026-08-02 — v0.16 — First weekly Sunday cadence fire (12/line1,self,,2,0,0,0,0,1,0,0,1,0,-0.4023636005195697,-0.36623862579534167,0.8390308706790638,1.1094367674918597,137,21
SELF-CHANGELOG/## 2026-08-02 — v0.16 — First weekly Sunday cadence fire (12/line1,self,,3,0,0,0,0,1,0,1,1,0,-0.48357981010479223,-0.4692329101157117,0.738898533848426,1.2097536184447468,139,18
SELF-CHANGELOG/## 2026-08-02 — v0.16 — First weekly Sunday cadence fire (12/line1,self,,2,0,0,0,0,1,0,0,1,0,-0.4023636005195697,-0.36623862579534167,0.8390308706790638,1.1094367674918597,137,21
SELF-CHANGELOG/## 2026-08-02 — v0.16 — First weekly Sunday cadence fire (12/line1,self,,3,0,0,0,0,1,0,1,1,0,-0.48357981010479223,-0.4692329101157117,0.738898533848426,1.2097536184447468,139,18
SELF-CHANGELOG/## 2026-08-02 — v0.16 — First weekly Sunday cadence fire (12/line1,self,,2,0,0,0,0,1,0,0,1,0,-0.4023636005195697,-0.36623862579534167,0.8390308706790638,1.1094367674918597,137,21
SELF-CHANGELOG/## 2026-08-02 — v0.16 — First weekly Sunday cadence fire (12/line1,self,,3,0,0,0,0,1,0,1,1,0,-0.48357981010479223,-0.4692329101157117,0.738898533848426,1.2097536184447468,139,18
SELF-CHANGELOG/## 2026-08-02 — v0.16 — First weekly Sunday cadence fire (12/line1,self,,2,0,0,0,0,1,0,0,1,0,-0.4023636005195697,-0.36623862579534167,0.8390308706790638,1.1094367674918597,137,21
SELF-CHANGELOG/## 2026-08-02 — v0.16 — First weekly Sunday cadence fire (12/line1,self,,2,0,0,0,0,1,0,0,1,0,-0.4023636005195697,-0.36623862579534167,0.8390308706790638,1.1094367674918597,137,21
